rainfall_24h,rainfall_72h,soil_moisture,slope,elevation,historical_landslide_count,target
23.463404498842955,73.49080670134379,20.24276593018754,20.220717689649213,883.8518711073722,2,0
150.50607154587604,214.6442465917305,27.496277965376766,28.49958211587996,1107.3253464739155,1,0
65.83728467727246,258.6277818679171,57.77637820527427,52.20274615322797,468.173449271565,0,1
45.64712768879766,87.19933664170154,26.522533473879424,37.63144996573957,610.7478375290821,1,0
8.481243523117314,212.23421558249953,72.25268610406604,5.576189284272385,1934.376922028368,1,0
8.479814595730259,17.706084811663086,48.57759418339328,3.457346454712919,1631.6153732727419,1,0
2.991938430434034,152.95994310503872,51.71189407889051,29.03534324821131,1991.5865075904735,1,0
100.56154322399698,288.65185118653164,44.43254064784212,11.808890776877924,1714.0143897008368,2,0
45.954107681363226,66.02111257438509,65.45695677087446,39.728201214494966,2204.3386011475955,1,0
61.562503085229515,117.8352085413479,65.66319775554021,30.63394597447469,2378.2139981549944,0,0
1.0399653999569312,19.13219198542756,56.70108703824343,32.480771535357945,0.0,0,0
175.1778737579156,297.8011223869697,61.295782118152964,19.398852275364703,645.6903495856375,0,1
89.32147716773375,165.9680813184733,45.75820660159149,56.12075482930059,1268.624042509961,1,1
11.93438126244735,112.80880120415968,60.84406013818097,72.6389059201569,1477.322474512659,0,1
10.033949437483168,31.910136797020442,43.242444490523866,25.82122914364928,829.9094261819665,0,0
10.130571141612853,33.92404424498231,50.04463244324804,35.29558872622501,2412.0236709883056,3,0
18.137686473023855,22.375979094356495,44.50712501267405,31.46126014596469,3479.9483682905984,1,0
37.19639154304272,76.06715208667475,40.85562921361608,26.10469704838397,1686.161955581734,0,0
28.27685333901683,110.31689386269818,36.217764045564195,17.51894298400805,1584.3410321982112,2,0
17.211149627697075,212.3581470537611,59.35380207717771,13.725480187792844,2349.456255104331,1,0
47.318543694989934,157.25803741835549,76.21211825626926,12.966041017117139,0.0,1,0
7.511726436366933,64.67485156803708,73.42203943339119,36.07860038323718,1528.4689404384105,0,0
17.275775600120113,323.2924329865549,24.868693281091293,22.20488282694547,2479.0358254675166,3,0
22.81386091104235,149.84121996097318,75.78406102813747,0.0,856.8460027988882,1,0
30.446734392988752,296.6090211042163,43.636829967641425,36.672873308974836,273.4394200980346,0,0
76.8968005515456,151.88717417181113,62.014660302911835,29.42608076303766,1314.1943899002217,1,1
11.136793106434514,41.09934092789794,31.87569335905578,50.20009502101719,1439.3145667980793,0,0
36.10145775165638,41.528776671509476,52.83959827748011,35.59683595636514,591.3477180845416,1,0
44.875236065488025,174.36892581571144,56.27446365793814,7.819896055345541,3596.161276050951,1,0
2.3781924878204275,15.309707322908956,20.307904161606945,0.0,1021.3036189920543,2,0
46.7666510324805,82.83138025623819,62.165343326883786,19.20791423493094,346.3406485734313,0,0
9.348062598870822,85.3774329052902,76.9187001567663,20.62338868959521,1406.3786809293886,0,0
3.363196543965212,86.4700934390508,46.507041086367444,44.1473880150025,2407.860637704491,1,0
148.68438967534655,240.45936850007152,77.20336261656026,29.8669360156564,1517.414248998231,0,1
168.53151712305862,186.7143246226356,46.20613013095185,47.005327471477635,1985.5939200440023,3,1
82.61657864064384,130.37781364072006,66.99169062093235,10.127504164460479,628.4894056668428,1,0
18.164392998437915,114.18714688247488,5.6286006809780105,44.47896576570672,2987.688446403514,0,0
5.138865750125312,355.1926864029716,98.37555558626927,40.8148373014638,2061.7110279184435,2,1
57.63753815493309,187.69734015258607,79.90916490485914,0.0,2547.7015688776096,2,0
29.004542129269918,284.8862462122925,44.30748991492642,49.839267618911585,1865.1606324751692,3,1
6.507611697722432,150.1452120785576,10.558219467123642,31.401877376495293,2324.8840377287843,2,0
34.177361406707504,123.75682554511438,55.76056736610978,35.88066755802758,626.9474403227726,0,0
1.7496860721739542,23.07190037994823,21.121489058524862,17.02655831357366,1008.5895833104375,0,0
120.02114436965118,229.88806896641967,58.89707075114976,49.12870519382959,2846.48059555603,1,1
14.972888842034305,112.62462933840352,58.231314383285635,12.212215061416952,3059.741947283964,0,0
54.31278992824902,146.56106885796814,31.171936619959503,42.48138027560919,352.9344002809232,0,0
18.677329082881183,85.96980655222073,72.41934047228756,42.30911213863007,1749.7360678638122,0,0
36.70554479546143,111.92238199899768,66.11149405612346,15.387488577416669,1069.0561995147725,1,0
39.561189899089875,80.2742183413081,69.51646674577127,59.75060399133861,802.9685306351384,0,1
10.219429975395288,83.47326086830181,50.177154073377906,33.472927203262785,1784.83969535545,2,0
174.64035663681133,196.64966571696138,21.68951866172587,39.80838915406537,2640.962932365408,0,1
74.61226885690704,238.177315459078,69.55744544422275,7.093188069963663,1951.6624732841938,1,0
140.25472096457912,160.80681487330136,44.592572017284176,61.76595004512848,1180.487550080965,1,1
112.60759987670983,121.48703715014946,22.204397136146618,11.631645896623652,2014.86117993516,0,0
45.55272061916375,102.86645457913195,77.04078731948653,45.37329649148896,1140.023826419099,0,1
127.47176896347025,234.85615817725898,91.9881504100502,15.078424231024568,1912.1143007306018,0,1
4.6327729476557815,62.20774152399646,49.17503742041594,20.715167957284763,2896.465700455733,6,1
10.906734731563372,43.307339549111035,93.18242309206583,41.83131065828171,0.0,0,0
2.314098284341598,83.9973748635271,51.82629457222699,45.41329070512736,2297.2522985400333,1,0
19.67660434015434,62.294776954886686,42.390881916672974,10.93073626328847,0.0,3,0
24.60651458971093,294.7154978562316,37.39083091629045,46.35708253585491,2728.3277105444613,2,1
15.828022160441286,271.763208913012,82.74164815985485,45.67470742699791,862.9743901271393,2,1
88.22789326204669,158.01810398922834,34.39712237224457,15.930698867326614,282.32862239351607,1,0
22.061349976493506,61.793782517339224,64.70538619949974,53.97971390386665,2195.2692270887474,1,1
16.49014200671246,150.10062687779538,38.81672329881583,8.147135576279428,1864.1700631424108,0,0
39.1203541603873,42.86073675192303,40.79386474851274,20.628411258335767,500.8130970383419,1,0
7.594907391031443,71.98661985790962,70.60499387939134,37.18503936137983,247.00024283160633,1,0
81.02417978873656,122.02020855991164,42.399263074212925,17.196505729460903,1312.5185125087178,3,0
3.8737934405654504,257.1187678570148,41.904092411594135,33.957286285190115,295.9130498288034,1,0
216.70731697936597,217.91488150738,72.65609394349615,33.616141182049425,438.5270270763724,0,1
73.97418881207557,154.45245099439543,81.94794586443246,27.193885951159192,1615.6207904214336,0,0
11.076972025294298,146.03988655949104,62.89379606568467,42.48600807885839,534.1283657449032,1,1
0.2768710187967737,66.63920163474866,36.90460448752101,26.574588110135412,1926.5392900265429,1,0
84.4948388743063,93.42201696083316,39.78783001404841,33.47311603220709,2990.143595883477,1,0
61.35479536935223,420.57142137027785,51.59830527480075,47.19707816231854,1351.4445850994175,1,1
65.28314543939995,138.2664261418849,56.41860123851315,41.860293150387605,1630.1510619855846,1,1
73.76072630217567,169.00077872145735,30.24268179720456,41.79025936221313,3518.096732835487,0,0
3.8464632756898176,30.84505861648575,64.46075879159727,12.762305966748297,312.3988826226532,1,0
22.194633620811626,88.26226191965881,51.71026659279198,37.87188863251983,2691.235195180742,0,0
6.157505230222482,62.220296318838635,15.685833627237415,16.82251813545743,2570.857597912482,2,0
99.42647858291113,107.21137303969935,31.42147035078539,10.778775303329606,2354.3173391737832,0,0
48.815059585618705,60.03794821370752,39.91742652696672,28.924404805725473,2791.7478507326314,0,0
20.09094006256505,201.78175820971754,48.5428462231789,16.435572200226154,1780.574965958619,1,0
3.2834032902391446,30.703400167037934,87.78557591007993,41.85926578259966,917.0705044007326,1,0
18.624417520517685,40.31053414645592,54.763426122792566,42.21803189542986,2594.5732912205676,1,0
19.665710659206567,89.9675752640415,33.1845622020275,1.4606064535283707,2632.842211712895,2,0
65.39378919788705,211.81813897265505,54.41261608614327,17.57546190634665,2605.3139014932876,0,0
50.744467946301,57.13929946239865,42.95824505092238,8.103199921230019,1544.5020823192365,1,0
109.11259562007574,195.10550685148908,56.495164790670835,23.06056085110664,783.8054863866735,0,0
31.95330666881549,44.646961641813355,61.611353740712296,36.82763504803236,1691.362254111611,3,1
6.368619680775095,10.082856407750231,74.18461294447876,26.365678527324174,2442.2300175678356,0,0
62.45631721582997,67.87490166352593,49.51427008659948,21.153611389992967,2524.3517898599657,0,0
71.5196376538432,251.1952959820244,82.77921055199667,49.50264790219709,1070.323872925405,1,1
41.19437474429144,53.74757732042878,68.16045325072383,0.0,1815.37289612739,1,0
73.69449833606822,78.31474311908268,35.85120910375625,48.55307840277337,191.2216955140441,0,0
34.0407365755139,91.6482673951669,94.19711331496927,21.835675602667713,2484.950103005851,3,1
36.98394193886335,222.7696845471293,56.53989026540195,28.82836484830816,716.6912432749365,1,0
27.890709695421368,58.327206017019456,33.2975099205553,22.089549934198374,2285.255359571547,0,0
1.2873886995056865,56.05582193562772,83.05826102460844,53.143321583086774,350.69542260983826,1,1
5.708371759593292,9.782502012578181,91.55555170396889,11.535322547921108,2531.415906434008,0,0
1.5966840646526912,61.212981452166545,49.33949472560879,30.176045545829037,1821.8351900227703,0,0
50.58647754637747,136.76982899508172,39.926994792488074,37.91157977789995,718.6423043830538,1,0
18.869835439754993,103.47800799981994,46.55250085092676,5.834958481722488,2191.3563810805254,0,0
35.52185885670951,75.93246588472118,64.29463455035399,16.201527443307697,909.6383081946693,1,0
119.06327649229877,156.97478746585296,75.55713310061029,27.777321997526563,2249.555037445128,2,1
14.336941149164916,25.611671904044655,61.409746617271466,16.70002447973438,1225.8885246192785,1,0
26.41409874413363,72.11072862506266,52.034464169435395,17.76612343171275,0.0,1,0
70.43745737692917,80.91737679674505,79.96023540608854,24.752060053853437,517.5837595190629,2,1
12.990257845869701,158.48867628980668,43.743270538969554,39.743719974692596,1069.5852913127155,1,0
4.0052139275088185,342.95471934946795,70.61838676733814,24.859233346827835,2868.1890237485777,1,1
17.107015194352854,368.0113023145433,44.238744032974424,46.1763929170942,2401.143630529225,1,1
8.790417925003142,209.09114805688588,58.62045916021786,15.033633260109678,3123.8614123221423,2,0
132.74750429403124,224.57481116955955,47.72874870419097,11.221166092898212,3153.6352160298584,2,1
82.54435402422847,203.23061735843817,48.882956346943786,58.895181085817015,965.249195409085,0,1
50.174709526026554,83.75077088977662,42.4522696507558,20.130628085017328,1311.5131402411705,1,0
102.57598652604065,202.2096526114134,76.89708062361389,10.336319893917604,1088.7200756694615,1,1
81.39844703702782,142.21464993225788,35.3414792378293,3.869190873422543,828.4893946989234,0,0
10.324773817931954,76.10612499350988,35.195354949025834,46.126551807134085,0.0,2,0
111.54067026177805,253.33013771915137,92.41987131690219,24.88043228009911,1485.2522819831577,1,1
38.7549950983086,71.87219565142519,69.55695129308663,26.194353974004024,214.43440628888948,2,0
82.36741456517831,120.6457850140782,2.297726026139273,27.611974326200407,1465.8281184656726,0,0
113.21213246431157,371.7623741270129,38.69482521579193,45.194143270046716,3615.7708095629846,0,1
19.136535820915924,24.92320997549859,13.760213248758916,27.307052490361194,990.6549036692915,0,0
5.829608006192542,72.31168648858959,30.986186131694897,65.1608066824894,1694.7740056280672,0,0
12.934337306969068,256.89035001682606,0.0,32.00640861081344,2406.6483858092834,1,0
27.85288463743072,122.10686089634072,47.260208446121155,45.92677150437481,1780.291291965907,2,1
85.19148633194725,164.246998571544,27.16116361677377,42.0785978685661,1792.4841879422959,1,0
98.56724859399166,127.30135221902944,51.19810513592877,29.453290196129434,1137.59756631192,1,0
0.34882045908253234,42.397886666941886,17.497574822349506,21.195435209693052,1268.1220249387675,1,0
35.74380796692779,226.83082722227317,51.6582370634408,34.9794589284983,539.9894778121718,2,1
27.013666045933565,108.9341816224779,41.701674437593454,37.6514809681091,2346.0450088894077,0,0
12.558366913791225,84.86586391457755,80.03905930377192,21.411209278102092,0.0,0,0
6.3840195772823405,16.87338354786666,78.2271372349125,32.495082989259835,2471.088338382202,1,0
20.595428993121622,22.2112286554158,65.70691206020567,48.54307467389394,96.30161525475751,0,0
143.15605613455747,474.709015712637,43.46772438677575,61.04921608604518,2462.607274076652,2,1
19.51919014407372,66.83784584900053,89.70760790520586,42.81553980524132,1146.182473787819,1,1
36.5726402880076,129.00822255908653,18.939294443203586,57.94139529570423,268.13131186691976,0,0
60.70434884404274,69.01154422702719,21.928827408726747,20.55938683190316,2079.2986450796366,3,0
22.598724948348117,137.5201342377937,48.32433800221871,40.52823378088941,2428.767535075775,1,0
178.38990691458497,448.0515516042674,95.08076217842239,50.07779262871908,1061.9213518964632,0,1
164.1004932270699,249.82375698626151,45.95322186259825,16.555000005420062,2220.610548678933,1,1
14.503064749610264,27.983750732653334,46.33509513581436,22.716148319324862,0.0,1,0
34.382963923192364,121.54375052869283,21.161792877763816,56.06857142752875,179.4037102533996,0,0
17.89652300395234,163.28843122966794,68.91859170540756,15.373517163195901,2792.408930468729,1,0
16.762483819054086,68.92022838174213,69.06352508658708,9.88304951016434,1276.3307258020839,1,0
1.8792238882761265,213.77045878598244,65.7815040279982,52.91972360459267,0.0,2,1
47.02460354912966,151.63122319193883,37.415586543052754,47.95144837470658,801.1338195580063,1,0
34.925981641481926,264.43621580442027,35.86586463253988,36.481803659756544,576.5995274749192,1,1
2.642554369019624,100.32768824305262,24.137554991900593,29.314338680312588,1334.0382685270752,1,0
16.331296050518468,30.4056552346108,51.67745003521867,23.42213241592527,1129.2490161923527,1,0
119.44304755446701,156.50474612191647,28.391853414429967,34.22923310713577,1678.9317289381609,0,0
13.693027607103852,36.232003353406064,26.451669895014227,53.69710436102325,1430.5339483874252,1,0
7.8265430492734875,247.3256399752037,41.526185661786485,33.57849189213114,2859.7392550370187,1,0
33.613605473681815,176.49207483102657,40.21687649631568,62.504389008704486,1924.548599719669,2,1
212.20184913076298,325.02605446669776,39.2404294235609,16.530870215396543,1957.6716111935862,0,1
13.85724067798631,49.66287610432358,59.32889193680523,29.70478868507596,2665.1571238945216,2,0
55.75775051486467,76.09732983805596,51.580956043005585,24.404119985041266,1111.2312495704182,1,0
71.69438131197315,212.93812990689514,44.23687938977765,13.722876852565008,238.12255664151485,1,0
13.566658616790289,77.84209748412499,53.66025856622964,27.703744004855167,2706.9703246322492,1,0
65.1374464246158,90.72860101494922,30.169459177907356,36.25993952490659,1635.8417481081124,0,0
22.9261399632152,118.79951740205891,52.10557247819356,37.86345269928045,1639.3512078989284,1,0
50.02518738658856,54.142169151381296,53.01204985689267,62.55678268416834,866.6700784697637,1,1
50.19189135688191,89.6696716112225,19.939062812850388,36.967012045853394,883.1446668964226,1,0
38.36926249761744,101.58519453996712,69.91387508740723,47.25205205519424,2346.7223387708436,0,1
4.7314579405810475,20.743442912691727,32.37132589546009,30.99141369448464,2484.6557981376104,0,0
90.18223971231485,507.8753944353683,51.8061959841287,55.17083400678893,2283.8234057466584,0,1
19.34051468336983,42.79855561296407,73.2882348107054,65.97673928382105,2292.961605445475,0,1
10.321605330377826,24.288409963706364,68.51353515427739,37.96627696463925,2069.029537259759,2,0
2.0814879897172602,24.838681440099087,50.68666777137671,15.11011476822628,1631.5227300781567,2,0
44.68892022972917,191.24914514955836,42.75001994235863,21.767924658342473,1324.6203156790193,1,0
56.592586713367446,112.01908996533146,68.95023817151134,34.22901454807743,2710.323849941553,1,0
0.836347377923531,84.17293624467628,63.493899556172394,36.847470528759686,1126.2791295095662,0,0
35.88152922747442,38.004828217804146,37.6326995991174,40.47637701576558,1869.979213880747,2,0
12.841207352747883,16.34501072094129,34.10212705996619,36.90296521845062,695.9870020457535,1,0
51.806217077384595,110.83379205677863,8.552896366080034,30.10477374383908,840.7009631495496,1,0
9.580211126956687,179.21890928251463,53.08063683367175,20.45702338196807,1263.8454321427735,0,0
58.71062637838595,275.2008780940416,48.34604509963203,36.01707391896344,696.0616232728364,0,0
24.44793504905509,33.51774068615042,72.72382749285084,57.824810362209845,2297.8518254783003,1,1
138.01719089021535,215.31485410952038,57.18110186960733,45.29892908141632,151.96574845497048,2,1
7.3972206719639475,251.84629303591834,76.68458388345381,38.02055924454297,1599.229623381073,1,1
20.856621699758588,69.95446955006342,36.05271544167658,45.44350385734127,1632.5080968421812,1,0
6.022214251849821,182.96283074202557,72.76300661935237,24.434039566487215,0.0,0,0
129.30951985753617,143.6614192397218,39.4216724179069,22.376022808750193,1058.9761794763913,1,0
104.9166853580497,378.86224261517714,65.55192123584544,18.78322343451027,1755.6995380481428,4,1
14.916368503074445,154.1167584714667,20.82483214938613,28.120700658458432,1928.7279932940683,1,0
53.93813695219573,337.5283001164758,54.70270598732377,23.669911549363796,1295.692791399834,0,0
84.97420363196106,197.8660658238207,10.306241171081801,48.12412110978209,2176.8882044807156,2,1
40.506618034325406,85.66861210585645,44.657250281164906,22.870148734767167,1390.6837427639591,0,0
37.713970509697305,316.0687014308852,58.80707987755827,17.959174256626255,1513.6529120750567,0,0
13.843852271895157,46.08042130069,39.58062897537808,59.138657682459474,1751.6538689865538,0,0
4.886307023747037,45.25884755989928,28.991247424880655,23.229371533779847,2426.9996287341687,1,0
113.75616125972614,234.42327809074283,66.92236938591867,32.302926858755264,824.2819975844681,1,1
115.33872138242134,260.29038407009705,47.93074420306153,36.76984237115117,1013.1781274817025,0,1
50.13349597414424,315.2109441747247,40.208587059386566,12.949603216187771,831.1035082707853,1,0
20.702325490566196,43.6187908047269,50.83791842308553,48.53225654254604,1167.8022838580666,0,0
21.478380790582197,181.42616628965527,100.0,39.55678560616841,2926.234258079765,3,1
64.7232714863559,198.87298382670173,73.07005699563088,53.37576017821172,2072.725319329822,1,1
113.70486745536262,120.29690099607829,73.2514733637568,19.811670941728494,368.910254831158,1,1
109.05662846983066,158.03207090385914,58.71092637984728,31.4868868871424,899.5530344113254,1,1
75.67810959654516,108.91334707681003,53.32970545154294,30.59033632491293,1872.7672242764022,0,0
51.36553467838525,87.67658464944381,2.0783542333916785,33.958327415250324,593.4922190672296,0,0
4.394586309804203,411.53679377766804,36.42039307073736,8.180778771342585,774.6599591852431,2,0
8.814710734170575,111.75433071815067,40.38851173595051,31.662545680383335,2844.959666174149,0,0
114.41152500887529,240.881574039403,12.50215871904934,8.603041328643823,886.6243715268133,1,0
46.624697348279476,422.2020245710259,26.851684195691327,35.37501106795382,2454.6668160293866,0,0
0.46198028054972046,47.815250383837125,10.383270581547322,0.0,2755.323189530938,2,0
5.349845071797466,167.2179794604179,49.23352328605255,2.226197485641201,766.5379088310357,1,0
54.45811936451205,111.46809324242327,66.37531941697632,42.278230746599974,610.0374434428586,1,1
0.25372185258985014,203.91773256093063,72.13549037248657,21.79742317207826,1223.867913518835,1,0
8.765790805209953,28.691104810132927,58.295689241584824,15.182128895516387,411.37227932637506,0,0
39.78489230694658,334.83435650278534,30.73207317602862,49.06268431613322,1621.0338785027425,0,1
58.86576433274063,83.55455084109174,11.35869682960081,34.91439325992622,1294.3480881466135,1,0
52.77207410676243,92.25731243592931,14.862626011969965,43.081352933006755,1860.5800158863017,1,0
12.697493365401225,153.83501425556042,24.62034845491003,27.506368915187544,2896.943456232821,2,0
62.27086444492694,112.31799621483064,32.22280603928651,70.19443040850004,2317.4849807703195,1,1
13.541187952640296,107.24446905979579,46.80503004016827,20.932292091603074,1989.2397754123563,1,0
19.681745445904223,78.48364482724041,29.716715637460634,56.167433240398324,0.0,1,0
68.61787758328953,204.2409363550183,56.77951787336523,29.07950939850131,1943.3759821023752,1,1
52.43869071513841,78.35868115703893,45.354529944010544,5.182344076308809,3222.6276607045493,2,0
94.59780387317005,100.6214347390631,50.210914234820514,37.24273118622163,0.0,0,0
53.590664408488124,89.24807323569549,72.8050110534241,34.72143842182746,2189.3825429756253,1,0
42.00221527936287,106.30632066207849,26.3953653159926,14.230172786411554,1340.6414252435357,0,0
4.917853072420524,23.31254703686954,58.374091565847365,16.166710842979278,650.2049969770553,0,0
22.920815360351003,66.73988855628659,49.720535430478535,29.629535353725117,2301.1285839119537,2,0
15.408007392941558,66.48773952518718,43.3302743806061,35.24621722871972,3209.7059006073305,2,0
13.985010183121064,19.895471336759755,67.7051264173192,0.0,2275.2307288377538,1,0
180.61547030814629,268.1560838037025,67.58028309114015,45.79682178785704,1128.8080487384736,1,1
24.969374852001188,240.68238135589368,31.07018408023144,22.58253039277534,556.5301755918437,0,0
111.30276056242614,127.75991260733977,46.35678832284152,10.023787734027355,1644.6276337895438,0,0
49.86671928682416,140.94929186325237,55.62423365168131,44.11599827177896,2373.169292381588,0,1
79.19126263441999,188.4759183566172,44.53986503954831,29.645730308723156,1112.9469737662723,2,1
34.921766219438524,89.27983923303198,61.70042664575597,48.24248665173381,1209.6170083492034,0,0
43.00779513207925,163.77160893302238,55.623840358205506,36.56928394469633,4322.000249838398,1,0
33.914671667084676,86.80201322924984,86.65122480712026,29.97728245577931,2578.6519459597257,0,0
10.860744766261925,81.10724808466813,19.394417281404248,27.70905082529766,2650.128678393632,2,0
64.0880901532902,64.8261112974249,47.55128020505205,37.240691408342066,39.71409394118791,1,0
16.478868418313148,134.15358724861426,31.82994976975618,23.797031117860048,792.8113207065396,1,0
1.2308240540344306,109.5074775742147,62.08214910878088,17.211411168802506,1574.681639454239,0,0
51.848439314763695,55.76420207102543,17.65656219908911,39.14863683981966,498.8624421148504,2,0
9.746678511241134,55.672848782251265,56.92625420449773,27.83268237833356,3100.3972988892942,0,0
141.05415736366515,527.5291793707174,37.39903137303318,30.503514721035092,2910.312306590645,3,1
153.87812063940117,208.47791243501976,35.31676267757972,46.34069754231912,966.4546626159463,2,1
123.17549423169207,192.88005220338283,21.070035929186254,28.291850883963885,3283.918606607485,0,0
23.114369824868337,263.8313587401167,40.69848107597988,30.225508883126857,1495.747903280058,0,0
0.7788657685972191,127.10228238475266,71.69001060581851,21.00525732823602,4089.3897173890487,1,0
131.7761728665945,219.0203367008744,49.49622632941041,36.46109900972776,1644.6861305250363,0,0
27.946913852653065,187.7990263223309,62.55360835748949,35.24741869020132,2076.192750328422,1,1
170.0421008061028,369.82181700270297,83.2928364393255,43.511626976858366,2899.9034411695584,1,1
165.68677380651027,226.7307588957751,55.27511169645152,21.31306744489686,2777.6333498078093,1,1
95.86935085897095,160.32569556795457,38.824008558753185,23.132745456147212,2010.7320661358935,1,0
17.438803408608013,66.22313454498847,59.3450443036558,41.882060987182044,1358.8596805561642,3,1
24.31459660493468,364.5528249984834,39.114077073714164,33.78319505044295,2014.1326999931193,1,1
95.23633262390399,214.69346443270217,39.91154633405661,16.40672810710958,683.815828123885,3,0
19.057311571535855,27.74642085300441,19.602144007620304,49.59831101601751,1652.133718864116,1,0
9.28593081478774,208.03389843804675,68.52514982168785,4.5232414739962366,390.69246750200523,2,0
40.68684960301139,106.18723529129579,42.27994848701121,41.764271298956274,0.0,3,0
137.5646735403521,144.68784395167808,53.64196491631724,11.02181946002705,1550.426764139443,2,0
59.541279887896856,139.3292370548965,29.280761427867212,58.286827747282906,2762.277890671672,3,1
42.205616821782776,96.19060826770709,58.71895259430945,6.831004096415651,2425.8046415960594,0,0
5.111409867466144,215.27963811142791,34.761175237298325,47.28375977809122,1418.0877042743919,1,0
47.726535775885885,70.54146715344011,47.165825565963516,28.77548459983134,3246.9896981754964,2,0
230.52848739231587,405.66585944473024,67.55652062478252,24.50096145241884,930.9386091534263,1,1
7.546029332113208,89.12016195565559,65.81518624465059,32.780949847016416,0.0,0,0
36.524766249075185,42.14057214315157,49.55939854966119,39.478505087367196,0.0,2,0
104.93043189503972,461.9345341662361,14.637379345865632,16.433992465036958,318.80905940428283,0,0
67.5017124176835,139.371853882793,100.0,17.763184122471415,2316.6247432622285,0,0
59.70372126508365,94.07632908059239,84.91717940546272,39.74407297669329,865.1973165326136,0,1
60.61437781122449,123.99035102896713,64.45349649776597,4.389855695256003,1960.9586418573022,1,0
22.274617115747457,217.3673369204703,34.935924368180586,21.23656360211872,3146.2833835839774,1,0
17.37810421335476,53.74850958906793,47.728156765960705,75.6103043123916,399.90303742219385,1,1
82.86872536298561,104.27179490398957,39.13159140446966,15.479805531160787,1978.4997317958898,2,0
83.06640995435144,96.88592040210297,75.27711878192777,47.217041876396294,2038.963072655722,3,1
100.89750236839575,136.25966315016544,55.25005781703668,21.210738469292817,639.2620115268968,1,0
122.23079809183182,273.66543148943697,34.31672283280334,37.635677171957155,2854.210925245083,3,1
35.80466184664519,99.59982223270012,40.58489801750436,39.81533535894326,1212.2929444505235,1,0
34.809218877559964,60.61916452804397,72.4237628513981,46.93435102774421,1116.2470190869908,0,0
80.04749661542438,98.2218689457829,82.00195693640956,26.996192597808363,3611.613218417973,0,0
52.48595374439001,92.94192702935305,80.56663126972491,59.833269581322796,2022.766742366718,2,1
60.52753242557585,341.7426382813565,65.14064130107955,21.159951531222294,2425.2905496854983,1,1
79.43097374771024,121.44216572335104,44.947502623947265,33.5133062039934,2854.892931521839,3,1
110.36617381733835,553.6903855915699,0.0,33.679153983264115,849.5260005407831,2,1
20.62412035688271,87.02771689624018,55.943200476164435,13.170478200758769,2749.8210970536793,1,0
23.546839436377816,43.29002406974281,49.96342482311799,25.711916175313192,998.1058850023301,0,0
4.934801959368028,226.70414887954485,52.79964192642707,32.42270248857611,955.3766106617027,1,0
43.170701330471736,104.85514677681655,51.07794694066413,23.518184353058704,1228.0000276918638,0,0
1.83020521054285,125.5043751544481,23.47475676101686,66.61385948184802,877.9351650550452,2,1
31.33034740910548,443.06045242033764,61.14817113702371,17.42064489600704,2322.156432657163,1,1
39.1147292843563,44.26251835521492,62.644326280637,47.69136702210642,1767.2106551450556,2,1
16.881533015726124,27.05098624041132,63.64677564119319,42.8468971972318,1008.7755853828871,0,0
44.68162650730876,172.14144922829604,68.93154007146774,29.79206798243593,2174.505033154822,0,0
1.5487531050737273,34.652954268075874,62.08103289843247,17.0218641922163,1224.817562613654,1,0
1.903174964139469,22.27421008967387,41.799411769221784,18.476170194123448,1171.9296296353234,0,0
86.46756847690679,90.48331915890681,48.583263041678194,22.230490511752354,1548.6838849015437,0,0
22.329251210387234,24.538139712260097,51.82249734506754,3.2138807708060533,1963.4603556662173,0,0
6.7944520648713995,155.73157984679423,52.15398898213237,14.948018613010642,1889.8476493774197,0,0
36.93267941395078,51.369778334621216,69.96435311943459,7.762852269545363,1136.7508177471695,2,0
73.48239702228676,136.54107397615726,62.87337506044982,50.18812504766575,2347.1112074394023,2,1
12.155900171495167,105.27015152790578,91.54686879139906,39.27693588582328,1277.605848920344,1,0
48.760980932824644,104.68413221023081,94.12937959769344,41.789611482981904,845.0155113912809,2,1
4.460551449494864,7.208632915525387,51.5929916522785,38.832479273129216,31.978351232648492,0,0
2.6532547955154704,155.67042198786876,0.0,32.50451435001245,2483.1784809990213,0,0
37.89544703127605,38.95233492144059,74.73664932254533,51.910204981937056,1512.3900761940076,1,1
38.89552213473711,182.3977304971648,39.19247322025891,20.83856016402394,1710.8723585105147,1,0
50.7268724102308,274.5044961766014,33.97032156337986,31.600044830505674,2545.8029156995153,1,0
64.74802814583421,121.4593970381436,42.03109450021266,41.20588241736185,1022.593768402184,1,1
186.17785043499964,262.8663667575013,41.06713906370787,10.181861522158066,125.60075152587137,1,0
36.31455596151781,101.12876209593985,62.245396202107855,76.44883344213824,1569.7807022152185,1,1
19.50098570529894,68.80096731756613,18.81128441747549,30.428486441663793,1807.9615520802954,4,0
79.28269898663432,297.69584753796465,28.445585084167966,32.129841758633894,1237.1509338396272,2,1
15.792573271806864,240.16148564018263,56.86317108394833,48.853170475123825,2973.737578076169,0,1
28.899171563665067,69.81883241030233,62.45888060826616,43.724329995153354,0.0,0,0
4.085258429183495,99.55457246600882,62.83083289872024,30.57117029094689,2620.056637899783,1,0
1.2838804770737189,262.88691716762185,34.25927442133402,31.95194157147063,2291.1536503642255,2,0
164.3689961634301,491.53997128793304,30.434687014675198,7.437772035780316,1956.7707777004593,0,1
90.38838210575312,161.51115549954358,39.86730332424162,21.653013332250357,0.0,0,0
59.53213663996708,119.8307611395418,54.797455045694505,37.7581532423844,2783.8887832702685,0,0
26.292982223257095,58.96220814207635,79.70954738545099,36.6583925856433,473.5658893641148,0,0
9.515326807105437,328.62163090137966,9.051256284584994,48.31748625006131,992.3080216166132,2,0
8.506037078642708,23.916107374756166,45.58542486083267,28.19248412665013,1329.4073352099313,1,0
14.40029945632918,101.10978732559911,23.346431179495927,9.190702298537005,1907.4180346519754,0,0
39.83953241566573,73.04477172187097,16.955146452930208,45.85095646163517,2139.42804219255,1,0
62.692464388838786,95.40522840536201,69.33913290689634,51.54134019273024,2392.8405543192966,2,1
53.969517484839926,105.88362553527442,60.892491489986774,43.47366859284344,2315.853510078516,1,0
16.420613069449796,688.377029221827,58.988670318945246,27.54549493713763,1752.9272042131258,3,1
154.90517492781532,160.55864472643867,68.42051679461987,45.66579077814869,1915.9226590575909,0,1
66.95087024376132,153.35434217195234,40.40562206467728,81.43365717012321,409.2462841777535,3,1
40.411524096566566,49.02965894718396,41.347249673329436,31.727284716607134,748.9731931809778,2,0
47.30152360187175,64.08669832643605,93.71461233445149,10.32394961632313,2395.4602236748324,1,0
27.20189327660257,85.10572713005519,45.06857891480851,21.205724256717723,2337.2094867286814,0,0
14.233064613703176,85.66200187562818,64.70264226108182,39.38214000456077,2223.799416444421,0,0
22.00070646615562,51.94816069273102,50.1276308192663,5.92793533652906,985.5832383434725,2,0
70.90909238783566,108.95568286551374,13.034829398431697,32.54104612368104,2410.4921319436958,0,0
0.7249039860402138,9.823231650778139,9.107419923974632,35.70504975473824,338.75554751964205,0,0
6.169019611998802,42.29754423955076,38.42031560120191,53.02682609718978,2577.359809862273,1,0
2.3547188476260263,342.15030110887693,71.12202503339978,49.652922840814504,1239.12919875411,1,1
2.0790725958646212,291.59065894539697,65.76583313272008,42.96877187627656,3184.1704063406323,2,1
96.71015168078293,137.48867495302608,68.28154328448068,0.0,0.0,3,0
60.812030585034414,145.40782489781998,30.259076421273694,43.81579692071888,3263.4040459185217,1,0
32.13922972064462,272.4852326804042,82.31744980244628,40.582700790903694,1138.5356708365382,2,1
5.147845922390663,5.7681480885846295,30.702133996272313,33.8391656561752,1120.5207439882558,2,0
33.82589828986166,200.25944157654737,54.25648797339937,4.046668107817716,1694.8388189855968,1,0
32.07251660471856,328.436888432982,49.79295420184527,18.348391362194093,802.9210871993032,2,0
9.509735640011248,19.08659490264543,46.52252359370827,12.497658456989004,1427.670998697693,1,0
28.444956565116193,46.05278753733579,76.77184276591214,0.0,762.3737347291454,1,0
25.416830729160345,349.18779495734304,35.89778959668079,29.95627272877808,798.936469020813,1,0
47.836121645656725,124.95567393135153,23.007894885761438,18.032668178358307,1986.885950300572,4,0
50.405726802045606,51.83556387299652,50.399909724128385,69.37958370403368,598.4345046964839,0,1
2.3181162010267364,32.10913622320931,42.00346531426947,27.468420908431355,731.8057649945177,1,0
23.469200232753078,83.2426597906485,100.0,49.4062973379894,127.208750253591,0,1
49.15624973913643,167.21733660353357,63.5301495287995,6.4635146296016295,996.0693200386606,0,0
34.97197263038949,167.082719453761,41.813188495627514,22.048656209926953,2811.602029723922,1,0
97.06747265877193,635.7061395084769,28.87776861625827,31.45346814051472,654.0663598970316,3,1
53.74873820274989,87.64784674237123,12.394231788624303,16.377690770884946,768.3667348127588,0,0
8.892643438365367,86.15933467745401,29.49561828525134,23.666989727928836,1693.9219464815355,2,0
3.659121812812042,79.8710301522586,52.29883543518263,26.73073640634692,1129.2035662004735,0,0
51.41970735544456,103.44760051128816,78.54657303189539,26.491380218326583,3728.15443334965,0,0
1.3434536333697213,19.87548575414862,72.43378284775838,57.82677859553019,1337.4720353237433,2,1
44.067368890364534,423.2984994581715,54.58189663292759,35.67339428147265,1835.2183462173716,1,1
140.8627727693576,332.81104835814347,43.53664668595031,37.19265844411955,2443.768784799322,1,1
42.83912227887722,111.82100052048733,55.37624712824309,38.09482161517606,2424.5778658628506,2,1
24.56503461119536,117.00877287258429,39.62724005030848,39.18939566005669,1733.2875815573793,2,0
51.541357892249096,77.32275811806187,84.36727991527752,28.75669524187702,1338.8725133139988,0,0
30.647798702554564,109.12736145856475,46.2161963744984,25.188804427817306,3524.0285363792573,1,0
39.44071802881601,158.17527632652636,48.27324283506546,32.50224089277416,1400.2397246857333,1,0
141.90635731164997,214.30144089024225,5.683551499586635,47.35205923370209,1058.3098955715195,3,1
24.396376367509358,487.80655189054306,46.09130306954472,46.89357282654576,854.1510117059815,1,1
162.4545930753377,256.96005457389174,66.72968275929883,26.394022864673833,0.0,0,1
117.87880918849596,164.2370322658644,28.645548459229097,41.51765542002167,2321.615752237163,0,0
10.8948130470225,158.80247906885313,34.98559331014374,27.081230054404983,0.0,2,0
3.594207765157851,22.28290540300304,65.85422035467329,30.508058241528662,1494.2771590950792,3,0
5.311266774081511,53.84586938838485,20.466855529638934,22.89714927668704,1295.1393657286148,2,0
0.9194943923616852,43.53102324773865,71.15602015083837,27.2753229164065,3739.965192231448,0,0
4.960250582787707,61.4896802457994,39.35712219653796,50.1199510432452,0.0,0,0
57.44374362885836,209.668818935701,42.22863559017594,31.386317210088546,598.896713015643,1,0
3.692481347321351,69.89087168607031,27.52243189748812,32.02923762828477,1363.9035413183506,2,0
19.207859414743425,177.202785372255,57.56092520855766,8.291733311130624,1302.4706625308318,2,0
93.17630200486386,179.09385825425568,99.19743970058761,25.361341385509057,950.4554091899552,2,1
1.1773501590355755,43.042937861087985,65.62994478921264,26.380276443829068,1419.0120905978326,1,0
84.22652530929793,250.28845908220654,32.71429476118928,17.562847718348923,240.43727113025875,0,0
16.554173341981475,43.77306740715618,72.71241170982952,30.324981175553454,1857.192878994939,3,1
6.287505991455382,31.697147120965774,43.66640908131501,23.562265646585185,0.0,1,0
59.65777042199567,129.87715306701207,77.4896996285512,31.19993782865373,1474.230644122743,1,0
49.56995882166101,79.79529697102339,66.13352804328726,31.822545147284018,899.6433057364267,3,1
104.97079070434734,105.883648093213,0.0,15.663684632660335,2516.287942756636,2,0
66.41467893822002,170.9116498197718,29.91840734089945,24.019473262752157,3255.3110706333046,1,0
81.34979029969891,152.9082574864231,68.8877044567078,31.160614241412503,1168.9478312496424,0,0
16.56669311533693,75.53875309904076,53.03314544290035,47.76449146735088,2890.725929141431,0,0
9.766664802022348,350.7960717927051,29.52488104584299,33.85078759193611,1183.8837193695892,2,1
69.43781980027124,154.1140964158505,37.32820969012374,20.070972301238584,533.8734768709099,1,0
82.21045916217098,281.3034119952239,11.875267598212389,35.985071388657786,3245.9036321856197,1,1
232.85024450701152,247.86862788179226,48.23253424947208,55.61323333982641,2020.7764447340069,2,1
26.60396770763025,110.8166013510445,94.21379452031529,43.75059708883528,1504.4385226098143,1,1
23.262195598086635,225.74209813385744,66.09866781464652,38.212897956534306,2187.1774750986483,1,1
74.89772516717935,162.38999556008363,93.80834002376847,40.88385263223482,1774.2150351301673,0,1
20.836683546537657,147.4265321819438,67.6479417957996,51.59931062142946,1430.780592058482,2,1
133.5068962199663,180.03534526173382,70.54958686705383,46.1344019102649,173.56517269200344,0,1
97.74195785831246,107.44256643641765,89.48157375490047,38.501405716764864,1229.4632628387333,0,1
28.017780472107983,89.24831418515191,57.54526518684453,46.029633293851276,2123.2554234584727,0,0
69.48923582477306,119.65590382162128,46.2554535698624,13.775233556039087,1377.2285743131895,1,0
70.23164934275086,272.0175245686329,70.65315033244025,7.4660212148957825,2402.325761130386,1,0
5.441875940335901,33.412644840578764,79.0768047424377,32.356479759657454,1883.655023866789,0,0
116.4222840433816,456.74491049407806,40.40070714575582,31.030210644758075,621.863681914593,1,1
35.18537448783772,352.5233391570815,35.56861835319941,21.841349197301135,180.82804216787622,1,0
87.5666278761665,116.01955173834483,52.777120648617604,42.38779004741564,1342.821500069832,0,1
19.286771308225415,62.065811962777005,66.62997733863324,2.0570462032314616,975.7715518954125,0,0
112.93952572729631,338.8497012653275,65.96182097323123,21.978416159132944,1836.321809621686,0,1
24.64942270300856,364.6359123727995,21.516647996248018,22.725666826835777,781.8623412372701,3,1
0.5448403307587739,59.142708869497845,88.23212134126643,5.455473223508108,884.6076742451229,1,0
117.89536484812268,156.60834488698003,37.17670141206299,52.42096510903956,2553.0697175949126,0,1
4.786280527423763,79.46091224264421,44.69870006222841,9.611980970050155,1648.202968627898,0,0
19.232681669251946,135.6339458138775,31.946912800243606,21.17489914038471,797.2729345727071,1,0
149.84861915941428,181.79679095507353,100.0,43.61969636707701,1517.6418087350196,0,1
150.39747700519948,283.757488213221,54.84141340575935,39.690680151430975,2878.9112430016826,0,1
42.59986455276319,47.90380499148134,32.9804983863687,13.3773795527288,1793.7866882747226,0,0
49.96150401952623,55.01659710074999,67.27847099924892,40.23733813890955,2092.9508094251296,1,0
29.75073318114288,78.57363676176787,65.38271558620066,34.346767179873325,747.7654634725575,0,0
17.35113893730985,60.96520047396386,46.24545952840232,64.99553343167202,2526.4193771346004,0,0
19.924316727519486,57.85044375139634,66.81213425566767,36.059106241024566,3818.102260463802,0,0
55.816178996425315,123.35078796111469,33.49416078338271,27.881372683972025,708.5323574871463,0,0
69.79189368315386,108.4660797481423,40.141634501014956,17.15247064320866,318.1060256280107,0,0
78.40977081105743,99.76101855535696,9.79566690867874,18.836349495666433,1675.5422438351482,1,0
77.94155159243708,114.9710723230254,23.520978315608744,17.61346356797763,2375.50504984441,0,0
4.7818473270159725,373.2876152089046,86.15261611341371,50.566482208678835,1408.6103279497386,0,1
34.102479828667796,87.05464707241171,82.82857255444628,30.26954872524706,446.79360395733715,0,0
2.9640853224368895,61.79106331527657,51.31577297297925,38.47870685962095,1391.4158382196101,0,0
39.87306578476964,125.80386620317802,83.25862894379675,52.713713999713306,2098.0922727774546,2,1
29.127763749364178,438.60684041037103,46.798510267833905,0.0,1092.9681730539407,1,0
109.33093321104006,136.98553432171755,45.13179394864184,49.18310647050562,2107.2550177549215,0,1
21.609580973394255,135.95447362432324,51.130212969311124,30.830953676750013,2664.7107852399104,1,0
6.225298877622543,132.09801350696478,47.50156809352869,36.52572557460667,1740.2306257704477,1,0
7.715382727105968,101.19253233098624,45.69607352879639,17.573951673776232,1472.0522287217073,3,0
71.67152735395469,80.94649079403442,72.86796214299105,18.673134023272226,2329.343925226282,0,0
48.14528398740175,161.11604429213054,53.002713079124064,37.33268834719482,643.8991725627695,0,0
5.330435612269272,11.954535075144902,64.24963528867609,65.76896700497204,545.2901663070774,2,1
4.392776083430254,95.06213171525707,70.62761050554661,45.04969969222352,1233.4277150710147,1,0
60.36042358265499,194.9068322991952,57.76371591309467,48.98284382127811,1008.1205451855328,0,1
3.777304476289857,27.4723842182361,30.594573481835223,27.1199809460787,696.6580247095246,0,0
86.25929269042906,270.53636726660847,22.942682220719224,20.996936631215576,3330.4684749987746,2,0
61.24998765650025,64.33238985586019,52.9756126961461,18.2879257263151,3671.9932094942915,2,0
4.242437529015604,189.91247740243293,46.57487390350131,22.67589412954968,1146.2949577444178,1,0
4.432693388890335,66.11226120858971,51.747828578402434,0.0,1591.7189497483655,1,0
215.77292810290461,240.3103027211577,49.67891921502827,19.12620985662597,1312.157179936209,0,1
23.441879127614477,37.803301089552754,100.0,21.594702659102353,2607.499240118156,2,0
23.152763023765623,329.5692237745674,23.39547488717324,27.369627384077383,2805.645561840047,2,0
83.77877016413386,91.32287331652617,10.201074603577503,31.976251646209377,0.0,1,0
147.10822689816217,169.3093236830596,56.64753667039219,35.43676302938416,1976.0108000656255,0,1
213.4386969800992,256.1825250708374,42.471548908236095,29.776119413355598,193.17865883885156,0,1
69.99496150581709,166.81518559570682,56.321357394599026,21.278353704858645,3258.272157875278,0,0
23.601049980956283,102.30312801566265,61.67766044568002,0.5496203510171931,1940.2480302103982,0,0
4.359699684897863,17.786407992715844,75.68209390357795,21.3703708739731,676.6504616373638,0,0
75.06212702273129,109.27285310509168,19.85548359232123,15.413240434694924,1258.6786120621468,0,0
40.86802037807465,68.14759902912685,38.86564204285674,36.99100122417906,1211.0227417338415,2,0
27.601656265248685,51.62336082118194,58.57522517761528,43.63931095040541,2025.1129428858158,0,0
118.41188377390452,171.36930165465952,65.40927191374453,44.07856600589909,2541.912604177478,1,1
5.894010398594012,127.64421930454759,93.86899100576771,41.3542910419173,351.79270802829,1,1
33.92525546864771,58.44537625421717,69.11407942227734,27.997113968212677,3338.754500912114,1,0
0.5709294716270834,46.2486981139469,48.86422808227446,22.170666517861548,3105.6901078208434,3,0
31.617718479146312,81.19786171451901,32.19128494114677,18.79345869499401,624.6764324089546,0,0
2.8975215532962886,377.78819708997196,38.71420294561962,7.387516250973743,1572.8017943623092,3,0
6.324549796558561,315.69513463531774,38.14594354085787,44.877805507617865,3210.8085441143157,3,1
6.251311600372814,167.26391789194477,63.10467257027521,27.379334431050385,2732.9185866774833,1,0
52.37841932034858,80.04062152164762,55.13994891171661,11.304895595686894,1163.2569699521043,1,0
68.52988587982364,75.57613604753122,23.527008583156423,17.60262936434648,2314.3398145678734,1,0
43.77768886014343,81.88969631333632,41.28197061819134,16.995398153511715,4497.198291719138,3,0
163.73601045511884,194.76894336535509,67.55095106902841,30.645367275226903,1605.159981851212,0,1
23.48982889601336,93.99678599007531,57.03324709948118,46.01201776606029,867.3517485599807,0,0
16.823457871027937,167.20875959665895,61.37289232025541,24.780156756066255,1672.4198520913992,0,0
101.47512690851148,296.8956297882758,57.65843420114526,0.0,1746.552095497318,2,0
12.654103386592668,198.9994711833949,82.52861469217719,27.1622949726162,975.4632609999019,0,0
165.14350531259555,209.72153486138558,54.7208612764874,27.657091498542066,1941.625067814217,0,1
0.6114472179484653,116.84155421904921,42.27954404258604,26.626196535967175,245.5989402724988,3,0
175.12634614397408,212.64431345585024,31.684899177328788,20.588082502864474,834.4661329913208,1,1
2.2059499309250947,8.489871120847726,54.99218916419424,33.261586210887636,2258.244776154798,1,0
110.88606145800044,231.80646298718267,1.1859197044983176,30.992116727235025,0.0,0,0
37.50716251746952,38.49477868739487,46.314219963345764,29.627545288100293,2403.1675919947766,0,0
247.84143039630163,300.46625599031654,45.88320280157312,36.189620421644484,0.0,1,1
3.833068797722747,43.78822197487394,22.710582927654382,23.552507652782197,0.0,0,0
40.35548318666744,158.5692887208146,31.434683226880082,22.7012149544902,1001.0212569441146,0,0
174.17876106280025,319.52713537588613,66.19315060296482,50.701849343781,1786.8638428193503,1,1
37.0221966590522,73.27635657062731,54.61423498149925,38.39033114573154,2825.2636031273887,0,0
49.63141451905937,216.56454610847288,52.03576667414655,42.40419091414199,1557.6227631595955,1,1
59.49506190583871,94.29727645297748,56.126950678640455,48.39156878001103,1253.4463924240101,0,0
30.306387783847544,89.42437411080732,51.85255175897847,37.889162709372,2079.581247984804,1,0
49.383708650401104,179.21884371247262,74.8572512571663,43.925830187042564,629.1011795320657,1,1
43.89129309028778,161.9560656391626,52.46858363407298,6.309822568946096,1639.4151593464062,1,0
115.71163847413237,552.8675777605313,20.83573772362499,33.06230807994041,300.5537420446401,1,1
2.3255730871740488,27.8355775270216,82.60259929748821,27.259223072785087,1582.5905168754132,1,0
16.49213629493792,125.05717616667856,57.40680534657692,55.16526136349714,1370.1636741505968,1,1
150.19980029304656,244.27912554202962,38.21492538409865,43.9146829770495,695.7320785505827,2,1
110.4837914226743,357.1100896170693,24.93196563409963,20.543322138102305,1665.0406365377391,1,1
30.408763097981,47.41195852244885,57.91828441916091,35.59191237793809,1658.5496531596427,1,0
48.396651436948865,187.7479521683966,47.65655990051249,32.5152200017386,2675.454012339135,0,0
16.243670994756506,100.23883909999137,81.48293572064817,36.81497149728343,0.0,0,0
10.420208071803225,42.532494175505114,43.081854386663444,14.717362959380223,1423.9510923029575,0,0
31.152929940204938,95.48105406408222,33.25238420635066,35.40024697857338,739.7376002965207,2,0
21.797676730836667,62.41069921623395,67.91592436471856,26.577729760676483,2369.7620581762917,1,0
43.81218530033215,130.3989000200394,68.50563785433663,34.236746460834006,2253.912065192133,1,0
4.04611422165924,223.86917227363637,53.37302735220391,19.134222523167452,2007.879845068621,1,0
183.24800612612836,267.4835121067136,63.52714095349817,21.224052429051007,796.1667419305369,2,1
214.19327877762692,314.08511149036684,49.24625758515524,47.607630305500535,2385.4705829400955,1,1
59.893194095639466,133.02958608186674,54.67730202018494,14.226786624897585,0.0,0,0
38.403921720604494,43.656011367877035,73.29981765127846,15.333683984369273,0.0,3,0
18.518965077718,45.02737345411021,62.50636668043006,29.22628114176633,224.12900009807595,1,0
84.04535837439984,151.7730819547312,46.61451123334751,18.42164437221068,1466.525189673094,0,0
57.716479182440786,94.85695223002227,77.04725091852302,16.72457051605802,2175.164400988294,0,0
8.873682705024418,28.93408108902358,2.7028925441697567,31.576139568124425,0.0,1,0
120.91505459995638,191.0597760577146,91.04146622843871,7.424012146444429,2822.7428318797865,2,1
86.44972556836356,125.4300346188638,15.880818102185295,14.880566476295431,1631.1121961784343,2,0
149.5869262516718,179.44203805176699,37.45814350455408,60.81143374385465,0.0,0,1
64.68020020980671,127.03959141115396,49.18164929609862,36.89212588453513,1600.946970289581,1,0
47.52020097956864,61.82462297497107,47.07038658543677,18.80154971595133,2592.5254146784196,0,0
27.085125329655668,289.8415149250165,70.1282208005311,36.27322617399295,2099.441015306259,1,1
134.9509180773559,337.2208246048791,28.843267627795314,38.509957154799444,2599.073062553966,3,1
100.519619002346,223.48991462777673,55.215336349661264,44.91621630135357,133.75337060288916,1,1
2.3136469326561393,13.542518249117501,38.43575803560492,28.092659558149045,1085.9947648615953,0,0
1.3360408433255682,150.89218145242597,55.902819586748336,44.64746554159334,575.3077694764679,0,0
23.617388079163142,188.62115630075405,48.70455480404247,0.0,3217.580205044318,1,0
83.18238614980432,229.18277043335877,51.85871305365956,14.155378042863703,2139.36284348663,1,0
218.2137734110084,230.3137561105575,39.00150335071309,32.45807102604684,4347.0095889576405,0,1
8.150475496723985,111.4070788952549,39.79872099807835,34.944502992116874,1032.3904665827727,1,0
45.08620651078679,224.85880732774734,55.74545028054854,16.323265684970373,775.3257883176952,3,1
23.973684987904807,110.09557628856409,68.87431011512089,33.891299868947385,1357.1733614048494,3,1
175.18542771879814,279.1464083169652,38.03441331604304,20.642396269691094,2878.3572214225487,2,1
92.29566037168173,153.6116732477474,32.6246491085418,25.845613586592513,1133.8803106246528,2,0
91.10950232349286,166.3370999670569,62.26920331343674,45.371607009975165,1624.4375979069441,0,1
31.620778556988675,35.11894289744064,49.34992213884621,43.634062453328994,1596.6907028868195,1,0
26.79174681636745,128.6692361851783,66.60996267971905,15.044095089551064,1539.4967612021894,1,0
15.96944460750306,24.46503510584543,31.884055732577046,14.141228069698448,847.6015395375221,0,0
2.901348192241811,59.996886078239314,14.411221491531386,23.832399066700255,1362.7089320896334,0,0
100.02130700016552,134.64499628163574,39.339918363473316,29.598805482406124,1319.8973986486421,2,0
83.80587196249614,162.64575721666165,34.67294781469968,20.13152267137889,1492.4353403253508,0,0
408.6222798909041,422.9419418893669,48.424231998394,45.60963664199502,2443.5168181527083,1,1
284.74367003721665,402.3935080296918,37.26309571459221,35.21084762562833,3260.6280346244926,1,1
40.5325796320697,199.01273754479308,64.82033902672899,36.091276648116434,659.5652373302931,1,1
73.26415451031303,91.09963196828902,44.23699475154967,11.001917565825423,1108.006375212285,1,0
144.8085841437218,155.82501963566432,53.00948997547802,47.5093607607567,674.9881015938134,3,1
94.73860073546228,110.46429030644708,53.152691168818876,0.0,1687.1015372222728,1,0
14.207622229057327,223.86847726544897,53.899101848243745,42.510831777740535,961.6505424890231,3,1
29.941341369993225,105.05907658071729,49.51741779090053,44.014676065061565,1739.7968337419886,2,0
6.914817215654432,69.88718204621294,60.21201380820627,23.513982190830575,2603.626910444787,4,0
154.01118932208544,165.29579324148705,34.08689732348385,49.093653258711356,0.0,2,1
46.59238512943091,151.447822760245,77.98835853307766,29.053536705684802,1991.779889600691,0,0
12.980186270924184,215.4752127405923,45.26925233262929,30.936475549911645,1039.8129511021211,0,0
55.69147695866251,231.82567916644186,23.769017242026365,35.092931811063245,1960.422267984389,0,0
48.133521737153586,146.49809903365355,53.76146713983546,77.79862367716582,603.5305622497996,1,1
22.171023114855302,29.99731333219472,32.9763903510503,50.166508621245065,2696.2609883068753,0,0
6.026956069923464,17.950029934509526,63.306690690177504,40.51696801069377,2413.280618040284,1,0
55.67206417595511,60.72868185715106,94.19211152084756,16.307932700982075,2068.3521485426427,0,0
36.730521209301884,66.50096295341154,34.268558168843,32.15384738219238,2293.2257178100986,0,0
73.99035404802575,88.56943069836835,56.647446664479695,17.8031385923042,754.3795328278264,0,0
36.71549302117575,66.83249443630713,14.889888225907448,42.331662709242195,880.3762453107101,1,0
95.5885055654242,144.21124708288056,59.078104588826946,32.10700463602285,2252.4362008174794,1,1
40.13770595107437,326.57790824216437,32.2857240040062,13.132174805791571,732.2708572313879,0,0
41.155729049007356,135.41305513927514,37.50330763131035,31.216868751277545,2945.635046658087,1,0
104.63793216148858,284.80302646669696,27.97427020320344,17.258737954255416,1176.4089287189684,0,0
25.83236569940585,149.74108195701754,64.6430245210947,32.268243320063206,2001.894389860622,0,0
7.194397769514947,19.129426268788805,70.14608714946525,17.11384025452115,3599.24951925509,0,0
1.460251071604734,134.61072409833798,50.46770429317015,30.412314500412194,793.7766459319234,1,0
70.35287263312928,102.5248748117906,32.711465893285606,41.25704792902642,1568.7617508447827,3,1
48.41994835303398,150.33755939505048,81.79046072207726,29.20422012112341,2554.1831646373075,1,1
60.883267389893824,102.58067169219157,34.99179744490688,24.13667599241417,2451.2773888765314,0,0
11.974074674672174,618.2599588448202,6.7593540014512214,33.04914331586194,1172.184689760642,0,1
7.330627561413933,37.92222186202789,59.16778019914137,40.457739311892794,983.269562478146,1,0
0.7325738132834391,33.46228542829547,27.904506527169666,13.39225095177359,1266.8640674549483,1,0
21.584363075753462,288.47537310286015,69.7721758699835,33.909842320578036,2947.8577661513636,4,1
44.56986878324723,47.06518491149373,42.377246066531626,49.763112285261,1220.8941436400535,1,0
24.899093378057536,144.19874910226926,62.074264810883925,38.60485444915073,1578.115692483465,1,0
28.76597814142156,157.98315430273888,78.03000693104316,30.86631220000842,1073.213529076575,0,0
117.25307614907207,298.273067995254,25.822822707585562,39.59606260048342,2205.5485647959867,1,1
21.405130721255585,388.075098672336,38.68125738215189,36.78744684154024,1655.5250375836563,1,1
36.076251403616055,407.401331777369,48.48657854685873,41.30401663739721,496.566189241771,0,1
76.54358688598508,83.29406597664645,80.75102638068687,0.0,531.1758859650056,0,0
25.254006564958985,197.7609520347802,36.83234564119109,6.6981579950510195,0.0,1,0
48.65452376765427,152.58795058215088,38.10992608101986,45.072437242248554,668.6785908743839,2,1
99.15703218421534,203.38272330748484,59.562811511116166,7.4208123575783915,2293.945803632172,0,0
149.3095207687334,163.04624352889977,38.45542548578858,36.02307953578808,2823.7605380122677,0,0
7.954093965741799,112.98979684651962,53.050517657952334,24.719255159515626,2185.558363217184,1,0
130.58313815210394,535.0390880435615,18.969251580637465,15.057161316060046,2054.6322006406813,2,1
33.87513904977653,276.71102676296,94.28659885113193,35.2447463572121,1373.4739504713505,4,1
14.936772717569788,72.76350347226946,23.04581539381193,33.01550255574856,2274.914554913987,0,0
30.729348368534875,34.806128518042065,43.56494592019583,61.65513978144566,1786.2782230818843,3,1
195.68265487902957,240.67036659416152,49.350379283158105,20.627831931961662,3304.4489719871244,1,1
33.924564633367986,209.01913158942557,88.25376268713592,51.601651801037605,1401.5546858232515,0,1
19.93080160502499,140.82903520373128,23.503084381345197,35.286343715764716,2843.008083736131,1,0
50.17431369788298,111.67145618633839,89.67408270957503,20.084671776859317,2374.11408181786,1,0
13.731423385780147,19.39920357313013,65.14353642204046,41.98869686275868,2235.4432862041585,1,0
3.944765248811752,59.61335105539045,58.34190648846492,38.48607756680927,0.0,0,0
6.898760985620793,70.20278361530528,30.30732625964089,30.53764942287074,2429.1895615477106,1,0
6.850921203350356,270.7344026924903,61.42282484076148,33.99443034660935,1372.4920210908467,0,0
8.237995077833649,110.7052712886331,35.530267551604,21.045194534317027,1056.0735055651082,0,0
7.473003303375828,44.81921196840014,75.33322506396824,17.613193121182398,17.08695882208667,2,0
51.204202553790324,125.71527554786725,30.578759417845337,41.39163260733874,1494.412866031817,0,0
10.037317851724081,16.87112371075599,47.73683011087832,26.64090863530089,1533.5515968182426,2,0
21.206965789740263,380.81233120786817,38.89453823973657,28.798755026263613,196.99807818519548,2,1
113.54870625641789,158.18677663398086,30.249540751460106,34.19732393916416,26.719827106308003,3,1
32.11905708232968,97.1024184841302,64.82639633815829,33.979325171757125,1986.6194801281113,3,1
55.06445418261903,98.95898710946707,60.70917494819267,8.560102935389029,2371.705131061377,2,0
9.456425855660825,124.18786651363658,74.18020397801995,49.293781296822885,1690.2829099224218,2,1
10.677549049754752,119.21719689556465,14.402497835836655,31.817732278510174,2650.834649684363,1,0
2.086360635878265,127.72612591755232,71.28341404682088,26.96020105766776,1413.6150156485014,1,0
9.252367203279043,40.46941250680108,100.0,36.4626900775462,1445.6487255997977,0,0
16.327405931557276,54.25868614322316,40.967178216461065,33.548132904222946,582.9719712592097,0,0
9.740590874155398,23.122446384608423,87.9029722421794,41.50594034234553,0.0,0,0
4.644295393018378,111.2133088729833,44.73677455880347,38.069755082264116,3354.662133859585,0,0
6.427810674667627,10.488879790103152,22.55180524877386,40.767693434944,2631.2990502497464,2,0
30.881467168268955,121.93279639568095,43.88735115186409,50.264908585912735,107.48743286152171,0,0
11.554610317254829,215.343031641694,70.96407935350553,43.25436823456458,1655.7519078312805,1,1
22.649055775545925,244.13592150271825,33.23647035336937,27.59270669507156,1399.9536888963335,3,0
35.00025923571652,94.6091595151708,37.99322681987026,13.156482658847509,1226.007526836957,2,0
58.62287170062711,120.1126220805651,61.87078864586382,55.01696899506773,1090.9821521850606,1,1
2.0052865050007713,10.014552222968543,50.06120233477146,26.43414939979331,1881.269146967979,0,0
80.32471219130598,191.42306966754268,61.692459049734815,22.903388799592165,2318.1755254714744,1,0
49.429684518364816,221.61166453669833,54.75659081516672,3.94909773353341,1902.3911690282055,0,0
4.264771518816713,32.32284679415091,59.59250639103146,35.07709657968167,1379.4816256208062,0,0
103.40673492440453,158.1039943119754,41.353976283809175,32.23329905930655,1342.77328310888,1,0
126.8346773189464,309.37002764763713,54.63461884060785,7.273275956257791,2436.8143169226664,5,1
3.15114137800817,212.8062229215542,31.45253988608133,36.799110631997635,1963.4449381160623,0,0
16.20884215643254,44.07182300194357,75.76867245006777,22.527121189478414,1572.6894630354332,1,0
82.04675916133213,162.0244169279357,37.314505663653726,70.3547251093304,1464.098702399892,0,1
68.96786201071542,90.3482361843719,72.5769497509878,21.459582118636977,1845.2705096122888,2,0
10.198981603090024,20.94400292972923,45.32786078034269,23.4721000170331,1031.6513114405507,1,0
11.744951559076663,253.79232904810857,54.03998021514643,16.878356636184485,2321.5388173082106,1,0
23.139255501218486,194.90144332469112,40.100708982185985,49.16814781562958,424.14143816213345,1,1
33.13312823343072,175.85930727294655,29.680091376639417,24.408363083028703,1088.5434902335182,1,0
48.1500917029276,53.149644210817726,15.104792247893968,19.126287693517547,2111.106095446024,1,0
23.01562815001756,208.63185544214787,28.89351682815081,40.60432514880814,367.11718664572686,0,0
31.04455546104588,88.67774136523602,43.52182293568156,9.294705968802223,0.0,0,0
68.81144701949212,110.72654895499636,54.237583576577684,39.37665819373421,1563.0776754292401,0,0
1.8686476160739232,80.93943613130507,70.20758626566527,56.720995749012864,0.0,2,1
14.546831094119861,24.126717712917717,41.084850804063024,38.49911749252634,201.1964459481385,1,0
62.474593747801286,203.79863005088694,32.36078471465652,39.568474743898875,2256.594118506432,2,1
112.78833771653068,200.11986194869272,21.14570427994575,43.050903253612255,1295.2147423942642,0,1
35.838955610420044,56.49096667096631,59.60127235808208,55.64562043013278,2785.4869497089853,1,1
37.97647511765344,58.83056911981447,77.66389030658686,48.14840940028657,295.185659062545,0,1
5.668066927033169,26.0326359789506,75.32660535912578,36.59504583409536,1406.0476343677155,0,0
29.657162304177543,35.5263151262095,64.19865496294474,43.558371009540025,1899.5845532077592,1,0
38.0303399527645,126.65462482256731,62.77086634535198,16.71097611802334,329.4850698710911,1,0
13.884640163032666,197.36063464745945,83.95247559418682,41.64440386120983,2531.7619044996245,0,1
15.683730593927192,17.449042335510406,56.641629228336214,14.916660432243786,2010.6788831660388,0,0
23.6832492401236,28.707859315198622,62.92259352048343,24.4946637205256,0.0,2,0
1.0137680375157256,86.05710970880133,43.58432276296002,0.0,1462.2582037913994,1,0
19.436238062806787,190.63629784445772,22.75913258290485,36.02144489051193,1885.9567362586326,0,0
11.877846781181493,51.44005140406648,36.32302199000847,20.34191983337471,909.9433264719426,3,0
19.837461511599134,62.8564474497842,49.816819229306894,46.66717822806694,20.135094491186237,1,0
6.378155164239063,97.0979987741441,51.21570745002606,35.852889159081045,1778.4587894474103,2,0
110.60399499715123,142.65384928390418,88.52571709710787,46.86143842052438,3711.2429502825617,0,1
45.019940693977986,47.716818325611165,51.62554335182137,13.746051829911934,1113.0159008423095,0,0
56.83164789465158,189.72046364238054,73.57686888051288,45.57579055739449,3069.2411812847085,1,1
77.83545161888956,176.0918373935138,41.29845516847368,61.587845165449906,747.7111782385317,0,1
34.50182109244426,121.43203983233087,43.766482284695314,41.46237449897841,1715.5456350099516,2,1
4.546604725872792,139.90381839377267,23.419847255531035,41.85523513038433,2271.522530876119,2,0
38.51291816474113,150.97698000822936,35.153439742468564,32.54396514592403,1491.586334028635,1,0
44.19615289356868,67.24847282166216,60.53962782727506,22.129968291519535,1202.264351118769,1,0
68.41083244042046,111.87155391110804,50.151203607882664,41.41788559052263,2226.1275213503736,0,0
28.251732469149104,41.731825618656835,68.85877239794468,7.4087563439689745,3391.4551152692206,2,0
6.824233336465611,20.734006180929853,53.62507896690101,23.733673126187753,1800.5869246391312,2,0
16.688109013085196,129.44971913175033,42.95092536724516,3.434147964942266,983.9398234696525,0,0
22.555741273731172,218.17206948520166,92.96593727573918,19.445154340273756,1310.248442740317,3,1
51.91123058109308,380.8748201881734,48.12192862573906,39.63067637840342,4019.707645645374,0,1
42.28908606007098,141.2685832621479,73.26001939410608,37.58090064330695,1634.9071163381277,0,0
22.010337982590308,42.35684823392498,41.97581586910645,30.76370543303209,905.5863014220272,0,0
215.3097886084906,226.47563538848436,64.19198958767133,32.55601491093016,354.9320835174601,0,1
46.541650423360466,214.12665400984295,68.56031318303374,1.7120307320368582,0.0,1,0
13.539726437839997,99.99414359605153,54.16983941151162,24.411565791436278,1863.58427384619,0,0
5.367150231244342,101.67525794884344,2.9103415460679543,19.77972590347185,2154.6419928245036,0,0
8.294414629491294,160.37399189485404,50.36504921712226,20.114104642281887,1103.3038200347933,1,0
14.115342469757048,135.6110427499593,74.60920095519951,38.9936794172063,1485.029581969046,1,1
8.758243747714701,188.6114304847851,60.549616660554605,17.092390102420342,329.53829071137625,3,0
10.32458727272902,16.110160600722,58.91677750458493,20.929787248088836,1632.928464827501,0,0
16.780292410772326,154.42286874036267,15.554861320849618,0.0,1981.4953205671245,0,0
9.52012168314435,199.80224719301472,35.590898586498824,25.588152294357457,964.8357328323623,1,0
113.53757246779577,147.24371943044866,58.22715262302878,13.682436784295703,3190.4526695858394,1,0
4.181785629600008,106.47123040402633,58.20766553573784,31.188043930344655,662.8936732530883,2,0
37.170617505635136,74.88200988830779,74.29333560265805,15.733379298863031,1783.4766040189825,2,0
26.415277824465118,343.3549782846567,47.102664897078114,31.568133683238244,2348.3172197046056,0,0
201.93210830079602,205.33159898364468,58.116481733476284,27.829713588864852,1422.7104998506175,1,1
5.941367284870245,92.64211331816969,50.32748483862587,55.08062659563481,1311.5231811055087,1,0
25.36289968712152,43.57548292798552,30.261145269968864,37.45826970679791,71.1338495503378,0,0
174.45298320633574,299.0089524675793,4.8841733781050465,2.4054319115654543,2857.3414957162836,0,0
100.31220309840774,119.65736377296317,58.62019384260154,11.026667338459372,1330.1067983324042,1,0
84.93315170180897,111.77120836596569,53.47894416825623,30.828120134884998,2037.365424934825,0,0
14.913754176675232,83.10892482649048,37.636499157996624,16.052280774110237,2172.7204878601406,4,0
9.369976639324378,255.68639069307176,17.6165388696827,0.0,871.7015079822469,2,0
55.22797993408918,79.01745822487783,62.594790288174764,50.24319470750615,1302.4713957087852,1,1
132.51925474799776,148.09578881418403,44.68159851608896,40.80336025358112,2834.482350743504,1,1
40.682521095237114,182.9687427678606,61.13749444736291,37.814653102376575,382.802334259555,0,0
42.386378072929325,111.82507942324202,87.28097060823517,20.890154317936272,3627.9180747572564,0,0
16.423751540532542,259.221705176133,7.171382393605903,36.415151565148946,755.1272147237261,0,0
73.37368792060443,89.22808454188149,36.00798382595272,19.434595136686777,320.4825433594883,2,0
10.353899107303542,114.17936856384893,45.812487733761735,33.07285950326536,1632.3090206885345,0,0
19.554390655961633,46.065482964007856,79.09652348293301,16.191251612452838,3708.3482643398706,0,0
27.707227503491527,44.757644736391,17.271939615870302,52.74432675834021,0.0,1,0
35.42424813223492,150.44515267041612,88.71722051361209,6.446450188772332,1358.984281510308,3,1
13.88062917848029,103.94319144624666,52.71711803132581,48.48425744266247,1976.2650172565557,2,1
6.099163607206772,146.6784700795934,48.079986765322836,30.583737420259954,1533.6499585355314,2,0
47.159982871467825,84.18849385553355,46.03880473562187,22.65799506987014,1881.9216700030095,3,0
17.02816842182709,76.44375711078177,41.27473935639942,32.505043825436076,781.9669178277259,0,0
43.522653414622184,95.52134552903854,70.9623351853831,41.00022010767272,900.278154068619,1,1
8.38323763853399,422.4606121977173,28.629584918351224,50.50120105041596,1351.5773528408001,0,1
32.80606890142638,67.37235699530416,56.90828363287707,34.69714534700298,370.11191209724893,0,0
38.02736240645389,72.95718974427888,42.31636668586049,16.63955872106584,1455.3135985598105,1,0
2.6607325728560665,46.441208168801694,34.757331029718046,30.83445185648683,1111.2547063284985,0,0
20.51918006902116,103.66683372351304,100.0,57.25189854993559,1029.9548148451313,0,1
7.21746634159658,36.29585338247337,58.3810146950692,50.21517128268936,1820.5064125986378,2,0
3.2736129386262443,250.1257046103607,62.265310893222875,43.63145217186538,0.0,0,1
230.0600655697662,260.9418612055473,72.75553561337324,41.9353053018358,1270.9098966168463,3,1
19.456501125971013,245.61591469863785,21.573001093629056,40.49175135909813,3817.353765614861,1,0
83.00353068849493,93.9264477979047,85.04583818244063,47.381322517648044,413.89031367437497,0,1
14.69444171467007,121.56951408658182,0.0,23.15056821417142,2785.5004964844134,2,0
57.20706755101757,294.7070757743681,34.62467179922959,9.673709013374907,1554.6561209126987,3,0
71.40331114141043,89.88571228152531,40.819366536421995,31.03505251105592,897.0421911185819,0,0
45.27232970845699,390.5012733360831,61.63446729941012,17.736276198334636,179.35834047019353,1,1
31.892832202263588,92.20215862419677,54.37436532282975,14.174688669342233,1639.681965285232,0,0
26.537890675268887,317.88882376771096,46.66370518603213,19.195821351181024,2953.3971058146763,2,0
21.45216508519874,134.40676212923432,49.76005310744552,67.27970886800529,1110.788854803236,1,1
132.62780241103906,168.52224984482564,30.439539529548636,32.04186951113766,1419.0385752632264,0,0
88.7803535570899,109.64311114438257,20.055352110316534,35.428617545414824,2510.370850190332,2,0
167.65881947078458,203.8613205085017,64.5302324467212,11.664557894936188,1840.8707913462808,0,1
6.6364270918052775,16.399629430518193,63.87412225072371,2.3437056181105547,0.0,0,0
65.62756817302538,81.16063515391576,81.68988750314116,17.71421035321791,1598.8872158551837,2,0
139.30636326306202,150.361586902955,34.199658063695836,51.57293377813122,3012.2349106655984,0,1
9.997790485039884,64.97930776421902,63.85630420601845,35.01413199114781,1463.0588135325017,2,0
3.4405158736248436,162.1975793680948,44.32586543270536,38.97892637166588,0.0,0,0
67.5696576594311,82.81295457839391,73.80949970386965,41.078490588030924,1888.214991591073,2,1
42.72135720993349,56.68440212682904,70.43925553356283,21.129759303025835,1301.543560455964,0,0
92.2038570660739,195.32603295545113,54.224187984489134,50.819483759600516,0.0,2,1
7.52791232070963,29.490758714602485,43.209396866680265,20.507886011667267,0.0,1,0
79.3025055515934,89.57335776071389,69.21864357216523,51.09348538893829,2475.107143288809,0,1
11.258988653351148,29.512976100372896,62.93809046513132,36.63453234203011,767.61725440492,1,0
8.9357599482759,266.2851504236432,36.311191958276346,3.1643226863051694,592.5036192640081,1,0
8.972232827997535,181.27279701365157,23.44402653041138,18.779857700991975,1464.3614390683313,0,0
84.25516412820043,127.96073632021985,44.229341986364076,3.225922006918431,855.7970016800613,1,0
54.710681950798445,161.36995515921623,80.30827630696419,47.44923199191313,1600.0486277777452,1,1
37.018797817302215,114.08117878847187,72.92974317466076,29.628968687963983,1297.2799705633297,0,0
22.22307008390341,135.27184472852412,27.753450606588387,0.0,300.00441990635704,0,0
104.86013336471662,219.64180025180173,26.64485168200158,35.63620322579487,988.8022014386154,2,1
24.915637484872246,123.99929075634195,75.49367699358973,21.9425360641752,1942.7533213091044,1,0
84.80413314240349,115.74256956031921,27.287281904843418,7.742912174500152,1541.9180402386255,2,0
28.913744055694018,32.892499192598336,60.18590647284016,55.16948755453046,1418.0575176081686,2,1
23.655978290886857,84.45697753229342,37.67857569327353,31.60928799144868,3437.3842411793844,2,0
31.05805299498013,252.67483654063506,82.34089849043366,25.59852896530031,2231.0375253855354,0,1
17.932263771532103,102.21242247165598,34.59150401724242,24.008628285209745,2352.4412648213424,0,0
68.83886564684697,247.4510298365106,72.86723060411657,7.300807962633417,1334.0315922050752,0,0
34.9301407847798,513.1727159805364,53.697173081207296,10.431766506238358,1720.145190351275,1,0
13.212126549853261,31.078895078468605,55.04389708468573,49.27375177312625,1068.9000104743072,2,1
114.91699247752918,232.61037304272784,10.593828372971984,22.891756953214212,2277.5497655241284,1,0
24.216587117935564,136.39247073402248,5.941732935885625,30.331015514052954,1389.6000959009566,1,0
39.21411910888818,430.1939041924691,45.588681194653724,0.0,1722.3777489305564,2,0
118.47478043548132,542.5325846998425,54.93812126833223,10.228619463067414,1660.6113021551682,2,1
48.93996519286654,164.99254675653617,27.496043445245533,39.147187798121294,1481.8331185945456,0,0
6.215730792888988,34.13618060849879,28.226131790473158,35.6656764017075,4438.18806715577,0,0
140.53083419661044,300.755139027488,61.22945259652266,56.30062798086473,833.3807225052775,2,1
49.40384644674131,60.72397882016084,61.25708960914261,50.144344974468396,824.2884698413077,1,1
20.39131577756547,172.12246083869934,47.24517879224146,26.539335412727652,2194.096746811757,0,0
7.498841030821291,248.51155539414037,65.6040344237215,37.09430347069907,904.8310009248208,1,1
79.00006978401335,127.26169646804962,26.51595408559707,25.25094835645389,1208.5936386511069,2,0
48.38877537814262,147.98585163502077,42.88130165826058,60.822147279579724,413.5890466443818,0,1
38.12069290245141,94.35762857225845,82.95755211567347,47.235220440785994,1991.5579194025868,0,1
112.16516652682228,169.7487130093355,51.366442598796354,32.54527636286627,2004.2572444841517,1,1
77.6995006848036,114.85963532013231,52.526250291739984,33.005921773145275,1184.8079400765555,1,0
8.224566006317044,151.8275037476072,96.11893171935479,51.67275430889712,2214.8166884800726,0,1
18.678127569790025,293.84160989660757,22.013156683024583,38.69366770670771,0.0,0,0
14.283480927441897,296.8838810193913,65.9286073328422,53.37942025605129,793.1465984856563,1,1
68.11840309342058,87.32908494744031,83.279725596162,0.0,1330.0208137890695,0,0
1.7053769928918965,209.44466088865695,43.502841470029075,36.91842392248197,327.71750309704726,2,1
42.18567781930715,175.90998337281928,67.19261573709693,22.268477029779227,0.0,2,0
71.87068579298894,101.01793057071849,30.359610055781904,56.345669814419885,1192.104034961553,0,0
104.6833672192969,111.64888482282174,36.26535208865297,53.195980307847435,2194.020087060742,1,1
20.933729677254636,52.13083280358313,57.69932832095269,30.4925371365196,2782.108391426512,0,0
86.09039817705015,329.36915775137135,65.9713334622118,53.03446468216548,952.712116794627,3,1
5.862194254938867,106.15023446051872,72.41873024812492,56.74671779988759,2233.2158376215934,1,1
93.68719786058438,221.36114121575696,81.39257173878985,31.11610007889221,2136.5420380756677,0,1
6.818981526403542,36.545411915280376,48.651068828896356,67.07900658647786,2718.6081743344967,1,0
25.315731560493216,152.39402167433562,73.87223510345176,29.529882709954162,1149.8089696459983,3,1
79.8002681663245,82.65271704576709,43.15390313101702,26.782185744961367,0.0,1,0
8.121089496020808,55.172880966486474,68.04182623176536,42.98808882876515,1570.1858524227446,1,0
13.019651122237546,111.5712325137796,54.14977595704364,24.693139032865293,486.2062590302769,1,0
64.05215488224528,79.84587148137686,58.913558141638475,31.280096636923407,776.4948909379924,1,0
63.65480859958473,236.81738272235197,58.47015748044075,51.141516360763646,1198.7808559468176,0,1
51.24221043686954,78.0342463840908,17.905899804043756,30.288282783259056,1161.0723686508572,1,0
59.20008545438085,164.83617756493362,27.517562822784534,4.574733105370385,1641.5592668957945,0,0
39.12345505978191,91.07598109962984,52.05082879635045,35.50979081773795,2203.1563164196177,2,0
14.504184962970495,105.14901660714881,16.25441840717663,19.55559631421408,1132.2644167240337,2,0
21.20915968966317,32.576496054276646,66.62422206399512,42.97906735941819,1895.6975066080047,2,0
10.020063725826592,11.725809191119772,67.43111932576284,40.44284573739368,1514.8160099305053,2,0
119.54380696618259,359.8555656217312,56.5434110575558,52.07100522249783,2435.494395878445,0,1
43.780452731829925,75.20085632514144,27.577319744841557,43.61298451189045,1311.4081488936833,2,0
25.612282973951118,196.91284368982843,77.6027787773703,46.35366425487097,1421.0733242254444,4,1
30.995375316058166,764.8954320035914,90.74421279436716,19.9635485979343,1125.5995520010933,3,1
147.14118684986056,170.89475641533954,52.94153654891948,42.059797438357535,1337.7514600415045,0,1
8.323477506425034,39.13518827493266,60.21070756902473,59.52676934040436,716.5118716541258,0,0
44.122230455427704,152.84786792819344,54.034773095920876,19.67025137044849,617.4027138564866,0,0
35.24972203965886,371.78054304270006,60.60738377997598,56.996074375906474,2275.765385282725,2,1
47.26721590015364,294.7402937321998,47.60882486747208,21.75974863198004,416.7983168153985,2,0
0.9138090203248618,70.80529118045904,49.30871520312393,17.220431324250384,1180.8819103020967,0,0
102.83467612703483,261.36301694133806,68.11435200994731,34.44300665032257,2515.3427862709964,2,1
134.4994268345626,149.08826702730352,96.91248323792881,40.73865624193214,1147.2992049963927,0,1
41.63577319716988,420.7854100152113,21.998575311965226,43.67625185958397,2328.7404536855747,0,1
59.64353702629791,393.05322227967395,47.923750311940665,15.573563688401972,908.9542792731582,2,1
127.87346789228131,145.7537184302754,26.390790295358357,36.51810145881436,448.83639364980604,1,0
61.41987266962591,97.00499026009317,81.84049797152167,19.716681427747424,0.0,1,0
8.275525456206086,18.82880045033231,38.245240613602036,7.666166158941351,2812.7240692726614,0,0
42.93510749262801,74.6417467329359,21.13598412428412,16.068955267008228,363.1288183655845,3,0
46.66104285170075,215.91897038341986,62.763739976971465,18.736494510662727,2247.186590125093,0,0
27.593725196141055,75.12599739969738,84.88622229486222,37.823927405287606,500.0529732066177,0,0
66.6745151941696,75.92958066016715,63.27195737121525,47.283204946030025,2817.383917939821,0,0
136.18384428812374,178.07315921128867,54.09595754563834,7.901900551871002,3706.7827246151005,1,0
129.89381065270587,528.2636197432738,58.18281845551988,35.27941611312083,0.0,1,1
29.968214815180882,129.30796389782654,78.29681325651109,12.349527213436403,415.2435658411862,1,0
6.008935227589209,59.82192795738051,32.516014599717,39.43628113521001,2273.131863803225,1,0
209.45869945603533,227.6754779374549,47.76305791827374,20.659041284943783,2013.0429233658149,2,1
91.28590554092214,519.4265797871245,40.94619702980933,14.230064729650817,2276.9218547601918,1,1
6.65729798585317,178.60992848963943,26.642693854165795,41.994967730213624,926.2444495956239,1,0
126.8153970481638,159.87119542570431,43.43249481166395,21.196160918323578,3487.5341610233672,2,1
101.97119656134316,109.23565275433918,72.15442191964897,25.260540729709525,1618.0494666897744,0,0
36.57756929843246,42.4067692195109,61.332042967854505,0.0,283.0374231564804,0,0
44.73568934145374,57.56200726257179,62.886210002164006,44.198270421352106,1246.851499957055,1,1
25.458242170450678,112.39146268200604,52.92951223306636,42.313627817536606,296.43310377116745,2,0
2.8159074621646893,266.99079199948505,60.466475654571774,30.081867664219708,3090.941358554105,0,0
20.41324431503706,89.07875985940201,33.98819315303789,7.086285879663613,839.6687371998836,0,0
81.19039555330893,266.3066243940755,43.80980228145542,48.14053767502145,1992.4834847446223,1,1
0.23213920331714424,59.27073479147059,53.84008473937354,20.00604920458813,1029.3268550178198,0,0
20.285694829508436,143.58588689737738,55.55031717763781,23.199698248491178,884.6126902374867,0,0
25.38890474273391,157.01825977380975,56.40375709843746,64.68066084539296,0.0,1,1
38.54415120619409,57.65580789040793,47.23329435967244,19.445453338361553,2098.174602990567,0,0
126.19627380765208,171.01517403196647,42.45153197739341,41.1331494363975,2799.181252629184,0,1
21.258855544539504,122.67737339463265,100.0,38.43138393123927,584.0324186348483,0,0
21.305324297924763,28.637325754396,68.13574545864797,35.85258289320128,0.0,1,0
66.87544758327829,111.74510222205352,58.26294951905245,34.230008138317665,2303.316042737829,1,1
30.09388867461697,106.62255977955314,45.33583003587212,35.64582842833799,0.0,1,0
12.71912368513627,570.6411849338036,40.97562346112247,34.07910886410811,2719.5329359482585,4,1
30.114117528807753,94.46101339708582,47.38398812546089,29.221224618359088,595.6048770453796,0,0
7.590996096569352,176.9037992501057,55.856576871733665,52.66924686166114,396.70725717537357,0,1
9.702725160404837,66.27795785062564,12.39128911873837,10.310091588010827,1748.4624211312916,0,0
34.494402140140885,193.64964500444685,18.612208092506325,45.32187156023065,461.86071498856245,0,0
27.14381081280035,117.63310463875222,37.26235222122085,42.33513448031327,792.8889187067907,1,0
123.16463676264064,340.84400577312766,54.14278873557137,40.47598681994101,1853.9819326710067,1,1
22.501729151986414,75.42488573962265,45.214537056962975,46.75469141460193,0.0,2,1
43.4451191892636,136.15612921729647,79.56242452198968,28.611009070974106,3142.419245928322,1,0
50.0195386258924,149.44981490363537,20.352064260084624,1.9653888625968499,1543.640132465738,1,0
0.6590472412829613,54.68156278620726,34.97309060793259,28.915610104282713,207.0339875964719,2,0
54.46340985179945,70.04836048362459,80.40183481982203,15.132086735631685,482.75463071315846,3,1
9.80293200996241,19.625910541086874,52.62238649350294,19.022111852129044,2491.646378260802,1,0
162.29991361362133,163.981122117642,67.69685165602317,11.363704892513823,2101.0529350741035,1,1
8.047345215509004,214.8257323258357,91.02493886538926,22.839827123342484,2886.7806572852114,2,1
26.775055726830345,53.755985324317905,36.123911641963545,21.05064459024826,817.2571551957651,1,0
4.460671882525157,28.22381510880672,48.01371324415936,0.0,1796.5838371508028,0,0
288.40408075753794,421.5981084925382,44.551461981382566,40.503328669234335,1926.5679117836776,4,1
34.877343282911305,73.44596096385982,10.90813991033449,63.30482787007323,2195.267500252237,2,0
45.24096620444729,115.77198984006921,43.79206392488062,39.09355790244433,2627.2811234320698,1,0
3.4716025414127083,21.206325307979597,67.6212437476133,26.956140651986583,782.7360941556528,2,0
69.30681276079996,390.5607109293402,60.81179083624482,29.178804064856767,1385.8297322395192,1,1
11.78014191251316,202.55200384169214,62.3816633877602,23.68521197980236,889.8502544198549,2,0
114.16574284058152,313.5212126890563,42.48982038721001,31.350623758004375,1447.3881266436244,2,1
11.479441408041668,63.69738298534841,36.87805527988717,29.444878588901496,2198.432782062975,1,0
10.578521490440792,154.27886777473975,75.38511343797241,17.384273544025582,0.0,1,0
1.8617170928836084,17.395740595115736,40.053657072846605,55.24332583421747,2609.3715694592856,1,0
31.939289664773195,32.804925765878586,55.881640775864284,7.692686464353436,360.81787573625024,1,0
41.602205183809026,43.619713971869125,53.26669361355077,40.77497314791369,1192.6296803027685,0,0
3.3983470089578236,91.73273045531509,79.23434032514237,28.48203559023702,2743.9419249661246,1,0
74.70012967991862,135.46956405504255,69.42824715344719,58.512477225986174,1828.0097179834052,0,1
30.191732514681085,103.17603347939325,24.094827586657583,35.112968988723324,1839.52994826366,1,0
37.15788272962984,37.90699562880222,26.248936664499197,24.601416942251277,319.37395470488923,3,0
29.059073589379015,83.99607756264383,61.57819636138268,26.28439202348254,455.9140641761592,0,0
25.60491006374607,152.21390442832117,48.71324705241667,30.59860041779642,2441.256396668919,1,0
41.00817285689374,99.47220120658807,40.896564320924725,12.858139575053986,910.8564545156103,2,0
8.435150338047775,140.19380705431178,70.31255767988941,18.496957123231326,1005.0881267001507,2,0
10.040254310431274,36.56957464444739,53.749187641778214,3.225840462122136,2463.9512510547115,0,0
98.94746641480701,266.6880997007594,51.04914773778888,16.15534652438859,450.08645463047264,1,0
146.04558546323426,234.82350325678215,65.596572815101,31.408597224906746,1769.235132886258,0,1
23.36510937375693,47.0339842733129,42.49782010112871,34.50262573926781,1542.9073261676915,0,0
15.7865682846333,42.79966488179333,81.37037970945109,0.3100545750539716,1497.3142741367578,1,0
51.641163254722855,150.5354954613848,34.239047535339836,27.94182445433699,981.5643681224961,2,0
26.274478380362314,203.43463548072384,63.13858132684176,38.45114926233198,920.1448185366717,2,1
1.2857074366323515,55.007421400844365,78.6766567731969,27.55631709935647,421.63583620513464,1,0
8.489180164975531,38.37028104625448,22.454090214558,20.493170313332996,1982.6650260413066,1,0
62.934162992652276,264.68350544996684,43.13329648295102,23.81758282427679,831.8508084832639,2,1
53.782489115876785,164.42726725325542,72.84414785771116,21.88854967534167,2468.7446211672514,0,0
1.3734928942220048,60.80970419070329,73.14489095462051,20.449041613379144,1275.444958409347,0,0
12.54964869333525,79.47322287774654,46.570087992235216,32.60735287867273,441.5495105789621,1,0
13.13807894754655,35.98591304294658,35.30657812646281,64.61532341603177,1262.1861178515794,1,0
55.72073614139259,154.2855218781158,69.11871644661525,18.84450124642225,1089.1428008635255,0,0
0.9953690646069703,45.4277893746151,73.6709820516321,25.227860510078596,2509.1034117280524,1,0
5.4968029300686405,549.1439266964129,26.706733029752105,29.224530909371524,1130.9998107484678,0,0
80.45092136481207,145.87886573087425,25.921727020672396,19.689683484625597,1223.7896187996741,2,0
9.833885472589268,76.36483369634526,54.50513363967199,46.4735370528514,2911.5467054924356,0,0
52.88495444602884,136.32188439790775,62.58721266857784,0.0,2008.267321463349,1,0
13.60243111044976,262.20035733605937,44.0186182953989,22.034112444319867,3162.7060160034966,0,0
5.237001674243566,166.5906817452095,63.585876399646985,42.27470604479943,2759.0450040639053,1,1
13.930975820572364,73.92035450561603,35.79726786325236,25.588585374170492,612.8374116371455,0,0
64.0547406548516,190.88783606276385,7.706128018525291,17.68741561724563,2489.950854400108,1,0
96.79181687269647,185.0376473367985,41.52197855334808,36.61135131658146,3025.303292074592,1,1
88.66254999877822,156.4622129360447,51.26464293026202,43.59514853095728,3032.8131323234197,2,1
25.30712447375442,46.66553494853197,44.48320080207087,33.159531678225875,2488.095983576687,2,0
55.14383892022975,117.49406027182846,26.827934726810298,17.98169460280675,2467.522994909176,1,0
11.469670516449039,39.68190443125776,13.687020482423648,36.84304978727615,1197.3389563244502,2,0
17.34667943062584,263.67154784344586,39.718223912642046,23.969260495878153,662.6179156504253,0,0
113.32993143154522,154.1879489455448,67.95311543299488,41.17780322840741,1147.7826811025432,2,1
0.6543594198142502,304.8613347413626,75.12394878827365,52.248883272848865,0.0,1,1
4.4693569815224565,80.6237992344702,73.7542676827691,0.0,2842.7953154217057,2,0
11.65251401199076,111.4960145325164,33.68180929702894,31.66601209793449,1216.7070405822878,1,0
1.3445267612158442,79.63868457866995,26.92587352739272,3.963990945785593,2791.33072906496,0,0
10.010150164513638,23.865188776277435,59.9326922995979,66.62682877994656,268.50042277840043,1,1
43.73843643721833,90.87028080203774,62.70200023195851,22.978131993057143,2582.6249210022106,2,0
27.35931591839002,37.80053604979706,58.00339210400995,41.19559862738058,1005.1193418206803,0,0
111.59315104109137,209.1319710656265,9.718734515244734,29.470247106076563,215.6305916908259,0,0
85.03479515097392,144.25177597258846,32.66230830233067,17.953731289214105,3127.118052159758,1,0
20.9136402584516,171.41466063592085,49.40622419428043,16.1692042923386,2607.311669340774,1,0
15.016312607363927,39.922784812726576,59.74436389260855,53.785187596511385,1711.7924201857843,1,1
23.876990405426888,41.85739026741024,65.34614725204973,44.33907090267466,1533.9378851349632,2,1
44.61588750716526,96.75943025509204,52.8850704456408,59.15376131066345,1939.5100188191182,3,1
15.603085490763643,276.7663079380632,56.61567613076472,30.83180002736549,1694.6285779174111,1,0
48.92811227735438,172.86110721629544,51.69730916722208,34.31879431869,707.7240458285288,2,0
26.331801963990557,80.61910956641425,63.71238748436966,25.99212651517068,1087.947730215078,1,0
40.15336832574222,112.9835965868039,56.25731302981822,25.69376695327486,3460.717832038703,0,0
28.646269754555604,37.44341838494971,51.314753200945745,14.371696012839475,4172.156742628014,1,0
17.439998763116655,434.6223810414018,44.63262401725238,31.26015286386527,3062.668505230683,1,1
148.26336105761018,258.0468115880883,51.62582850084962,18.161301076707044,1978.2239401626234,1,1
72.1127251866318,105.71652786190731,59.6918275767855,36.62863383246304,1162.250967298065,0,0
7.547724906151043,95.69038453793739,55.34950777796122,32.55015328470314,701.814106103034,1,0
101.42524638596619,113.02048380273973,57.61652836690507,34.315230655135835,767.7175895697975,0,0
33.416016483095824,371.0762562304831,76.85443722702371,55.12694909535339,946.7323413132393,1,1
112.47697451448717,131.688105100058,55.30327845493175,29.434230753516132,3651.1640414257695,1,0
80.43572269649502,184.85674648971406,37.02002959053685,41.35090504280142,3306.2822963825984,1,1
27.687830962930366,55.85179577369635,67.67213571988339,60.772641961283725,2246.278389935394,1,1
1.136279473877006,127.56568304555681,22.67603324662165,49.59925603942571,539.3868235871739,0,0
15.645027388824333,165.62330583090304,28.37173238521426,47.29754547682267,2393.0559267110366,0,0
39.00438778398981,150.91233850650286,56.716945294401384,25.3996767671925,1261.3829714893948,0,0
50.18486659672682,145.50613518307694,60.327933355731574,33.44464583351695,0.0,0,0
14.912733996446944,237.91043145777326,25.0989755299201,10.225855619550874,1787.1006374012593,0,0
7.503720941535777,15.692722588584056,42.343650380265004,37.48371601446622,658.0869591659447,0,0
90.06935435811958,130.2537365139715,37.878323355606824,34.11690266420762,691.9465709099628,1,0
208.03120815936168,236.57133964592654,40.26647354236806,30.350776877342717,1249.5920064319926,0,1
37.29472734860435,479.69600855299353,68.87195552545892,45.4079218236429,1001.6770270575871,0,1
9.417743183003696,58.74738924707929,64.13010927094506,11.883377663634054,1465.743180895992,1,0
15.893823586446644,147.79953428562536,49.61755640292585,54.52294276740521,1417.6694499827947,2,1
0.9280943705383004,116.35914686490777,39.08076145770144,43.526470319104256,0.0,0,0
122.84442638467785,146.68045515309134,23.00700659559719,28.94049030522039,3020.277988882833,1,0
6.26405219231015,33.57593947059536,78.40369877563897,27.769056182739096,516.6232770513202,2,0
42.96203344340779,75.99101108825526,61.84227800569837,37.20916822872891,547.601614869527,2,1
16.014066430139646,68.96858751044005,35.86661791853719,52.81276848095669,1171.4467482097025,0,0
40.39177577034926,67.09153247044719,64.39198995249782,31.52411578035016,1391.6651526307057,3,1
52.69443169930135,54.67914576816843,48.59552758850749,32.16046352968839,2958.979816831839,1,0
88.521959621118,300.0438020477801,44.257809902753145,30.27177716438807,1769.4234520549012,1,1
11.560126375226792,348.5585815158432,58.704230565792045,56.73036169052209,2066.4654841095344,1,1
0.5528364815848598,42.34260182770176,35.170035001745504,24.46675345594464,1774.5361875832816,2,0
7.360403534369526,48.68597305610641,43.1248696097978,29.55738602071393,1731.461582498773,0,0
115.13857644265909,115.85028436325754,52.42922128399092,51.95153481391492,1809.7295030870087,2,1
103.53006760265613,217.55186672662904,40.01097614229573,32.205162504192955,0.0,4,1
45.492215509824625,220.04083147720885,63.38170420535048,47.05588290068283,1250.0815151604713,1,1
45.87918592526734,61.732849375272835,87.38133007356521,16.33079914645562,2662.2611105711576,1,0
54.68671147037563,72.0823377578472,34.914037347857146,26.920612175572288,5442.331010806685,2,0
9.641101431927607,165.74552696178878,16.69749407391911,52.26651057660343,295.6910674604901,1,0
122.91047803856507,218.6974950740576,9.965196650474766,19.854904263546818,1923.0799603243527,1,0
27.130481717315902,31.720275337814968,46.99063717010036,27.73051440345439,928.9534221256583,0,0
24.155539966393423,121.5864595750806,36.73670819747635,33.85027846337218,3547.6519038968495,3,0
36.58584663113405,73.5354858923398,54.15721002134161,15.162682230105199,146.21723920851855,4,0
2.405233214598861,48.40662736431018,52.65195344052202,23.792848220671544,2124.9394903158795,2,0
9.093085252463617,155.94397573339322,17.935663067718075,31.689550227384604,92.78890049580991,2,0
66.97695452119817,233.54349719977307,13.702323410371882,30.700226012429418,1181.4333319391674,0,0
4.321413783592179,55.463431638096594,55.9186648069219,49.205280312557036,1465.686669250191,1,0
46.21011094925578,340.24542312750157,52.70857669439914,53.1218579224838,2569.6916817396077,1,1
14.075001680022039,66.24052664386184,41.48364003266897,17.15872691998633,422.8331738414722,0,0
24.65711284625942,172.4261893222647,16.85712829735391,31.66902778751234,2163.3830488473855,1,0
17.0326095977073,83.17367783901116,59.427825255299815,40.113724626371486,1518.777723387947,3,1
21.977423886142674,249.79821497113124,75.43799090847887,52.74521198698796,1772.7933862859795,0,1
63.478199331934334,301.81568791958654,55.55964880437845,40.77735445975694,2458.332714685141,0,1
17.628576980277543,26.776179802760176,33.05052218869871,34.36370102388498,217.44330699471243,0,0
41.78217653528511,317.44321252138207,50.891043311423026,39.99813797973946,2310.5949731485925,0,1
32.317989334513086,206.92101154939127,22.6777183813263,40.106532515043895,931.0951469105753,1,0
54.48329615463392,211.1741766108492,71.15921427677586,16.084285615734473,2595.873454976826,1,0
138.09608237564845,160.52441990301872,51.63688669059078,32.891981887594035,1834.5576345378802,1,1
65.94526356275215,229.48198699294193,14.636861764935361,51.887414912830366,1290.4716184829445,0,0
12.099780662202365,201.9003081161422,43.986512791126344,26.88964846958993,909.9740309091786,2,0
1.5839839412128922,35.71341518115808,59.26603020468462,31.941699638211663,2323.294994355331,3,0
15.208465100279394,319.4071950515136,43.33904758048955,26.36225325710967,2760.9516854809276,0,0
45.20303259365486,50.317641684239405,44.48208557119652,0.0,967.1484591398154,1,0
2.639763904988734,18.880981336048198,25.511955859054567,30.308852658520188,366.99343421860294,0,0
34.295297801309445,111.42371490579258,61.33081974163312,34.52687895979309,2194.2110429452255,0,0
45.42144199937801,131.1746908587725,37.030615999617254,22.31259913678647,51.469057966299715,0,0
20.341593896905017,123.94762877298447,6.871092459899344,12.680445766729079,194.48756241702836,1,0
73.68249795733674,75.39397343393617,42.57485258659212,16.790903103275262,437.29972447210093,1,0
5.635945738233899,328.44469451948225,69.62299431140707,41.46281424203346,1084.5495169612504,2,1
3.905525289612351,8.466796787900808,42.26141106800105,59.587871595703575,163.66811078455498,1,0
65.13237051081964,80.57133583312917,84.75969970247041,50.73650011358149,0.0,3,1
34.20851133315343,35.61987614766887,58.57935897097034,9.834809927541723,364.55580566287676,0,0
58.30213278665705,141.97119883871804,56.775163245607324,42.81940965826054,2142.4744465726185,0,0
28.531199956442865,297.7492059010162,47.43203468164782,20.05256436286065,228.45592787323267,0,0
14.144812687926581,123.79042400068602,48.63427584471419,21.265994062368343,1159.73032204583,0,0
85.49118492855979,258.45840594681,44.73152729760992,23.07036603043074,3446.698462365562,0,0
80.3260781980095,81.66309693753996,43.95461215834947,40.59100424783146,1450.8258699729095,2,0
59.32244098545607,137.41439080745602,60.61734324134298,44.388800646735575,1842.530989729593,6,1
15.882680749401604,77.42039733095373,31.28337540418869,28.52953393080318,553.9599817484468,2,0
44.608043986173215,113.71656362146356,28.482123425514807,28.78393888487963,3663.474853700142,0,0
22.390498778991102,29.88582859535208,27.536098982492447,36.963956148536894,958.7055108615713,2,0
4.802536730332661,120.14171075369775,90.91309095354308,38.51991809286363,1271.8953155484833,0,0
124.63499217688208,194.59587636866343,60.6068580334116,47.643385601377936,2817.0586779673645,1,1
7.3565224409760015,152.236859359754,56.089844033602894,10.73442036736202,1318.265755146381,1,0
150.02453265613812,216.43982021623106,28.84970659413137,30.30041009706045,1547.888782675215,1,1
29.53005063954361,45.709221359102706,62.46684601349657,13.979634361632336,1218.3116792108704,0,0
10.236514095673291,114.72194940838564,47.66857307093343,29.235865814048953,1225.1676219427727,0,0
39.033492307586826,57.95437774741154,54.283378822634994,26.607370684788584,1870.5020108280917,0,0
103.15708971410294,309.03831991829395,30.46759368272888,29.298758191459466,2052.9431891981058,1,1
65.88038895652369,160.8434879986542,53.20537714835153,18.003856678342025,856.7515687874329,1,0
82.13969130368787,99.24271180219455,41.523329235870335,7.690653101888568,733.9195438530703,1,0
53.76188575852014,381.67240342438834,34.687776859396244,0.0,890.8639111424368,0,0
58.92769180707661,131.98465932858957,64.68212671614498,28.032297686027395,98.74598580023167,4,1
94.58859940251398,102.15781685345058,19.245843829399952,23.534983412505913,0.0,3,0
14.361975777006005,112.93487399808195,61.29552528628301,19.860935027942595,1797.1671472249077,1,0
33.610883308562066,62.806523684048216,63.689722671059926,49.83822694247491,2438.595803175112,1,1
12.500656455306117,175.30843850776188,32.40712648897519,17.108427198070338,2371.0452931452173,1,0
219.77792087026646,390.0550660396853,33.59343077735065,51.25251123208204,0.0,0,1
144.17318936602072,530.2461007797419,45.53948637467195,54.35765616403886,1254.9349129567393,2,1
2.0112550602689545,71.70058009779144,55.64072420924441,0.7364929981592852,397.9080444074409,0,0
61.136578159786445,121.8256149280941,46.94290016371549,31.385721884984548,1643.737437820857,2,0
129.67917787376277,269.70861054276435,58.67124920383759,24.004552637460137,1082.1764811906187,1,1
9.9576412693925,24.16823548846708,85.25959305074798,0.0,2091.9119062445884,0,0
41.960145882295116,121.12781259437821,39.845664617005724,8.330381203973786,1480.8469095986586,1,0
123.5432632062765,202.56362365120066,15.696400585931592,41.62404160662712,0.0,0,0
1.7267761772105907,11.099962286837643,66.51847166061306,60.28798879066896,532.9141272004593,0,0
59.77052284464427,113.89627155811564,83.6662915185506,43.54017214048873,1505.7851148266536,1,1
17.64474823726064,209.57094589921294,57.85536726102249,34.854487087694665,1590.1104292310863,0,0
129.1124335677838,323.0133703948203,28.24502649292664,29.680014275533686,94.32319229599807,1,1
177.12349613111266,187.5748796525888,47.52215273529598,55.23994371972171,0.0,1,1
144.35868406204872,153.86900128749673,27.629530315767354,62.223588029364606,1556.2453375731789,1,1
32.143070259922915,62.6184982062241,62.85710987925896,21.197359807137207,96.33269394947274,2,0
99.0405353367679,306.7977144552859,22.97419194603131,0.00020159534563291004,0.0,2,0
93.07136366495395,106.87151024079492,43.997424263436,0.0,1054.8594873686584,1,0
19.21702607597672,146.5124517450161,29.91324347412187,49.828214882397035,1011.5539086613492,1,0
88.27987706973266,98.94552586680626,52.53649370269924,29.294121888384204,621.5995226606989,1,0
1.8854897634454864,99.47307158469859,42.67316645724485,32.748628656880776,796.2630432750371,1,0
45.35043201439034,89.36653802201764,53.53524206500528,3.140235105649303,1513.8357232223946,0,0
13.068812059864285,168.6177590759994,50.44701109932731,18.702166308173005,779.8370963201808,3,0
6.423888373582202,33.04079608043514,30.266819445517793,25.567787791488264,1570.6970216648394,2,0
4.003767165219138,105.94742328299998,62.537541270580434,33.11757575046106,1119.5314638826655,1,0
59.58389748441185,86.46110203088547,49.0246869631377,24.021119416293615,1667.6501553866558,2,0
20.766300653428353,145.82393583119534,30.229419842681992,14.440107025479861,2378.205565436645,1,0
64.50682186101888,271.3989568557217,94.81853112411585,18.231495110962157,2339.247845390595,0,1
3.3794967744737163,16.938768243657954,59.52860333434249,48.12484928920849,2788.2104710660833,2,1
18.93801907088391,220.3751017357676,46.93478893201389,33.671769294052496,2338.1468968971603,1,0
38.771175720002475,128.80682520429963,78.30409053403648,39.182352104333276,1738.5575315418043,2,1
78.20486666689938,91.7994962388537,86.83631218773215,16.516892836840057,1066.5683623598554,0,0
19.191480352007947,74.9730459545097,47.0930115537223,0.0,1112.2390771837759,0,0
49.16045432010813,66.69826140657831,56.94794972869524,22.153435396732554,622.2226935641897,2,0
108.5680829362135,229.08139361339082,30.23994363994118,17.00144168361755,1504.529291051558,3,0
47.83782545360431,190.07895895735317,47.05614498463977,35.23518402942119,2197.387478711935,2,1
13.260782148292474,24.44297452310164,46.0187489248026,79.28585570522763,774.3323971169795,3,1
1.2351706872077612,71.78546113681415,53.69654067243308,40.427490264273835,1462.782141336226,1,0
102.04908431870908,270.5865623941344,56.655209572740205,71.03940239075233,822.6377712782307,2,1
1.0749432080130656,276.2172402398371,61.196568976561196,38.53154543009173,1709.3543301876148,3,1
103.85288833020851,175.90839863927084,54.75285312599918,20.551706436409273,950.6166160500497,2,0
37.63818602347772,337.7714257479245,25.78514746741671,35.21874117181325,760.4894287059474,0,0
139.89959213963314,216.61965504248136,31.230657885178303,56.70957899216562,820.0333050679747,0,1
80.16862615115626,130.28759513665256,39.071847610726536,57.44343894481859,2003.3287738455665,3,1
309.1097205423663,497.6309229359522,44.35518816153542,21.369939479353814,1403.2505946696451,3,1
21.593930842414185,89.51494827359701,71.01548580944227,33.797755435489485,1071.5782699999643,2,1
72.87626295557288,136.7237002792959,26.74122026294174,8.560996804932824,1761.4045025472105,0,0
25.702450131147042,93.09819667005007,42.851699036586,42.37002937037145,1085.4837825323496,2,0
32.684365214259564,220.27567795874884,69.060189964281,53.30032048583841,2626.5178936857033,1,1
49.37664538140577,227.7209847776567,44.00245051006775,30.596991811740242,526.1338463067434,2,1
103.4457032016195,155.11665862671583,59.20831299685648,19.989239184598077,1313.0284871827182,0,0
207.01985184206544,247.5613417595096,47.20915914144193,35.40196426916344,95.23477833299921,1,1
73.10985551696125,140.82307116472901,55.13566514649446,36.26188547044749,1153.1256081099061,1,0
27.044209679557092,112.08807403357687,45.430549123809186,31.2171574777443,0.0,1,0
27.353478790951208,54.57861427844504,63.34130945456708,32.6807268650393,2246.3165225591265,0,0
66.89088879868328,224.8569986584433,19.098871851871294,27.392777242959436,2266.503767005579,0,0
13.641456002979716,80.28862478548649,42.7337598322291,44.93932392339609,2284.170173724476,1,0
5.853333479033074,46.50673365918115,55.93145353388616,41.043411677476904,1528.872480174468,0,0
21.895966579705824,33.192792818387574,60.67390496012386,15.253452792837761,620.1295952899079,2,0
16.930455320891298,44.22230264370746,79.85905245507655,14.841140952621078,699.6593679640504,2,0
17.570734486615276,315.71654164306585,42.179506662688475,26.18438374460157,3030.172055220521,1,0
13.303058297974838,49.70174609574725,79.58963523721746,41.052556861577685,2935.677103799797,1,0
2.150239046867366,20.64585620547326,36.81952346680659,32.22086120836222,1622.5551569507716,2,0
0.901780141597453,62.64506281037292,76.57292823089287,20.35274384816017,984.3659659196728,0,0
219.99889895561512,256.6840891160041,66.34934253396744,33.922778950887455,2868.6234226985107,0,1
27.910987344605097,31.490209089528765,31.730828407355546,25.03784220716592,805.4968386151901,1,0
24.251936372765893,63.28178939574643,56.140784745036434,43.20729690336197,1728.8492080959074,2,0
56.916632431322356,135.46670325511482,48.97528328935617,34.99587652600571,2851.9573053984586,1,0
12.311262797046666,92.54328538074698,62.51169187350001,25.270827188217844,663.6615003353724,1,0
149.7478126869888,193.84029466084945,45.53456823133381,33.472781580696925,2329.223585637112,1,1
77.16963909377931,136.46412979804293,43.85507548676537,49.72572089286302,2020.56079584387,2,1
4.683181932050347,341.41472783078507,77.38189165525702,21.455548851804338,1460.483457768439,1,1
27.028238701669487,74.40506572076059,48.02558211088654,36.03985472470741,506.56640086688435,2,0
105.64714800704267,135.51832408622573,66.52844648383532,28.943094893010063,775.5602398967242,3,1
144.7780801560416,172.67899845706927,45.492970299116,36.4047552579315,1789.4510728506586,2,1
31.499372155069615,92.70487994676776,83.33326518455047,20.181525876064043,76.6632051186134,4,1
47.519708628821824,190.03160576829816,36.43330741329013,31.655031497390638,1630.7438590182499,1,0
9.138119462839928,32.203813109940825,37.7171293750563,46.61734923625201,2041.0509840616633,1,0
236.47223430464064,360.01724920232795,80.49034362231806,15.944895281308389,2485.2201728091004,0,1
13.176908250884164,15.314576780097259,41.101072182094946,10.058923450123775,101.64292553977748,1,0
143.0004665746944,197.28938382202938,82.02148612328784,10.628166532695534,2816.2472971612738,0,1
52.440652973428,201.99135507363312,67.83681159189626,12.440062046997166,3195.3634941799355,1,0
46.7911111436097,88.1508631811459,46.90700586878333,38.92984931838996,1910.151567713594,0,0
35.94258762962206,118.8936115311476,13.734130559656833,8.912104712018017,461.9514185753394,0,0
13.111751402598133,36.05045564634073,49.61363391456329,25.53156982884704,1171.890711639759,0,0
9.711288501168363,145.18907153797144,52.03260107066849,39.274339549660624,1452.402754881493,0,0
12.454244931025338,17.823768211606406,73.34435466608745,36.249885908228904,1770.4635087305567,1,0
10.316673177727509,201.73829945821484,81.76894352480224,24.216615300562722,1521.9815526436025,0,0
75.61203787863982,97.70119507377429,36.30025641712505,32.86385597632659,1781.165142894617,1,0
21.548782053653717,229.012517449535,66.02363527976365,31.607179946063525,1409.2532426608773,0,0
2.979150416638424,46.44731509042653,65.30804312026699,26.636385666777205,1765.107094512243,0,0
173.85421082633871,302.1138202604103,71.4682540482089,26.837479220181297,1039.4765788386862,2,1
107.61604850130001,146.06843463367647,59.97379824271089,63.531411521354414,1161.8132830175314,1,1
131.38272769033773,367.73485471103305,11.150046180764605,42.13966355896951,923.9748295233322,1,1
264.00248845248535,277.54290302497157,46.8915513494448,67.20976376268214,3417.259534504072,0,1
9.551684828809266,29.216427927672477,26.885848501661695,22.54555300619248,2963.900786174323,0,0
25.229092744694036,93.15946230624169,45.94788454163852,28.72550104667779,2055.2941900136157,0,0
70.99017377406354,79.53925684793941,69.60008472267788,10.018113520850289,2825.3089972677385,0,0
59.53977012106687,81.35290654242135,56.10301671749945,17.856497968656413,2298.4613389778824,1,0
8.355644239675343,296.17969620374686,72.96181732794865,58.528697229937514,1681.2711595140552,1,1
84.59565014931576,459.6271504921576,56.83507841427079,22.169485652373655,0.0,1,1
12.708533362029314,59.91059224909163,24.033481206621946,58.78921950216689,1237.83607987486,2,1
12.668387698482153,269.435520884086,0.0,11.349566089801645,1164.9621079816482,0,0
38.49864921454185,117.2059098206187,52.9761752335918,14.197964488900848,366.9248269078432,0,0
44.93972620934595,76.37552826733844,45.72147067297669,24.881531684648685,13.837725393383835,0,0
43.38529227647337,164.58536013529428,30.461085212362356,29.043751174812332,1992.719346567025,0,0
4.797295148550687,112.3557837377378,15.98745500697244,43.84630938675194,1824.504322370813,1,0
104.96624056457118,557.0980451415428,35.305135730545814,36.76155625779399,332.60301993238795,1,1
15.435074883350778,46.229986728376645,46.11017030270448,23.755271139839586,754.1214935638106,1,0
6.935233048470016,118.42754280936498,63.317556474127805,28.000262902228407,2661.2222731541633,0,0
109.79790492400167,115.14048843290298,53.7726216313596,25.214056203229497,622.3034864834394,0,0
155.78381763766396,167.84770796775373,82.16134494345458,16.280193970114055,1670.7989039338024,0,1
99.07133922374811,99.4639464132624,29.287918879092114,16.680555950975673,1310.221700432019,2,0
82.90937348668062,835.4297170898993,67.62117784114866,45.418258371501146,2006.3634710620627,2,1
53.245625059931,215.3327763982744,50.94597486257456,2.577526081092902,643.8923473435697,1,0
40.02073907849494,194.53709485338362,63.89338248237169,54.26038046167582,1590.083477540107,0,1
4.550244837617541,75.82934624285905,41.26970273468913,24.85508661596652,1668.7225773458772,1,0
26.25072499551324,61.92780312081706,71.43360747781179,18.412370904117598,1730.1808062292196,1,0
23.315603931530806,39.71634695663725,55.90449516690485,41.09638936045904,1579.0738579626131,2,0
15.038621173814223,48.54041407625298,36.411100301645014,52.27824876220676,1844.6093205941102,3,1
64.26277899985342,111.41865829713757,49.759519421736236,46.76448662405936,3691.770332050811,1,1
34.24662419588268,175.43249931759047,45.20888282125801,37.52778074039836,4061.297776771106,2,0
4.225972361777927,81.80535417595195,59.783567012755874,46.302952345827535,860.7838592132781,0,0
12.434813059020824,20.49982848238278,26.404465012509828,4.25253634284201,0.0,1,0
57.48350637986245,59.30285755539871,49.41296595768611,22.172541877677777,2095.4953007219738,0,0
3.9592420097456156,14.754760960539993,57.906145052986616,16.332449099627333,1686.2524599012663,3,0
95.25993115221024,148.1077688506089,50.66046614386067,48.36958096822762,2561.0418591835805,0,1
34.17435221560392,304.76896940162675,76.93882488777992,24.2478297161417,1784.8858997153172,0,1
32.752756871779546,134.19893922300116,65.48045548142105,42.68109835173083,1558.6039395257192,0,1
44.87440382940374,206.7353379375754,49.85038406518507,38.03785413732957,2628.9065958772226,0,0
87.05739564722383,149.86351304881305,54.33378194995346,17.065395957544784,2768.780588413842,1,0
21.37090669726076,66.26028189537625,55.91331102963999,21.195626850355733,113.43994121900164,0,0
56.662694896142554,68.13650444631416,58.06599208333648,49.40726536222088,683.3938128604165,3,1
41.70466705174868,250.39803860600273,13.486840086707844,18.3677602697338,1394.4070407113218,1,0
15.532407280053537,168.39197312583858,43.969474084613054,31.873014152932186,1598.4376239245837,1,0
105.44557177201793,123.85205101841781,20.311218636131475,18.261880705103323,1274.0167966477513,3,0
79.83250668763662,151.62990249727312,75.56561894918973,25.29071719626209,1934.2071778618858,0,0
53.713328469243805,120.53436052659966,48.783009599941444,29.30757084045042,2496.1047893171003,3,1
95.05028592708032,193.1576282587082,46.13318100640755,18.25700234553763,3222.7097107207283,0,0
100.98103191102649,393.2048554481428,67.9359466406647,15.593295690241776,2078.9130237728996,0,1
61.612266045465546,148.30791898952253,58.446495948997494,34.29410005166164,647.6663215468902,0,0
90.70434253104662,168.40446454712094,27.427309712415855,17.328938868132354,1352.6237748021817,0,0
59.778983218599194,64.94231137675486,48.58189274945262,17.84013666451991,1424.6477587404431,1,0
56.99371458644325,63.49104025717113,43.296660535472306,15.91420284447044,2014.640239981159,2,0
48.19682095110941,68.9419027544518,15.10934222787892,28.831379305030225,1888.1680334339421,0,0
69.86101958130321,73.16198402098215,36.19447533525591,44.15552451599762,3550.3966511115095,1,0
8.63470877306395,144.6400359944324,46.329193559670685,52.597929544684,1038.4868647450917,2,1
106.37731590260766,234.8704076526214,47.70098137016315,19.11122871009332,1884.750533766803,0,0
102.72516610714678,117.34992595154793,20.355371526453826,62.25466189996817,3854.7113977440918,1,1
1.4841755771511007,182.32118251065955,73.03331166094951,14.929427089398061,914.7931030963987,0,0
87.38236881376568,104.19891586158042,47.95793882217122,46.25322784991805,1645.1486961703552,2,1
6.898195370187782,42.733771942667545,50.75106153321126,19.17455318976836,555.1194988759845,1,0
20.40734912546543,49.03923588410319,58.012832766796734,16.936150951949845,1582.0868996274314,0,0
68.03294015803708,114.60336441655575,34.238474921926574,18.82865764823417,719.7828518623585,1,0
8.762921736478159,38.154905882895626,59.12711946265392,29.213284505263214,2546.8009034913466,0,0
85.17837110792861,152.3073370101702,42.65850707963634,38.69958256550416,1647.3188590313953,0,0
89.2295148506112,141.55440920570112,32.068289187056166,40.048020568572326,564.6027400177065,0,0
35.40976526547985,466.4324005165845,61.46894986710798,15.840224769781676,2340.567697791672,0,1
0.32031743087075837,6.075427125669819,79.83347717603615,15.155110687330971,1679.6660388715873,3,0
16.916367135592754,32.252626758789866,64.49658746971663,16.250419599546795,2452.818777223455,3,0
47.97647471818692,53.40370997269846,68.45955130280862,28.32968396421733,352.33737205225134,0,0
198.6581733987204,296.96566933305326,39.58738786875402,26.84766593713688,1868.8244122486615,1,1
49.95828745445317,55.563407765368346,18.047605416630873,15.747368068953076,2273.3416946447087,2,0
15.041984850505852,196.09936263190383,79.80275044199682,34.04405541094866,1076.6225097642634,1,1
50.25687639707752,121.98828882071602,91.0902977880952,63.938532125029774,240.99727303184886,3,1
38.824850338883564,113.69245136316552,80.85613547539364,22.42926807247273,1458.392504629606,0,0
75.67126150647327,158.1323630462785,43.284281220405006,23.497322681946997,2728.1152937809284,2,0
5.657350864791453,24.388393675908258,26.907313225423117,38.39492355486553,2625.930330634056,0,0
71.57042403682414,93.5964830305198,28.68634604360867,21.617755623948078,1071.5715652444233,0,0
38.96430095349447,77.35677699887779,16.325348647719025,40.03446722577274,216.91456362355734,2,0
164.83106388838328,254.84731717505582,47.852427631799095,19.221859398314393,1068.8202796504274,0,1
20.91780449945556,44.50494730982964,82.11355916164909,57.48179411365952,1031.5223492680875,3,1
50.068184867251155,62.43553923815875,47.166747362555135,35.17162458888442,1946.4467833047775,0,0
134.43304877842758,485.4792209066822,56.046458006965494,20.69965576384933,1394.9984970958785,3,1
5.407649883263731,7.630351368863897,77.51193928608417,21.16962450796089,746.735788262858,2,0
138.4126963419384,300.71436786029693,41.918093763352005,22.293003709379477,2604.263067260668,0,1
58.21929417789845,213.35277597176088,90.7106291343919,50.5912449937331,1640.4258674448342,3,1
3.512382514555415,38.782683032302614,89.84188814994907,10.968734885980751,1935.4156527309408,1,0
17.90262082141199,32.477665434637274,47.377773226390346,19.98087494310743,0.0,0,0
61.579549756065624,77.31848373463127,38.44931471961574,21.575091646118608,0.0,2,0
3.486296369738066,123.03109320360193,63.94476092780626,29.76468049864593,62.45421855559175,3,0
43.634086454748186,146.5818746786469,43.04950114962284,25.933354610298082,1019.4565743932243,0,0
21.223456575568058,173.89211694045233,26.868895658653273,7.63158252914306,2076.356017613809,2,0
48.49980952374174,325.7285621227018,75.62477307045961,24.002659746067987,0.0,1,1
2.3410619638977423,120.08303099018742,74.3289477455416,28.506739752225474,3092.852064371987,1,0
102.60564224384564,119.54833177341283,53.11023207527121,20.57853247380325,1670.5660267701262,2,0
181.50971875721706,209.40740826208906,24.742704925436442,40.30163233571497,2860.29499294991,1,1
173.49178322458755,358.1304975298128,25.409474975652277,43.791126431304704,614.0299175258714,0,1
69.2451328480615,92.72956625360571,52.14458576838305,28.824199504059106,2003.8599341724907,0,0
6.968059941690289,14.496714561337898,40.00257930989935,33.45812380276094,1585.1959299707876,1,0
70.995286558018,192.49193935131444,43.17814135716784,0.0,2317.6863130545544,2,0
1.2447111141255656,52.74922168975166,70.43926310120007,23.683458417572524,1266.208632400283,1,0
1.1185973867236931,253.74154003697618,64.66358634845116,45.07232537636869,1973.2152090075886,1,1
19.54928851086151,124.60440498458772,77.56285360995226,23.648451252310835,2602.1953187712,0,0
33.534383746084,43.01150381113548,30.18753553245485,18.941074854120586,848.8237061082247,1,0
73.57244612919284,368.94814968369263,43.13616862626576,64.16533389046396,1742.2442324896497,0,1
57.48928634454094,87.40502105886054,65.17963390920225,57.28615785293708,0.0,1,1
29.520749369785428,70.6508332215057,58.961566820257836,37.013623687232354,2202.503019063358,0,0
15.984558127920351,67.44456755444102,80.64760765175244,47.08365917220071,3454.6625434624893,0,0
292.576438082849,297.83472394038057,58.410734118081386,0.0,255.56395225130473,1,1
27.772089505501707,96.39230923985005,86.96218208211104,18.186728390569403,1408.6187395720567,0,0
30.018102421227145,43.17925365016582,60.800356034462816,22.950631902402726,2380.4813009141135,2,0
8.933839622727785,60.17825402380507,71.2433489517732,26.460298516995806,1531.4174734665505,1,0
79.19083503186542,122.37838445836096,43.529701064310856,22.65083968539056,1665.0995514932258,2,0
59.15661190182869,207.36671502500346,50.28574423767978,0.0,1109.0005584763614,0,0
12.472426472658798,175.0141731050776,68.21888807678951,35.7903692806284,1071.8477469120853,0,0
4.298652845118935,20.95286960806186,82.25956341186108,38.1548119242091,1413.3058464146222,2,0
57.04979103686202,102.70739937684604,64.58473898621506,54.02848187384972,1541.6714221393559,0,1
53.13975472115715,99.87696994827893,48.33656456130761,18.175361028375548,318.5587384226901,1,0
15.959292433686983,32.37725778809187,77.54670059056684,16.94755263330147,1433.9780140539713,2,0
150.65772031925547,310.8312383242468,6.160426874402383,0.0,3068.5339387093263,0,0
8.188214159732542,131.0244392952319,21.555309969862527,25.596497451136706,1080.8662064110954,0,0
28.311173625170582,49.43042197909456,63.63268447336778,43.516676715932576,262.7450171253722,3,1
143.77842163998272,189.4629846795257,50.2821671250625,20.82348206710921,1348.5839320135733,3,1
27.212857134677503,38.39600059325574,62.110273022483305,62.15167227815472,785.3871878757034,2,1
50.878250886505135,149.81994563779537,51.28815044863884,26.151077463157147,161.6581746780605,1,0
25.341215150456982,38.28057446964302,61.418913892077455,32.204884264328335,1639.168461732621,0,0
16.025086503344063,442.4257594323164,33.711943580136186,9.553453791276095,789.7179628489221,1,0
206.6885264565887,358.41181526951755,61.40972172159381,34.308305177629194,875.285833146725,2,1
26.32522879227116,75.79397511151029,69.88829056415169,0.31020307720957163,1653.427380385389,3,0
112.26262534240661,198.6713444474151,74.41101207862465,40.405469325197174,0.0,0,1
13.065290624194523,255.3619841300946,90.27108589297399,40.86642264353118,0.0,1,1
11.983004068942895,92.74889942153199,54.88196887004773,50.38937136504765,2170.8721945019315,1,0
1.58145245477775,20.75787066135148,55.47822173694358,14.70046921848467,0.0,0,0
52.72979294379948,100.32445522682704,19.536550716523045,32.40843177446129,523.3223046926453,1,0
22.984952708610066,208.2282133872087,39.371771977231504,38.45724839079756,0.0,0,0
99.88690294133968,203.22921161534038,46.13835851986775,36.63422457495465,1013.8635331511678,0,0
32.04765573514069,137.237049610096,71.0063910455271,17.020510872977233,1928.0587476511655,2,0
172.40411706004005,374.0106008454769,37.77997751820742,0.0,1612.3379487323766,1,0
10.26060891304192,234.66681314154204,65.92680039497665,35.204404453267216,3891.8733894572842,0,0
101.48427523649552,353.7981899559666,49.9675656607324,27.71250482535121,2586.915617789001,1,1
74.93886523371488,84.90423642124803,46.456637697704764,21.499941105578394,568.8421498433987,0,0
73.68460219450182,152.238484969072,54.97787938266513,41.459180455731996,302.9449951735894,2,1
93.14663054072945,228.05015730859645,42.176872554943145,29.326206927683504,4206.687940975501,1,1
71.56960563018635,213.0088888389542,41.41925503814669,10.21207420848301,2562.572005733363,0,0
49.20443752117819,142.5268170544949,15.904281884197708,1.0282156635566757,2089.369607269572,1,0
7.034699296379124,25.281336246300857,45.04091585344221,13.06555102300252,1574.8518122156179,1,0
1.6533456674992855,161.31565998363388,40.40063707702547,65.8951844215018,1773.521567475017,1,1
126.8191650907132,254.15550254879267,39.68038021301841,40.8416516089916,17.926724517573803,1,1
47.94038447153901,56.947710983006516,58.3374612518008,32.82918512962517,1657.0391701967678,1,0
79.61362694658197,141.94026455934775,63.172639055810194,27.27508609221293,1571.2313974590145,1,0
32.84291801348973,51.95623246166226,54.643890092846554,26.289105900788464,595.8611568985199,1,0
6.238958208700401,47.40896558285714,69.90830380898949,47.50793975038643,961.4735464315214,3,1
6.68718745581692,8.511842721650332,61.51123851660731,22.641063871448527,3015.1763934435558,0,0
57.84894074723557,108.98649631077589,44.09887620388716,38.65380616026439,1374.8250797051376,0,0
28.132785996209513,107.95620850347547,40.7428742857124,24.773580745626088,3571.1713025331105,0,0
11.189983744581806,107.83860266225254,56.25644473533693,59.102349477525934,0.0,1,1
33.82380067046655,142.7366444974134,61.47534219803802,41.13432761367456,977.8698137742522,2,1
3.318152539672983,184.28482554504097,77.95688614062996,48.683352220254385,0.0,2,1
43.61027161624753,67.87641420953128,73.82346089880191,21.233853379676418,290.57754610816573,1,0
15.66663983062287,28.50474452611939,39.17053986985662,45.87204168851133,671.7942943407028,0,0
79.8653645015981,270.60743129005425,47.95987439745477,25.31133861907964,1815.3096267705912,2,1
18.57941985900969,35.61233306989583,63.4203560983554,31.65052235899274,1766.8261710803872,1,0
30.368675459765626,398.30152184236726,71.35995556117945,54.525715059291876,820.7096803723946,2,1
0.5844293025465451,185.44168695452728,68.77938937409584,14.358374148653713,0.0,1,0
3.760261115334893,73.25045421669418,48.722443343373065,33.048715969581,2977.692873032153,0,0
24.91962485428586,423.4942488254884,24.91954695142967,36.5700788777809,1214.2352839636437,1,1
32.690442439000634,42.935443424645385,30.021272475088175,37.80006571201215,383.70982969886086,1,0
45.81710517459567,81.92352733069438,55.45267028638828,23.238232603598018,1774.9307810700873,0,0
17.24173575372291,118.91485479817153,56.84451158848691,61.29396151212122,1704.445170523174,0,1
59.369205719459295,102.44855402246905,28.026412531312303,10.576021719896097,1177.3235350000348,1,0
98.34937522015511,361.97706784542004,50.89139221778543,51.883280829487035,1648.5310156415048,0,1
75.67253193487853,82.46039063575715,62.624487139435665,48.22598408387458,344.97015959198166,0,1
2.0212508198851578,81.74140179851373,26.975466849857117,58.51333184405527,2259.912843176484,2,0
32.74509207510541,122.11641225508569,72.09994403608829,6.1765935193826955,503.1329052431297,0,0
5.542677540477307,111.30740762550619,42.4493770288035,16.967527681654346,894.4303446965681,2,0
13.85656413923591,43.38313615892994,75.15226225153302,52.37914588742461,2148.801816151575,3,1
215.85913276147167,261.2039049392794,39.330951084481995,1.8444126805453678,2703.958965010234,3,1
7.686445108652931,193.27179301178157,29.46749034231642,5.9031164843937916,3085.7745680463386,2,0
34.54629781045037,56.23048877481614,40.83726020316561,22.675383199327623,2555.798238466572,1,0
48.137121748064324,223.50713044085182,48.0970375384536,32.87990682933401,1175.9278161982181,2,1
60.61116574288691,143.3145546079527,42.23040186457038,53.883376104731624,0.0,2,1
41.00912120190553,184.63639900162303,45.67997156853773,27.221011276044628,2905.055585602893,5,1
0.4909447692281613,125.53010121123836,56.679302993523805,20.87641277903191,2870.695988904976,1,0
19.760491799893007,43.0182196552346,46.57641260407201,34.670849065446404,828.0238466465044,0,0
36.460654678634164,120.58193437942288,48.67775212095986,37.043947249416014,2421.1890378245603,2,0
4.598445855202536,206.88426840340074,15.815472015948082,36.61859733255407,1167.8222060692615,0,0
21.58739455418413,78.17124690018287,57.83396032020946,27.330206880729826,3001.2768835117286,0,0
1.6883422852762027,341.5806499408021,48.21593404616664,0.6737082912277543,985.1353375962179,3,0
4.091884480404363,64.27914323274821,82.20585960965741,16.23576016340502,3478.651287548503,1,0
25.285542676779745,40.69226861871668,31.208696654920836,51.304066279011934,2286.1205475982456,1,0
7.119425296233069,56.45642499774077,13.834093430009709,32.806034069648994,3297.544844685987,0,0
41.91337019590603,344.9507243274067,62.36136987860084,25.16216821339415,1036.2027303501206,0,1
58.4729281579217,96.99813309530238,56.93054036626001,46.77252822560962,1905.029604444193,1,1
80.61878595553796,283.1885127941606,29.831339589377084,13.048250514465774,530.7208016556348,0,0
11.16656871289236,224.24062636918586,19.40502089991817,26.619777994304883,2343.989252119197,1,0
9.165056756753847,52.27204853517478,80.7479346136858,32.066376077610556,2399.0415328371246,1,0
5.522440864253784,14.215323418577615,78.28220781213564,23.379337450580564,3897.0239182011865,2,0
50.58920573520652,179.52699264193632,0.25086482587741443,31.51144234352398,1982.0397972196492,2,0
61.28974697557997,98.61552942204096,40.835539414869984,27.184591028673523,2224.094202506093,0,0
1.6047873368016057,154.35538527203644,83.28384109567799,9.009854283211876,1029.1696234962183,0,0
137.60970272244543,196.06675961805402,40.47874884444266,32.722168228185836,2041.3793726352385,1,1
2.6685242839504015,69.07917016347747,40.187755319466945,10.074723127306989,1120.1087913124163,0,0
38.9675444047811,189.43453466894383,44.34481344741263,32.48422687645083,1615.860758842,1,0
61.73200020306196,109.91749107836708,27.582060524636812,50.61203736225164,1674.5156615457952,4,1
102.38517762273804,160.9270468572059,15.904485115439115,25.784652040859186,1147.6951266508295,1,0
62.603373643601316,109.79439320563048,71.05094621469497,12.427753050435207,1562.9450965419935,1,0
80.9057936298363,126.68808767039911,13.141261875046489,28.095182801925294,1124.7048302865794,0,0
20.73413745732168,95.37766312522831,54.94542904217512,17.52043337882203,1120.2688749661609,1,0
84.32272846739617,249.7659657714309,67.73158985515299,38.917635039472046,2576.664651502271,0,1
4.175322487908133,49.080713898171375,20.975474021976833,27.780168787157198,1675.4136418264113,1,0
112.60251593926081,186.8897854555094,31.514631948098568,55.646448774968604,1847.0662722002771,3,1
39.65858414394647,150.7454914872874,74.26358376783179,47.44484393516007,42.69523101446407,2,1
84.99488048327594,116.3891962567017,60.6578344045408,27.703792432778958,1923.4583318303899,1,0
30.10304859675232,62.60999093399667,37.654285862422256,40.73413601959636,2030.4234639752378,0,0
51.58195008600443,322.5067324177356,74.04498006722342,24.10145386255732,1101.6613773112472,0,0
37.36989069793848,165.9368411989292,74.13071446908604,30.509353277477523,3585.0296762606913,0,0
65.76189174934603,151.84434297861418,55.38105386031414,24.578487054745317,0.0,0,0
4.257744994447808,108.59065694704968,31.996795442526743,41.49683939774563,2284.367135770546,1,0
3.112501565950754,6.086226021745606,41.731025930564094,51.494824150643666,2212.804804954862,2,0
14.19135787699582,110.45178288340868,55.7277348791078,41.97972310786715,2041.5829319994118,2,1
8.690574325757503,79.92538335593952,46.228103417050235,43.82904901928033,1676.212705638623,1,0
102.70177785011991,181.61246452638494,68.77914356469702,43.84550155853594,2050.6793226250375,2,1
12.372707909027698,56.91143161423488,19.404518397813277,38.268838835020645,2368.1754795558936,2,0
186.20514047170468,194.70363610623238,20.114729418675225,12.910707611845982,774.112416168006,1,0
20.541156216571466,42.026362508708566,53.617422229648646,55.5145727912475,1799.1956221800897,1,0
10.051855198942643,311.1257123179029,40.16911172386191,57.06616240047637,1316.683157976696,0,0
77.96065487971737,130.50375846702602,37.459027706045184,26.491805950299472,406.2315997744913,1,0
53.750810267075934,116.61476797539498,14.638865616512057,24.43953127175727,2217.1699746132895,0,0
34.47725543617169,39.8922334996331,50.390916895963635,39.18617479373063,935.6395753159667,1,0
40.524914955781036,44.3539174661343,48.944897839984684,38.262192527752575,2.1413252205329627,1,0
63.505946986448315,189.80092124738124,63.069579639034814,26.970808968704716,960.889339298351,1,1
12.967997284335336,90.2075282433813,51.37812266241944,11.249615166185936,701.1011019068694,1,0
280.4315616023852,351.50281362765566,47.34791843519007,34.58551786124666,2528.4790091901104,1,1
184.03199889450474,211.8876533204058,73.54001273580674,38.27154807263318,1653.1931405580776,1,1
52.53765450662784,189.0891233334574,23.750653931029003,40.88731722058196,2882.38274568994,1,1
11.128588923444667,29.549311772048473,60.727784376951526,35.239391585313115,833.4437687669541,1,0
57.00738976376844,78.07143688169351,16.577056704093025,25.93327277457136,2374.1698718964994,0,0
3.7468685917146645,65.49745316004632,33.23276239998385,44.910030592594175,4339.622914807913,0,0
1.5566058261809739,35.283041548444324,25.746857347533727,30.987727463488774,1856.03246712714,0,0
14.898937656944828,43.32944657640017,65.63885070903837,23.02615478452919,2361.6488623231526,2,0
31.052765093671947,134.68347858828994,48.69179532809212,27.290199269314186,2193.5176642254064,1,0
101.35099625954203,206.6112363392969,49.72993510814047,3.8104645128752708,77.92467257417343,0,0
64.94514894089446,238.96649940328535,27.86534024541098,27.26637263732192,2085.8172974674508,0,0
67.8768952374661,121.95531649231287,44.006130081342214,40.32654779812003,1806.4563206495689,1,0
27.712178970370694,35.30152991628364,34.73069393381777,35.09674533208845,1240.2526166016908,1,0
21.22742663447413,53.20201111497427,57.66910029708432,52.80996259471779,615.9636257951195,1,0
23.184282527364854,414.4139027857585,30.178177293367728,26.055376289764435,2193.983240327037,0,0
219.70319457582522,310.4012589395518,76.59588730410152,37.30969744579974,527.5962603893787,0,1
2.0467871021964337,125.74360336064771,16.48839100751811,41.89110264458658,3633.645604681897,0,0
100.88214958778694,101.6206527847295,33.86960335086877,65.14285512431113,1614.1690834881283,0,1
43.217587067633126,116.24139569800226,83.54401019932192,32.17148236676461,276.6929522134965,1,1
28.867454051732977,32.692552783979984,41.297225040759315,14.33719231703965,986.0037216716612,1,0
64.59607837444352,148.81422501065663,23.702426711911762,42.71893130032923,1221.8656617101828,2,1
33.3417151799607,286.8828139528322,54.38143125075337,57.98591033952685,3912.376653923846,1,1
103.34531706338834,448.865690793158,40.492155155709156,25.16176934660068,615.4110531905036,1,1
115.48142398101872,193.25452198875755,33.282594887633884,42.61622307909624,1383.7827367486127,1,1
27.38493506770124,88.6716569099194,28.08258378402565,48.4309208284338,962.1716301349775,3,1
16.205395354257096,306.27869001200446,100.0,45.2559831595523,1999.2584855816642,0,1
44.867356097045466,156.83353398552268,44.968961996317276,31.88337783710367,978.1165862949555,1,0
121.72779697617995,128.43790028380792,11.48865279334246,19.522893626802805,360.9433338602896,0,0
11.828044947501228,74.51261219990123,79.87419518011069,28.780806779796215,1304.7054202038014,2,0
48.77107288497878,76.24700192474414,62.221418102211416,36.87900680816446,1200.6061566677567,1,0
49.92390001127717,113.3748135874259,34.670671379604244,43.62333786137594,907.7556223759865,0,0
66.04650075634278,126.82891175329416,31.337618226277165,35.00917571998559,961.1896411028825,2,0
7.053281485133021,94.31531395424487,63.46945592316462,24.301380501891344,2684.6957978810033,0,0
62.908245456355495,107.03361373012301,45.061633450210905,38.33069484224653,1180.2597857324956,1,0
119.86266031446225,137.80768255146936,11.480443631097977,42.901276016142305,365.87233752156726,0,0
9.903228039007228,79.96461365017345,85.74479929209338,35.694150846217205,1037.8840362001438,0,0
13.560479584358099,190.87557878169054,41.32019075568086,17.457193281925125,1554.3356594653926,1,0
177.7088519430756,286.7769032170272,79.91143472964853,27.278909479242152,163.7303634486459,0,1
9.982152737757895,51.28670935836844,75.56869915931429,44.217311646187,3125.9779600063985,3,1
96.3394883878329,370.4841944775484,29.979809110343716,9.254732868832892,2367.5794775062723,2,1
33.89104712767745,277.16904862425145,70.66379728726295,0.0,2930.1727436187794,1,0
14.199848499718524,37.68963475816389,36.97114900272638,52.62124275216031,1892.1281254876826,3,0
102.30030008724245,106.32184971836179,12.665988263921165,37.67122882532819,0.0,1,0
29.466866277997788,164.67885151033192,41.50803667955715,39.100950037801596,3035.3337166385136,2,0
36.161493455055904,211.96123776612598,57.95275003552558,13.84774539559416,636.4316402901073,0,0
22.254497958890394,366.0340972801677,40.745267040073244,41.062920951998066,717.8132559979011,1,1
44.94106713425393,265.5199363036869,43.85903318149797,34.128730313525466,1656.3251439554435,1,0
8.927864880881568,100.69071956745583,72.87132089857226,6.235086332274044,2878.2298466701495,1,0
24.80354531817368,100.31694036870998,52.12987960580184,51.36425121410786,2553.2871339524,2,1
174.35790209105718,177.1814981293808,33.134033774300946,32.38024985428093,2406.2811201760205,0,0
14.92929402120031,43.25268495526868,64.04060647334653,24.05874050881097,1188.1729471254466,1,0
53.46286922585514,115.01016633305792,53.953511339084905,24.330153810221734,1172.3924739078882,2,0
19.666210219446352,118.68790152799978,0.0,0.0,1845.9436679800665,0,0
74.24458453535824,155.71999884343944,58.56705827542898,38.90004899447045,1369.9291587164673,0,1
7.013338980506838,142.73972034541018,57.83657415432203,33.92785810868588,2389.317907329353,2,0
175.03052272122,207.84856394647437,50.4024225916172,27.088798015003576,2330.1176644952266,0,0
30.23754610823689,113.46757669848671,67.83401162139151,49.17727811177508,2091.3413211727056,2,1
13.462677174886013,22.6898041451292,36.55212831346996,9.242114715062314,0.0,1,0
3.8168861277968533,57.20337346471459,56.729995776418015,21.048412854485772,1627.988363677264,1,0
9.301897005229696,147.9956870017302,18.660812576652944,17.249876178594214,1391.146119267299,2,0
36.674917271479075,154.8963268788998,58.141807667976636,25.818075303426703,1668.0256017595314,1,0
20.549253990258332,487.7095004087171,89.06119391079793,31.012050378858344,745.6753614535932,1,1
88.27049420610787,120.82842984880085,30.10287295064918,36.450202857170325,175.21408960077474,0,0
28.18385953427962,97.13709157375186,34.803957360244496,24.79539820342324,1963.1384799750401,1,0
14.29846184879255,54.276155561902215,35.79969114216895,16.839663972676593,1143.698682267938,2,0
48.00494582867339,106.0945523300873,52.5999645160319,55.290104246556666,2074.6929937075993,0,1
61.341130347967244,255.7973270826208,28.739274542925635,66.17460287682853,829.0856223152289,0,1
9.138597384292341,124.40608885554077,58.4249475738196,32.14930007823038,2915.910640492677,1,0
9.173263506538035,223.25492065017195,66.9367989093833,18.648294494686994,2501.064842570763,2,0
1.8680364004741368,24.622246016451903,60.68694426907569,52.13181196563441,1796.8271085458803,1,0
66.66650603949171,273.3080750765539,14.631691487238555,8.298643405073022,1286.7115866140527,1,0
54.50312625735495,60.6653798455174,69.90335330317212,24.978400129427587,2352.408877798197,0,0
32.182708481764635,251.64485770559384,68.7473482850736,19.558244229805474,1892.547815237406,0,0
92.94962453380751,132.8592347880895,66.60322744692608,12.606966743242669,1738.584187930605,2,0
81.90991605846757,119.6833787414938,57.4568449731165,25.799636506173456,2542.8654095596085,2,0
44.016550681796076,115.77869060502265,54.40378628410266,17.037418812390527,2926.53615440664,1,0
101.35053132645014,383.8485831520415,70.64778796252793,30.189816962229816,247.58881551445552,1,1
11.523592518528677,16.419653679553416,88.4702697520691,30.40765751508696,449.6158926501937,1,0
5.934651069514229,49.35675998763235,30.939190732703004,20.68002414717031,719.739274521202,1,0
15.718390286405395,209.91059358201542,71.56250791589544,24.442299651091957,0.0,0,0
2.9390553364981353,53.366183290964635,48.275658039850946,26.537265481444344,1437.251474430849,1,0
37.87570214169719,60.08472496670805,47.406538959427984,42.147690916791404,2100.116455244506,3,0
137.91906027009833,193.22179594223928,19.26938619235923,27.773558984037216,1478.5817050476635,2,0
2.006920820469112,50.710099957146525,44.3042118096921,42.37052611179146,965.8783583871043,2,0
6.511693999155837,253.5129477399889,30.054700840631693,38.78719475331984,2626.4577571291584,2,0
30.092162415096546,173.61305352968958,40.722911409881085,38.57296045351113,1640.5564032067496,1,0
135.81043269379973,206.15353165516782,28.036272324437004,50.8176895551896,1842.9829673663185,0,1
19.00128055283935,464.42288484511107,41.02183225373987,13.209136803811354,2654.23480489976,1,1
35.386125188567256,97.98686686176146,41.87779285953194,22.902253405393296,1376.7580611488663,1,0
2.123086650052585,8.123337711481177,51.935098368776,56.44948200449354,3560.2140726246807,2,0
8.028582566820946,38.44690589274795,17.70500275417338,26.140252491160986,1052.184996128234,1,0
215.73755422666895,273.0201542487394,21.089637045093532,0.0,3497.9482045129,0,0
167.79021539099546,184.85749704651863,57.23828541461053,26.95547485278172,525.2648180875794,2,1
0.2476111486913808,295.06594923405953,34.05123765859802,32.02409295244875,2017.4849028804415,1,0
151.63203993394077,297.2388927725925,71.49059580459863,0.0,857.4678311937629,0,0
50.96048067842504,82.19719991057627,54.50539444030093,50.009034598319225,2619.5661169810924,1,1
101.21672834882554,190.57296074325825,62.13524300412814,19.29431304201597,1021.7673921415715,3,1
30.324613454600474,158.1400811072616,78.2138464084179,34.928446727812734,1790.8711906440858,0,0
36.24180343488855,319.7374688503076,43.80578376386855,26.610276819839065,849.4580039584304,1,1
33.554274975443,246.9527908088495,38.510265891674486,10.674728711939377,2437.2251736666144,0,0
54.96026185327917,127.36054276949329,67.43405171197627,13.942377980468702,844.2487393608607,1,0
7.520872710472859,156.53208824582885,60.19027127859372,15.973757453586796,3183.4148447426687,3,0
1.5215990459985635,84.10829018797673,46.253393803573985,46.285078637754566,504.0028930386097,0,0
18.403404400689045,98.85685093140424,77.82915933911885,27.786927178497724,154.37208167185327,0,0
60.98491737704197,73.17252777444094,45.75511380320139,22.1720172517238,2451.552078079086,2,0
11.273152721830519,24.756394640085276,50.65547275111563,15.980866311146531,908.3563597364783,2,0
55.955920466598954,131.358997249375,50.42445301668517,47.9422533228919,1492.7626865504644,0,1
175.1815195114605,206.49676273283376,31.308122102030577,51.96301908785381,1177.7588461642792,2,1
4.930319686089348,7.056452805816615,51.55170778972782,47.77115848060021,187.39173284730987,0,0
55.82895419522681,184.14469918320134,77.93520354796982,37.3865600873125,1423.006335861662,2,1
29.326891987858676,32.62949205025294,58.899366307523515,34.34745062806067,2764.9158949723023,0,0
101.30158110967582,191.75678149864535,50.62126852797863,11.760932730361478,2503.1370033055655,1,0
9.749054952932191,87.22682516148103,46.76465437668662,26.312713099334136,1731.7927626259248,0,0
58.98449381901769,405.76530850951264,56.61734056812703,19.74209694980345,2612.268293035107,1,1
91.04354307988228,157.24970903837323,64.9953325697837,2.6173183652293552,440.4814153058235,1,0
144.67161936901365,151.24302709928298,62.18477661779506,45.855651287480484,1174.5456710949936,1,1
57.481811749231106,137.70839060713155,43.36270276356042,19.562550804115872,1895.8049407302083,1,0
34.37563063057698,218.32124127033453,56.49563188220229,47.939128611529604,1369.5851731828884,3,1
48.09674277754708,624.1093067487566,59.59879482296557,43.226196011400184,1253.1766695234428,0,1
101.59164546839557,157.86376132514917,29.856100249460432,38.35076964950128,299.3562676789047,0,0
42.26945460345029,80.87964505800483,53.364610823673885,39.193261076447754,0.0,1,0
1.54291588669526,238.6863886663945,6.773922273952763,20.770291768894385,2317.866424949636,2,0
133.64527536495865,154.87084546551566,59.6506741964237,57.86775226935997,1743.2215732522259,3,1
58.48287680055751,154.0455398752241,63.20686109125363,30.64688146429574,2401.998378210093,0,0
56.429877193974455,108.46940797187001,64.95092251572919,34.52897527678056,1062.7640578416256,1,0
12.146599900901197,16.341609308974228,42.09906295660865,20.263854996500413,787.222115172406,1,0
53.776849683404436,96.43885118441682,56.18093670048069,16.0325210883456,1506.5479666366346,0,0
25.03257824479294,55.852152553093504,78.47907691082334,37.15944013214135,2354.1996486128164,1,0
52.66755678436182,168.53282022455454,78.27539296582518,33.262702439081785,1268.5477850123457,1,1
5.635653439134803,302.8186706593355,49.41654601546879,18.15971451146134,2301.7851843284857,1,0
53.62461592329283,84.82853899636417,52.78639261459119,8.423599218368938,493.6919944069132,1,0
372.0861454852203,538.9338049113962,72.21822289468867,10.951153690086795,1338.5528668301329,0,1
2.4706499447150345,8.165768210751445,19.983959694756503,47.942005756366605,1429.8858559219689,1,0
188.99315562811142,266.238390498335,43.53848514645951,20.801192780248925,2726.38994392192,2,1
26.120284122729863,33.436517540208584,76.71140911073513,24.916371814862494,1707.6273980159083,3,0
102.30167305078766,374.16172580538006,69.50401083369532,51.755103881385935,3246.077518294195,1,1
76.25150284671463,221.64515189829226,57.385275552998095,13.16774157770378,152.3152000525174,3,0
41.85275529632762,149.1325647140698,19.88335189338759,19.095077614244147,1629.9189044112798,1,0
67.05633929263293,240.72461093412159,49.00179533917676,18.4684975715896,1679.3980391804457,0,0
105.39845504791698,209.6745366431736,38.20169207500134,54.27102721749059,2120.093197586867,1,1
25.887503932435134,373.0851080932864,56.62077805634427,59.900752508736204,686.6400635511088,0,1
19.802961239550324,144.96460559285765,33.81306630410239,41.273448381032566,3184.446339410836,1,0
55.06981585861534,313.6423780235068,29.485532100507854,41.7507708623136,1512.9639414717592,3,1
82.47289214855367,155.27406524500566,8.702694446327172,21.294674957209033,412.9324870650819,3,0
71.8341684410256,84.28447133335885,74.43609369953403,59.20992730356424,1483.9750095863815,3,1
79.92827382238877,155.04356309636967,42.00458977113885,34.015443815379925,1186.8384771198864,2,1
28.598124837094325,42.165530980088874,53.14291567405069,42.7966539667461,4283.235142247329,0,0
85.14190531929316,174.91173976010901,49.955237670516375,28.417125918435687,2549.9435995250133,1,0
6.403548132678573,72.27678256509259,28.651321340790012,25.97951119008584,1549.6613557082173,2,0
39.316781417214145,136.75522737721258,24.81870177103613,54.94563389394176,1388.0833148007953,0,0
0.28876527581269273,1.2985445348622502,29.89369748005529,38.09585519607461,2451.056862481465,0,0
19.621459547159393,41.29294696517239,35.536631223412144,51.77063191605573,2498.8621603282145,0,0
22.821728131459306,90.41739331631747,57.3321249402761,33.82992257617567,0.0,0,0
25.22335175943337,325.8088080886098,34.08564672958777,17.27450195365364,2142.993154733334,2,0
59.44882510155721,107.83620930369102,84.92981263189243,21.249856006822682,1527.9665439786268,3,1
24.596767135570325,79.82613768767024,70.54302071786302,31.544478636969156,188.8561782130239,0,0
29.77322927819642,155.193260528467,66.16719099331416,20.6024967593501,2380.214139624177,0,0
13.560532436598896,106.14231888017906,47.606821950537,13.388078870584643,3746.188013558265,0,0
23.36052002753381,58.87472484113016,80.28561471440968,48.02125547680537,2056.795946827781,2,1
12.891254876652441,65.7929970375988,45.63988737757752,21.826948937647316,2600.4284422568644,3,0
3.8006544127693607,28.352326730165178,49.37477171691508,32.072891216869806,3304.1190919644037,0,0
46.24747976592281,384.4500902173259,53.39949079498539,34.442003848284074,669.7378492799483,0,1
55.16307375355345,69.16222450497172,64.03646081086688,21.177703120191467,0.0,0,0
48.31218650742091,94.80771141683407,62.73816158005971,51.76199199463109,2156.866063309502,1,1
31.13388075084737,33.7517470250134,40.49749443110794,13.242873581930809,1252.388463558549,1,0
23.884517238994995,48.959053796088895,39.34012561148093,33.92437895371156,125.82654762845709,0,0
99.51063609473775,251.13779280405626,62.79805914304169,33.691765595648754,1421.8300638642067,2,1
36.60290274007968,59.06426991738315,64.30473167782465,29.18618095703778,2227.5473737906204,2,0
32.61771957576247,40.9627722863832,42.13297750354254,10.54631080092026,1351.02833523564,1,0
1.2988276971007235,65.63042732101688,18.25623860643092,43.06226327795196,713.1723692649626,0,0
20.870394070539884,21.872320101601108,45.853678079835106,41.15266005501895,1276.4929397034898,1,0
23.91756824494026,32.775135987522575,62.47051597651718,19.866472071131756,1480.5235346986544,0,0
25.44327570989996,190.2745964077729,86.10833692839562,40.61230810808043,0.0,0,1
43.39555274326353,191.00579501907205,26.04084075318676,35.62361529451164,1357.2250468293068,2,1
38.135855217643446,284.80970909966294,41.46857494338853,10.790817819583374,155.6595278551083,2,0
46.812567913740985,239.58109658694812,42.21192876949247,17.191066281429638,2159.025952021096,3,0
72.38365643934405,187.32440501722056,77.11610678863002,47.074221673343686,0.0,1,1
83.82852007425824,89.20371544211635,49.30116999082735,34.641242777130756,2512.6922045509364,0,0
63.314237191569546,216.03029276114768,31.853468812554688,21.53545581284061,1090.8349307860585,1,0
155.63993625021027,342.40305206727305,61.17390565843638,17.12286163241037,957.0242932279879,0,1
0.9200422291350013,161.40595621816723,41.90722959918107,22.269093028268685,1794.4545973019722,2,0
10.893995535625647,81.91906411502215,25.512254532840913,23.332807051834433,633.965554776608,0,0
0.37958092657078446,26.893631416916076,32.14453385447699,17.310554510561225,1778.7457541300641,1,0
52.13164632038758,238.77777699544075,84.68083908845239,3.873538314250464,767.8912253116293,0,0
114.15410050332385,244.04210394058327,57.68418443298924,47.10019929601178,943.2654876752307,0,1
13.951467213888675,409.0339546668014,52.15520110905086,44.55950508917165,1905.3541693291354,2,1
130.88845831118593,147.812321314196,45.00212528375908,10.901168222897109,361.41926626561735,0,0
3.107995096936032,28.68300950031261,55.842976842375975,32.04466943345501,235.6626982376431,1,0
136.2364461500059,160.03655284536882,55.60471892004988,16.4664269592785,1748.2255074103418,0,0
21.66412396532692,178.9456848519254,55.843376564146524,26.07649165160197,1473.1001475106154,2,0
5.347023069596843,26.038038012420312,52.29690180555506,24.82850130189515,1668.692744809392,1,0
33.26412744497058,40.162682077417145,67.37596676611099,23.582486764231913,1827.6392367214207,1,0
14.837928153908594,669.205173277288,50.46208692001462,60.044206261144296,1557.3755538069813,3,1
16.764749629583097,19.277784641057256,30.441223288947224,23.39511472985714,2108.092623967069,1,0
18.35718935806393,198.6861946166136,37.751542181982636,17.876042623996128,1597.4362869786585,0,0
81.23415099827118,126.70496602363379,10.419626130205756,18.561278557544284,0.0,2,0
38.73535690691302,223.00829729152377,90.53634232084785,45.65665434602633,0.0,1,1
18.648034787672625,99.53088794054253,67.25509183905373,5.218465024605976,3427.9491802420825,4,0
47.12323804772562,279.0264278603463,33.398590097415266,18.560656253467197,1500.071867058863,0,0
62.965586232405066,323.59573791831446,44.363103012058005,51.70234260167301,2450.241651717097,0,1
15.915587110402301,16.829569360143058,37.262470515871335,33.6597928199647,1154.296094372924,1,0
26.683316697955107,34.52404034243934,80.85094422748234,32.8788300755417,1441.9849056060696,2,0
6.498947976070027,35.31499727318033,21.60245671458142,61.98219690215552,1046.6353457291564,0,0
9.992678386106936,120.65170613097924,52.28952117637559,33.695219294227485,3965.9273314613647,0,0
57.14668463130851,276.3156538031572,47.82944314870304,19.377207579606264,1753.2424223641424,0,0
10.010328074182361,71.61819283393213,66.53677261418228,25.768844146854768,965.1420944938025,0,0
37.239224986605,130.62695128917332,47.9198154455061,12.96851536454147,0.0,1,0
61.72954997198428,82.61662103493974,14.835822466891301,48.839055600235454,3473.733442735852,0,0
5.651544176023521,169.1101093983017,44.97764330715118,38.61842576305073,1336.7216147716967,0,0
41.886943628407344,384.01096815130046,30.5567556411335,46.86621224956333,2244.229119561597,2,1
14.823548004624207,46.10287943513481,51.591590931131215,48.19475892824056,2355.997290306546,2,1
164.7431485903963,233.02837446930627,78.68354073040653,23.78683828608701,1037.1694765696293,1,1
33.038418566340354,42.04359368260518,15.211495115354438,15.828707219866653,2172.4527753861557,0,0
81.99293587176795,163.89496888761005,33.99554529200192,29.224303330379314,895.8617132483824,1,0
39.95056249968056,109.82352420945806,38.94614092433006,16.908583938171926,509.57363796058416,1,0
2.2191524639933062,17.818646892547353,42.36737809173577,32.47435313113537,2664.4646925122124,2,0
50.14029917871762,108.4917976930762,64.80251328210488,46.981453212520336,1341.8106201778007,0,0
151.21002600623663,191.87230161162634,46.52911164877225,27.477905309262493,2018.5128336026553,1,1
46.016421137691225,119.79550030930322,58.316054514408904,32.249926348616086,1910.920993881771,0,0
85.51511073538646,173.6205822300225,37.48453912536448,28.5923157566495,2137.931960055289,1,0
107.79732650770167,108.65051368124323,54.59848690835875,42.040913586565466,0.0,0,1
12.943703291825011,156.07537935439518,65.5559526175543,19.98326408567565,914.7094686836301,0,0
11.915704709007787,136.74799089801954,35.354009005258234,0.0,1175.524842503575,0,0
47.20635323547652,92.82216722123431,65.6271623961303,37.06303289063071,668.5213270985095,1,0
26.468871616678864,31.90772543764651,51.04745537455137,44.817516319619905,1929.0068480163877,1,0
91.5857491084462,232.20792496070038,70.90920480964505,36.695613671378034,2686.8930775958975,2,1
115.14081768564279,425.6401016457122,45.97160199846053,20.396542567979793,2845.184655346298,2,1
21.803023921175736,49.26665732600135,57.62489310324197,12.974818527208967,1160.7952347901164,1,0
13.516380730422153,52.602302327983395,49.1878753664294,37.41746297670482,1791.9658624579072,0,0
75.82596478962243,96.13712960943451,48.07575475918842,32.1221842940201,1945.6435044900993,1,0
16.06580613670829,102.08901640625581,55.178608564513794,28.113110585125053,2121.2560942035293,3,0
86.47144627595175,103.29454333556018,60.73614938449808,57.336950144906865,621.8649269273561,2,1
27.559665037770507,71.595440305473,25.008701761519898,15.797998587280023,3320.5802682649664,1,0
55.06327516026851,174.46981762759384,78.67267217635757,56.625555316911985,2426.5201843464447,1,1
5.02060086455629,87.14501932119052,12.806739189004034,30.4767585730596,2452.649343692441,1,0
48.88960345326871,97.74100313851264,36.30375780522208,2.4664428469368787,2703.460056900397,2,0
30.052806898139252,84.56856849933541,48.11461858470199,27.311960185212886,2034.1359422659843,1,0
44.16800520333024,126.74696093625933,58.24711938171896,44.392441148991615,472.68657694902754,1,1
9.196995746157896,9.78519504016546,81.52345055482758,24.52417450792544,1361.0272684448933,0,0
66.75606523742663,74.93238634233582,12.83417023549785,7.878321881424075,0.0,0,0
99.31471316059388,312.39499090382276,39.84611743220579,27.53228202305745,1915.072509699084,0,1
12.214516334426968,20.322397910802593,7.463330244014692,17.142414391624413,1330.7863418344532,1,0
5.030510563140048,127.72176800599763,50.63243947820496,37.37721601631944,1459.4776164730683,2,0
1.1961229965786995,253.8167039462403,55.433671690000615,41.60099724101417,2704.0011300856513,2,1
51.35713440247937,82.921897185128,81.81591484342505,14.155943883778408,1043.0059614435406,1,0
46.709248666195904,92.9908309487341,52.412695217869086,19.412939173265258,1247.8768412279237,1,0
39.559770669178285,123.70625591659643,70.88050258884759,41.34963697660407,1521.9732959632163,2,1
13.194833147064442,226.65556634637562,61.67674163078118,17.11733582551561,0.0,1,0
24.78913325326026,309.3577118553439,41.29503605989663,13.767627962580075,1233.9363442379968,0,0
45.1288023769661,179.66832660907193,21.820785064159214,12.31963302305618,0.0,1,0
34.3350857495958,43.39538703543633,55.500045965836215,35.2805791943718,914.4784381042608,1,0
220.25665816906633,330.8669320471489,20.157959657092725,34.63736579276196,2355.189053392827,1,1
7.334580630766366,60.149346377122995,75.90414145339288,19.739309544314374,1947.266558251069,0,0
59.39587812102318,123.01605696564172,46.75875795926352,30.07628094192351,905.1796895459239,2,0
25.902480040519972,30.94220651316499,73.90354823022832,52.906985762326954,1540.7982182238125,1,1
27.948266282585788,49.15158377692117,40.39571131735201,15.389097646226675,425.0104328695945,0,0
63.22114307095264,219.53079248668843,55.37701572801984,0.7238608648432567,1497.65659685048,2,0
58.95362876599073,119.45971963911344,54.18697714669378,36.826133635805554,4430.32028549251,0,0
236.9693403932185,272.87458026798953,49.09911763978152,28.343982541476173,3345.8013203719315,0,1
6.870906206829155,55.324834222513864,41.34680973206816,19.34962369777348,1552.622130017261,0,0
5.49686250203277,198.18574257020603,57.8491203694104,39.78120356032362,1660.1441649153744,2,1
64.4291382836771,202.65898079734993,31.476734730335835,42.58837717003185,520.434685365449,2,1
43.18336252339902,74.97211877801914,25.811293420818828,0.0,698.2108920489496,2,0
16.021329622501305,28.521187162835773,74.85653786653656,20.211031360027675,1862.184322104694,2,0
4.137534367389874,33.172526720319716,64.54335977784201,64.76274346795282,975.107434363515,0,0
4.477543553195397,258.0004706391529,51.3178321720448,38.75107373697286,2404.149594851582,1,1
112.30592562327945,199.43499446407137,83.30284765087563,40.141554574457246,3069.6856809777573,1,1
10.651451592998201,86.89693505402464,44.644689625503105,47.59341417947218,1832.6207847810388,1,0
19.53164964737904,110.26316290557828,76.45406439977958,30.256032377995894,1601.7372058399267,1,0
12.851591504781664,58.42668237829843,53.511481698516434,41.9502624013743,0.0,1,0
21.924961740521038,186.4869370707199,29.504984998472196,40.77093065755804,2247.6102452720497,0,0
3.5975680365814915,77.681475194852,86.960803835417,38.085622451291385,356.3286984609417,0,1
36.60061610127674,49.01507793104593,69.8142169324817,25.16982044073893,1081.9908713665802,0,0
3.500342318872068,17.319149829640544,47.57957937980871,32.580883835493886,2459.575892385135,0,0
80.5611021079626,157.5335073024005,64.54342519067899,21.174576535398327,2529.758164309032,2,0
13.309865384210301,289.0920435160683,41.92593132004186,30.192214568497423,1033.4924726498828,1,0
38.827734557429736,75.6955644797893,66.58298070119083,12.472636618510997,1091.0844650800136,1,0
106.04614082448708,309.7158980421027,2.1784286943208144,18.140640130905712,800.6811267433282,3,0
52.616602020513206,197.04946040842114,29.603973326108125,25.765319371126058,302.1462546740893,0,0
38.066781628736585,66.54373913893735,69.58519488573926,15.844418528548857,865.2045178957582,0,0
19.6028021242073,23.304554145719482,45.006889235621614,22.424740938822353,0.0,2,0
20.24840506119234,30.989919239402013,54.150845897774836,27.54111034866726,2183.062581508265,0,0
55.35545752848681,185.73253720392677,23.064286757691306,36.03393516996566,1894.5236051618758,2,0
256.9748337353652,279.2479146408477,86.95733991404205,44.238859527793636,2060.5292848705126,0,1
54.21168634826156,100.61716947739802,73.81059287435353,23.04323442932838,545.5959494248573,1,0
40.79777554839906,110.4529055502515,45.9862956324934,50.02656925902936,304.92943648494384,0,0
65.58727620964056,194.8560824921832,41.90608286273347,44.0791661793824,1553.5142743135602,0,0
31.293646399120444,43.310747475848174,70.59208722839386,37.56140747915913,1564.1025649502253,1,0
3.1013421741608775,55.250641558902245,89.64940900337855,32.304736939449285,1352.7301724870547,0,0
41.31071300719805,107.68370895633876,69.07520511622707,34.78681262802812,1210.5167308121506,2,1
158.06017136476675,235.8930086581566,93.43605334793205,47.80576725999573,3210.7757776943863,1,1
9.636958147035177,180.21016853631764,31.552973418761642,48.3536948963891,1926.0250117929784,2,1
58.559937923412896,77.39529260077002,33.61226339002418,50.02420092575465,3470.678391466491,0,0
11.215567187112898,176.15381088452187,26.221177638933028,30.619902478155048,2768.965025431633,0,0
38.374971301322326,156.4261321807757,58.83521299298959,38.32450747497919,3203.270926017345,1,0
5.083724185118045,86.24770417101043,53.5120709960874,50.15319759933077,425.537233643998,0,0
29.925582892294035,150.16561049950286,46.960977530560285,20.64425947625411,2093.17099099803,0,0
70.56283292712283,123.66868290949401,66.18517256246597,25.223747194225446,1068.234511006627,0,0
21.352688074272706,36.2488232085455,74.64657210429328,30.240549945202176,0.0,0,0
54.66806364380442,164.2592295886359,19.486751814263158,43.493981069691095,2996.003169555526,2,0
79.34713214581751,153.72221536020973,38.06055944197769,43.72758226077934,1206.3074742943709,0,0
130.98673463521044,232.9783434984406,66.4028718824612,26.53703833203097,444.8983697333156,0,1
13.37058438577778,54.61937255579101,40.64522632282836,7.37085818430435,1085.4361367513065,1,0
25.48430664572674,262.856522815665,34.03587847283692,33.69275916443951,703.7758772261807,3,1
8.268267266120139,96.78863254990246,70.3707485530079,16.22525794007398,806.3020323833327,1,0
244.53274810240276,253.4598665045328,24.2099986055204,7.650956930396664,1278.3966098173505,1,0
130.86545485792863,190.61352322859645,43.9684038441779,11.04192658899425,3230.815193044743,1,0
38.82177993995614,180.02651595697793,56.57288051609617,34.89571511768341,833.6827834553743,0,0
92.26854960309858,250.32180319522269,38.523601721797625,50.415560413992104,3159.2706642191906,0,1
36.79834776491431,105.03827302018244,65.66311312026349,30.583417743543656,2348.8367959795214,0,0
48.85324243108654,273.9926151009212,38.62246049605262,33.17070981968947,1896.2715635860861,3,1
4.66744897715109,35.81964026927294,78.17238986891839,47.743424083168875,2248.120032251875,2,1
70.38007175778695,123.24487159403388,47.48507405008455,6.833176363746688,1513.6556638374575,1,0
6.831866761445355,235.69703881420043,63.42540273410707,37.80264632400407,2786.050103863426,3,1
87.45443674676696,314.0380226509993,64.92047905965633,29.82615323521768,2066.980263267101,0,1
76.16945335093325,191.91424957450985,37.449199945118544,38.490861882481006,0.0,0,1
61.67775345468045,257.5634968994688,8.930269026882229,22.74774137394276,1796.2519318899651,1,0
1.8415184025776559,11.137871302197349,57.215115093276694,17.730940643602764,2283.973142992615,0,0
18.057702002577507,218.30203079861485,51.44576694249739,32.10763356428408,1210.9987813987827,1,0
15.266006958956375,53.92345934661553,61.116520551502546,54.73786985001692,1626.2558727139326,1,0
22.32501310097585,41.96683960739661,45.46945055234324,42.91365156812194,887.1420053255931,0,0
4.5861820286188815,31.946984684561205,41.39144602398568,22.38460844729863,122.37434393643957,2,0
138.1975650446037,192.32063732188516,90.16946021963399,9.885419460280804,0.0,4,1
40.34965093815907,69.27691856457952,20.552918769784444,4.76899074453322,0.0,5,0
18.22990609738011,56.87965756479201,64.67900956728477,49.74149177775722,2169.044742470532,0,0
25.290371555329955,39.79046163193729,38.50796283633218,15.673765677962587,0.0,2,0
29.63818011213151,64.76098429148983,43.284427645191556,25.117298805075954,833.5200730365189,0,0
45.8888835110396,130.8184256559569,43.65794334852069,49.81816689116364,734.3467147546222,1,1
36.25041260227198,94.56383051047739,33.93131451657486,5.791478167815125,1217.8404640125354,0,0
125.90785232588233,168.4826078449216,61.42448420472479,52.38396764212588,0.0,0,1
34.35462564603948,171.57488894391344,77.81287191899915,26.19539319161247,1903.8880947406187,1,0
242.41316326801177,466.3835559002431,59.40027322493323,12.771250271418918,226.83860584010108,2,1
95.33325566641402,236.7159372812393,52.0676399242419,26.2897360927663,2632.405540709269,0,0
11.691934191971594,52.03874984401297,30.27119001801507,19.161048278977837,878.2343124111677,0,0
133.3899730294427,269.8206276273476,60.33650531648902,36.612296983585736,1404.3869765880797,2,1
6.185638975497147,22.670766349427694,93.12699263458597,20.278013491683332,1503.7738565552063,1,0
85.03647870053629,98.9992424704783,42.38610752409815,1.3253668362143571,1744.241052860572,2,0
23.952080933354857,66.35986196449696,42.48032841296268,26.691561983865157,1537.0143774961423,0,0
105.1761884121618,270.0472830106784,38.778217380380056,9.651824215701915,1072.8894512673683,0,0
101.26914595778133,129.55163436142197,40.21171531011159,33.0647982598248,1843.0485306940432,0,0
81.97563291787237,88.50988095635329,0.0,12.193045015750137,1966.1471304949541,1,0
78.03963467821305,92.16253302233052,58.100707717114254,22.679807952418713,734.8653328903796,0,0
18.16909347958934,213.88792233563728,33.088956472907725,32.738817063215045,1926.367818973557,2,0
4.219066460037473,104.67206672371346,17.794737624164,26.813119124485958,2691.7203024016962,3,0
25.790248237114984,54.986190749354314,65.06379899465098,33.756454245015675,2205.8941961045525,0,0
9.529251168332879,90.56385055791642,28.35964429916128,40.20430748576635,2432.375241647187,1,0
59.3641575488737,134.35276348065238,43.226618922324846,12.630994504030408,1671.9208489074454,0,0
21.24002131065532,127.78755798317196,79.3288478237716,29.03403689062938,563.8495539251209,1,0
185.67951510635413,212.23081884654962,21.81568403950973,0.0,690.3555402963549,1,0
51.21775572680621,251.0245490443766,19.34803530804476,33.709999525237855,1819.8879678544117,1,0
86.43375877049688,123.44865601493422,55.38612379124676,25.487788044377368,2442.76372515231,1,0
7.108410438327972,125.56846157459825,72.98974728020737,15.24825354783043,4285.911913994056,1,0
99.03032716682254,100.6559334764324,18.51316564536074,34.73579133444786,2481.8219444386036,1,0
128.04007243080665,174.66627698469455,58.15379473674354,47.59046365777601,329.564242502498,3,1
33.38000702741247,76.72169413498011,61.61999079923384,22.859733786015852,732.7274276400176,1,0
46.602327491249525,125.01557439988916,8.816790326153594,15.827782646374198,3778.5173159559986,0,0
72.36803671659189,79.91976137944991,65.9700267581444,32.475378936580675,1285.6110680232216,0,0
9.608815422728965,165.7361687426457,67.53211759684359,9.96590000030459,1547.5146347612886,1,0
34.914627410819726,59.47665471779776,43.764288534879505,20.09427944196691,539.5830795907711,0,0
25.42999078347839,138.4519944386065,75.04692724596016,48.33603242475753,3065.103405574244,0,1
7.913105552263051,170.47599536341536,72.7291114864969,30.932688447184315,2000.3332073206254,3,1
22.906474122836578,105.43202274621743,52.0623585143441,1.8079955408075037,725.3986521146884,3,0
3.5303681352055105,138.57800609798707,40.97109219350133,3.0451252908089863,506.1747111427288,1,0
1.3075439984406323,109.7371631388739,30.54344214834086,32.431285389701635,1807.203945897872,1,0
7.260901616428179,51.19357068103642,49.248729812676174,42.93585863876531,1544.2061748804524,2,0
164.99766699885538,330.4718161725462,61.39517839408358,5.735678120607748,2332.110217221127,1,1
39.87313832790614,74.78653603224915,43.51646277918717,36.74568911244763,2046.9684731271998,0,0
168.8088915942053,253.4883710974727,6.049979894759403,49.955152612345785,1235.5196512313773,0,1
28.325539550412493,165.1308108361297,75.3742778915314,58.317884819379586,956.1984045386336,4,1
18.684961416535202,66.3202815042684,53.804464436897874,34.96834139789814,1340.057851701166,1,0
35.275348738864984,71.3389993129235,42.407510066463324,37.602038918287114,949.3191533432374,2,0
28.947344531327417,90.44492252452032,67.14316776846577,0.0,1369.8044671952382,0,0
5.583725029919597,175.93852818189606,80.49277192965512,61.496288219939835,1516.4409286193818,0,1
51.197460219874635,317.01175939112613,0.0,21.36764680355818,602.069106619943,0,0
12.169748099916532,90.93386828032193,58.685272998441434,15.99793262362438,2130.6798620978802,3,0
48.325014225288186,156.6381497303699,21.467015783793055,26.17190798340563,1129.5722855303297,0,0
52.519841966230985,286.1067554054009,59.982210135978825,52.67510121278147,658.1156497146567,0,1
8.24519757772232,18.619918397448018,52.55854404749159,63.12069071315322,1148.3925717181319,1,0
3.165610447526569,29.572397047416242,62.714530528811,31.881130192137665,1742.2581566202862,1,0
75.8797746611965,199.2886196318246,40.0150477101069,44.97126258905483,1583.0381998133034,0,1
30.790831104569317,204.37287270549194,12.535197763616964,30.64806073028256,1922.1181149044621,0,0
2.996195005190793,197.5075614699203,40.99263617486664,14.43306790472724,2398.346125075529,0,0
263.59659883683327,317.22926452023336,58.13695270279566,52.15115506182436,2804.940204008033,3,1
2.975854071221184,12.334410104903894,70.30784657350446,20.668087794654163,1785.4861626880534,0,0
59.37795067500756,116.96441809857598,26.563373990549497,53.03296160057823,430.5976127645033,0,0
205.76490388284765,231.99682715790803,70.54120853746035,49.47811994653625,1230.8891974696994,0,1
13.66793084785735,48.08561867667484,37.04255420706957,39.21054395935812,495.68161561699185,3,0
7.672093061679247,155.63047646301158,57.24899763189053,57.434621343815294,3196.8540737122817,1,1
6.470420301200468,14.323572962307704,39.802120942687345,63.48519049778608,3487.4008825271635,0,0
18.06823529705549,193.85113323297142,53.64341255424203,27.37134955553533,2150.311197496343,1,0
5.326160177578075,61.12995353706284,67.83755269140549,17.86808822375353,2358.4588426390305,2,0
58.90897349640917,149.55883938056897,25.459718454229282,2.035952441152915,1750.9431932366592,0,0
3.2158231899763545,12.608682089959121,36.401882065063376,63.67023383145384,1866.0559154607913,0,0
35.60856262173184,76.76076580455094,53.69925174684173,23.404769866223255,0.0,0,0
285.64399433999677,295.04220164449686,98.03167322060705,47.02555285652609,1426.0676347430897,0,1
84.09243883383577,409.91577306259654,32.73620575666344,18.881169487357752,618.8469376537403,1,1
47.754103830993685,212.39627441653283,90.80267771993837,53.07398461368052,1781.3565375383703,2,1
18.282441654349263,79.83307025949202,90.08846607350341,19.4982361227688,1440.3901546114657,1,0
48.89445714095118,74.20352813325655,48.05377698596818,12.124212995739853,3446.8219623461146,1,0
37.43737779397671,308.4252228018901,44.03694947600199,26.872403535693746,2416.6276887228414,1,0
27.763558065834786,70.0139929197884,36.15869602670617,22.023364485575442,1784.5119825216448,1,0
7.003946293017256,24.556547982152082,48.63594939334662,38.94449678191819,1233.060312860374,2,0
108.84355299060238,191.66338595159584,21.86561134880884,29.229076092112145,3176.02145875993,0,0
29.87227648963911,317.7100900887702,48.47521965358805,39.41553591827882,1470.0453538734703,0,0
10.82220910307068,11.2059735879221,79.93760547701712,25.63467790372059,1831.673961635278,2,0
22.92425916914676,50.12151647009266,37.778298750465645,20.02338943471792,1542.249604426835,0,0
26.7328467310067,305.51955582537033,45.18551392021899,21.246591781558898,1095.8460942926772,0,0
87.87888755452667,106.64277042350868,15.977190514655163,60.674081970465394,1536.5062223855202,1,1
66.14051614296392,78.15899621107357,57.48124176262087,33.37756398340404,0.0,0,0
73.33291630850958,157.7734713768387,55.289633699027476,0.243566858204332,0.0,1,0
0.5546280010766932,198.49167984878028,51.27404719531542,22.196864798188784,1849.6305416696275,0,0
26.90590132204877,91.74428266560693,45.663458995557136,31.452990487138134,3068.1996905274864,0,0
32.82573605190803,554.3016363702604,44.14484162455091,57.68099521875568,1848.2211041441687,1,1
0.968941973322315,114.65386082162368,60.038004674013436,45.43048073834849,779.6311451033461,1,0
15.042635201091315,22.738829293472985,49.423667968227534,16.174232452771275,57.14624593266467,0,0
71.4162340857189,565.2309315146738,56.29943743110665,66.27533630358677,2284.5272604756387,2,1
7.373385866694464,59.780386463430084,54.29965634909096,29.532594527977835,932.804848984899,1,0
38.31925226324291,72.20311042244575,72.46854574191524,48.694947166124166,2143.23541855256,1,1
12.116437803844688,93.73364719720195,63.53988194750109,12.67487253900146,1889.8651580657172,2,0
0.609741512438881,36.89450737287304,53.85723686300381,0.0,1978.3003922546893,2,0
13.800948092514966,22.843486860858274,80.36844061304359,8.873527644474589,1533.6017073535559,1,0
186.2227511571439,186.36568757049847,58.40537058113123,0.0,1883.6443849696411,2,0
80.85765789807736,140.56563263801252,76.09925377580838,61.681339908793625,1380.5455987436649,2,1
160.41737750956167,341.73413036632525,62.13885216773276,33.21799378329624,864.6934656317964,0,1
33.457281205558395,118.39415817662058,13.161618421369141,16.13033972327953,536.5009394839485,1,0
5.811872709759625,719.8183112358348,76.09669526638659,36.78936044970182,0.0,0,1
39.699173850084726,73.50505369520144,52.70352482685338,32.84001054270249,1318.8904375954905,2,0
30.291381554346426,63.20501167223995,48.960904581984444,39.31400093420987,3019.378182951953,1,0
93.00954436999046,110.41506136895819,55.62696694979154,48.14297101704403,2230.0800925375975,0,1
5.161615804331191,23.081888935199093,43.10033676085865,25.65118270462477,1727.7091184759583,3,0
33.49508678149231,67.0684611603173,54.54057720777891,16.802410408485198,765.995005710849,0,0
8.128809185896223,165.5552147829201,38.16247867313815,42.41662821557877,2497.339225759077,0,0
19.628129750685222,255.81578019496175,75.4854451746874,42.03499166826698,1380.690688196975,1,1
66.84799390123955,436.0852274447422,47.72823772757899,31.511037121820173,3074.9343137890583,2,1
32.31490966458089,58.74918673920679,42.34832314555133,62.66331283021159,518.9127367053187,1,1
23.57129482107963,236.6848248571972,31.501483685614524,23.432668157075216,750.0304720273436,1,0
25.08307700792891,64.87073777424027,55.375515782972826,16.502130425470977,652.7300557803717,0,0
30.75810804584616,42.73116238590659,53.742142002501836,36.271371412599024,17.88162956598694,0,0
76.8597100947232,280.9009682627752,57.76849227355013,19.875932146297526,562.9553148082375,2,1
111.32042581618732,212.40959166897943,29.454962249897424,37.432747862173436,1603.2162597659176,0,1
155.42790315111498,173.42803574210802,17.976376023768537,17.5048761624084,787.7989751493725,1,0
77.30048152278488,133.48277377415494,62.5118260501312,23.996365756021717,0.0,4,1
18.946531280202564,52.81006600890384,79.69283723753016,58.36260630058748,2574.2732974201217,0,0
58.259196734051024,191.74124114848408,29.472927552202076,23.916189648784815,0.0,0,0
28.777374668244693,89.18414463990231,81.78882567123397,18.017226839740555,2089.228284886637,0,0
14.696452012448885,468.26035228040354,55.67822117472762,47.5601818305975,1531.2145896695647,1,1
91.90218630952891,97.53223909465989,49.858741908983404,14.234370745699595,3617.3728164203426,2,0
1.9592058371878027,45.812068926663365,42.04902606908444,19.60585154779398,2496.9574815226197,0,0
116.01810465201861,181.77683742254993,22.309639611500067,38.648416807634916,995.3954045150258,0,0
30.94629674196398,100.88969782449333,69.754570318492,44.07617135809937,797.936437644688,0,0
50.69538156672787,88.66573545067519,34.487872771247936,48.30714586621612,3002.7276807992853,1,0
53.84556178581311,184.4978997194257,34.403866485247995,18.791672516692728,24.128902898588194,2,0
112.74584490295103,320.4878622962152,69.8385261977391,38.9401300947918,1690.879935918708,0,1
50.62214460021356,329.85118089161415,12.340331066565469,23.008377006837307,1368.879536750328,1,0
47.5872932055436,211.11076225438646,19.528043786636665,20.915165497340517,1156.773931295324,0,0
3.4488600390952704,193.5484067309504,49.63731512983836,48.048191734384275,1853.5139844484254,3,1
36.532902099460905,116.50492311659559,55.86568858009704,21.756684062106206,1689.5598605086757,1,0
8.135888687831075,182.94166960242288,59.69469295937848,34.1730689403147,1957.4007427917443,1,0
66.86259595713724,103.03190579092735,43.964030132074946,32.33369203845958,1638.9756523632839,0,0
35.894736616271416,86.72408021393305,100.0,13.938684354922461,1917.6814050172477,3,1
57.007317333575415,95.1206241879326,45.442148824683315,44.49139283034481,1593.3651929315947,2,1
2.128305970817718,65.12438868622971,45.38427695794556,38.40421340518431,840.5731127836855,0,0
4.4301967334239265,38.05856844604598,34.06026662372245,0.20564082194368538,1504.0012602365955,0,0
62.99601899914633,388.9956029159622,52.47813633042142,34.16131666856015,785.61344029598,2,1
3.740721481731317,41.26020670392451,62.29922464093549,18.405398487500683,719.6233952691497,1,0
3.696146343450604,14.015160063623293,74.0715610906692,46.45612959618941,1163.8499972822483,1,0
0.6091190004897985,75.43646140632413,20.21431471119564,8.319002448288629,1380.5768392641576,1,0
156.75132431098945,162.6307312258672,45.080093232885986,24.65284547055684,1535.2253063478108,0,0
66.87680215078305,78.59123232952835,58.934072216182884,35.43036826482699,2416.3788273633304,3,1
21.78988178668496,46.557764905656214,61.74115069189071,30.81510441212813,1001.5359174591566,0,0
17.58689906150494,80.0143773391373,50.13097315609078,41.44437385070957,1696.8519264748204,1,0
21.516322533344002,78.30018599386042,60.84847939064204,7.223670209860664,1618.027713943819,1,0
74.50580998658252,235.29565079590463,33.82072214148399,54.77871505301067,891.3717125339349,2,1
54.14245088142516,188.64796333864447,81.15810864636714,37.877169881824074,1573.740786206545,1,1
10.240357755499982,65.80841331677365,69.85256205958859,50.39577319501344,2502.7214151773137,0,0
9.564644072751095,50.16680149977002,23.101444258696553,43.113602538498625,1686.5062168834002,1,0
5.178974559716974,43.22726987361572,28.49793903766489,29.82584828317435,1726.583929027308,0,0
53.98502050167564,202.70487473257384,29.06156499786188,10.73702683633259,794.6716690573327,1,0
72.27518996118579,77.6229057126449,63.55939941793057,21.546702281269486,3468.8588512048764,0,0
15.397397477679513,16.687853106566795,24.305444671650655,53.84344999293866,851.643629677499,1,0
1.0583709225807563,159.79881117253026,43.37951331583839,50.78156672484573,0.0,3,1
4.2872453728468045,69.1326185426854,59.09408792833549,20.70600029844465,2360.1841202180767,0,0
171.88275014186715,185.91028849187808,48.676681309071306,0.0,1385.182960351574,2,0
17.509428265181267,44.37137853661302,55.17775031425411,26.809653985423218,1196.9581790529248,1,0
73.31520216520101,342.88382688762925,28.683945773024835,25.684456678063253,954.4462195884729,0,0
48.9966252744019,245.25352220015267,61.89708746794489,26.25341081939425,3371.7146243158377,1,1
24.05845779146629,147.77180023496462,37.73576215048007,37.92808802747102,1854.5902786046827,1,0
11.513900947795177,77.33539483578575,43.50760651204118,43.143188689824946,2049.751221645085,1,0
6.470504452855058,79.93486682301524,54.75463455811972,44.85449320649286,1662.6156235822673,0,0
47.72728142397403,417.5981831971429,52.06156443061696,36.685637102030505,1770.0496134451962,2,1
74.50142791704589,411.9680073392133,50.47960038031186,2.9884394711604614,2898.624610559414,0,0
51.62778167818545,75.86921702132666,34.98746356046489,24.882004009600564,1249.145338772305,0,0
37.78328138432362,204.43944917457017,44.00901177601616,64.56134675323784,43.06245447927017,1,1
2.142829365455452,24.113110382218146,50.04367181674072,35.613251022037176,2368.054654227777,0,0
172.8705764876777,196.89159739695046,22.498295336658302,35.51729352665798,1996.701612242392,1,1
80.151472442218,192.88136713285456,40.74934067373242,35.39228909660787,1607.9798128850427,3,1
17.323646431882363,69.2432184122663,57.75359758065693,36.230694337589846,1970.7532415477863,1,0
195.52702863586092,463.6840309223513,24.45126792309315,0.0,1129.255779705826,1,1
46.050290223474,55.37259699591388,73.1316330318848,26.407135246333972,1520.6925828542596,0,0
43.66427510224252,115.31110487621444,75.39226525199686,29.43160752307966,1368.29974614009,1,0
68.93083141025073,319.6724784954987,25.096988480798288,49.222430988801186,908.5117429290831,0,1
83.50447669219385,317.96365192027054,77.15239266100278,30.71509341933444,2689.1727831050025,2,1
53.42529453740248,70.44829565392382,47.12836822575731,5.302329200970881,87.74137258219957,2,0
6.853783099019248,52.52504978419923,58.3702911831411,36.45133734257628,3860.8821718129666,0,0
20.644694615775414,117.17215360813674,40.06697895743507,17.94263027635882,2377.362209206475,2,0
131.6125753212103,148.97590244304635,68.46089654453525,11.748215383778735,0.0,0,0
12.719819393547196,356.9910686697026,58.121880376973344,17.487614299251288,1275.8336705090705,1,0
23.274055470633982,269.48998433935094,33.71693486804793,38.13756344496773,1331.454084096442,3,1
28.28846133593655,46.554644288088184,26.695960000694228,48.881418596401026,1891.886628942112,1,0
28.937827046166646,41.8525528903294,20.793951295815546,37.2439491776638,510.62172926027984,0,0
47.458724027611595,56.38649829606092,53.758835528655126,39.48034835425532,1532.0253433682174,1,0
143.30176918900978,383.4800817004334,61.449428235594716,37.095679092570016,1378.880601877353,0,1
13.767436213709322,35.287927027406575,63.019313575588825,31.519907652907026,762.3816374265612,1,0
6.4770469002476165,60.3112775557167,47.64037810785244,40.453959524441366,623.2477685287681,1,0
10.999332594693238,70.57440783455546,26.86007088671272,0.0,2418.804646702357,0,0
108.9851540550276,200.36729342848426,36.35850403952434,31.666325269572496,0.0,2,1
51.89620405381139,59.34004374656237,73.04697277923852,14.326124480666225,1977.8789360960513,0,0
16.83708889395092,42.5534900809793,40.30742870799837,47.443538588162085,2297.510306878124,1,0
84.62655938873603,352.7046800497642,52.868352613629526,27.792670421747093,1281.4416616615836,0,1
98.79733695998478,337.8407724349885,28.48699032850225,30.46422132401745,1552.372839724996,0,0
93.70740639905377,245.7085651712751,56.7316609091807,7.42392188619295,2663.4949996973814,0,0
125.61997716371161,127.57916916642114,40.846308766418446,45.25246333519277,795.148489275943,1,1
14.533728620730772,54.1357292796037,70.93425427551527,39.40992180410714,898.3475711108761,0,0
70.33341104115277,169.20846147748475,65.47115412413626,38.354218235107545,1004.5163189006918,1,1
30.859285392605713,63.043887354306804,40.085881068502005,17.804657217467664,2665.3255992232816,1,0
92.25755435367259,332.5939387341783,47.466719453046736,18.395402325928046,2792.2937468847076,1,1
65.18794009673783,165.6699375294806,38.97767519918742,33.35399181668858,104.10976553638102,1,0
74.90543769327964,82.36774080474024,21.611336069099806,19.582523846279233,2506.240747311637,1,0
53.37920953421046,293.0749285470374,32.85115140905567,36.523394440160075,2318.908306347284,1,1
9.766009881197293,326.22053780985846,53.9643465544164,0.0,3053.5948104498275,0,0
39.37585120961023,47.46567055176141,56.50518996459164,22.68683165390111,1885.1080321263794,0,0
208.89632975084726,284.9020309578862,52.97095807185278,56.95130198139737,1455.7398797214232,2,1
138.53996940037163,174.68923419127583,43.965338920827286,36.59228741993647,2645.216686571659,2,1
2.2066723058793034,52.10281332369207,68.66133211441971,32.50190496796489,2198.903791501765,0,0
9.005090057537746,28.80765857754139,51.27083809121875,59.77839803507035,3744.8984141487263,1,0
7.062557007634263,93.35464074696519,64.06507656191894,0.0,2458.707844961828,1,0
64.72769270301934,381.6871119207275,14.524497355949627,17.770333278178388,1653.5479764239153,2,0
85.12848903479231,155.0596230908966,0.0,23.982402423789164,325.8956196238287,1,0
12.008850417502643,20.66431651783521,55.6757605567616,42.87526849508085,919.0828228058816,1,0
35.24608069197645,132.00483423387018,21.504686925570212,43.13484544842355,64.04502197198394,1,0
91.84925352389018,133.4345906672317,45.75096594573888,17.00989936526061,1284.9379639391368,4,1
65.98818093235882,259.73044069047205,43.958059179507885,44.969314832138245,2426.0675932328454,3,1
39.07020724768975,96.10621335035952,81.74801204831074,23.950278490174387,1496.3289115194843,0,0
44.622325228501616,66.04561329835443,57.99993105887213,48.1745943847375,2521.7252687600726,1,1
35.5004825034203,56.70917550502732,53.317180535973456,14.510359528169133,1837.5737334390135,1,0
17.658942500081025,164.09066515081358,66.73982309267348,28.150326014007593,1096.9077102459903,0,0
41.622990373407774,72.49144567161315,57.36995173678078,22.647490269351596,1587.6251551699638,5,1
58.37968155484062,204.15158346637088,40.846460140231336,45.840455573485706,1972.096691055096,0,0
103.30570375537262,126.35869393726169,71.4295186050912,22.158281751507435,1639.223398463616,4,1
50.57010774374272,89.3846592401301,27.804997442234516,29.36327206482366,1650.684228851914,2,0
71.5900189792763,134.22993652479843,56.464943750671246,37.602170964945735,730.9498924132936,1,1
8.721933524456189,295.536522239171,19.048604117273776,38.17887724539179,1067.023734757784,2,0
30.9537259333188,299.3842976501245,54.0788771503199,43.30428911209758,3758.4607961546444,1,1
0.46877160822280783,23.645821702558543,53.85979283545859,33.166871652670004,2728.4664904235424,2,0
14.163183367893344,58.51400529250787,83.52909923829326,23.726266270802533,26.159103190284213,0,0
64.81568428056428,80.99694200098551,18.700522131164412,24.754518819618745,0.0,0,0
240.24177204430694,311.57371584035195,37.982256482923745,30.38508472811418,1576.1924214487221,3,1
5.222385485554638,66.94893741830334,66.45364853148288,33.74388714111575,2393.4728944259905,1,0
25.665962836070968,256.6875385468716,56.70634512794616,27.792425282273456,980.0581625777928,0,0
80.48964094508742,346.42332749216405,53.60610102675006,30.28805131448321,2521.6587281979378,1,1
11.410043063078188,59.790670524192166,30.877285940829214,7.241192091418419,1559.654565007084,0,0
40.493595617380784,108.16940603887545,38.183633038171415,40.01032926682017,1336.9387202730252,1,0
66.03868412840677,292.6025431587304,74.90082016446513,32.71668433334145,2256.1151761751817,0,1
47.85374185823829,212.2089704018369,48.969816124921444,45.02805620311632,968.1242070977311,0,1
10.414270031672503,10.780571230577989,57.50719392288946,30.002407611106275,1213.2936781963467,1,0
21.955068526149535,60.53007642977137,47.69623342447042,3.924036322173208,2170.167262130463,0,0
76.57566874469937,131.3547589129578,26.338289695004697,24.623307160399875,1468.6040629339757,0,0
40.39721675980882,66.49685368491745,68.67620852149993,27.00105115322375,3408.776273377736,1,0
0.2621667917122488,22.522988241958007,60.06464769064993,41.14354958150398,2193.8254128560184,2,0
71.56265334138119,75.41433811979581,96.11273674734377,0.0,2128.8138283327617,0,0
1.7974938655777102,104.90306169616537,29.6883724069891,30.617692754234024,1450.495353934932,0,0
68.46867306765219,98.91898747395436,66.45145842400962,37.70512823689959,2374.7546767096064,2,1
11.312453432593609,16.68916001026543,23.769120679259977,20.077681720777207,1177.3922271983538,0,0
158.5918359779893,184.85557652334697,53.146931353461554,31.11942014725271,1782.3777511995152,1,1
22.93860706448017,184.84398316999287,69.5301317812633,20.59445236275233,583.7069529954397,2,0
19.795417215167816,210.50516446795504,8.557297678070263,19.056406001694143,2539.4413922305916,1,0
8.060580416755945,74.0446350687284,45.90135051516784,23.873702248030245,1790.604697261792,2,0
18.235659317442863,72.03319076245349,38.735805319147595,19.339620112994837,3482.5130636978765,2,0
104.63678060883194,485.6452351999664,35.960854034097565,40.25427467904499,3892.298383669758,1,1
280.4373115354528,302.82227403652,57.70425304518709,18.975721847469334,2263.3194514331476,1,1
22.967788413439006,47.22072352690492,72.4137141284519,16.45634989428109,1568.4253112079034,1,0
29.765703025518476,64.27806300829222,47.33442569541689,56.518930002593,553.9354878744313,0,0
64.01946856224548,82.9851864358879,54.109728551200405,44.41110017736053,2404.749803258824,3,1
108.66378397315071,156.36509351132395,52.286175061184956,2.077299590111995,1710.2845638952283,2,0
44.952551433930836,286.67835380187137,50.03607012712828,18.528475652211995,2038.034839154462,0,0
24.84002997279657,120.38161349604573,28.213147245757874,33.63694457584066,3229.7873874562433,0,0
26.60432215751686,79.69806530695315,72.16889203445785,34.8563260084724,675.5767113366531,0,0
59.47361343779222,331.90802823405505,55.90390736317672,7.6426070139465985,575.6958315186635,0,0
0.16117266761173124,5.128972895680383,57.897629800051554,47.37848239233483,1263.5740616293199,4,1
48.325195944629264,71.93239463698266,33.86980741948835,42.37836628772439,2321.2011497518233,0,0
21.963480586487478,105.40889134083413,40.815592040215186,37.22852448060508,2054.867240214488,2,0
79.04187440553979,174.6367104818881,46.477316045784434,50.350927360681816,604.3114883042275,1,1
4.880125449492802,8.91624245471456,19.31750613102297,36.78434988856377,2256.5529007024825,1,0
44.36114946889184,95.95145835033946,16.239313496046435,36.72871318877771,298.7871811067371,0,0
32.78995809468057,137.5307378938285,37.98504138722865,53.36518907733364,662.2583256511424,1,0
51.406599823732236,171.16278844949602,60.4504153288478,46.51829371091563,1384.5426828108107,1,1
3.352608925534093,105.00237021503038,36.93725220140118,17.377388116327033,946.5687540247799,2,0
43.37309835440721,82.02220786811117,29.623896048185728,39.49792768007873,2389.8594886509345,0,0
41.21801603014403,51.03666085605712,33.706286935246595,20.03598202562127,1786.3784830010945,2,0
41.1240946550342,96.83067696451543,40.89315153709375,37.562318264254166,3265.5611776272603,0,0
46.25240663537058,60.03554763794513,42.922820743597924,37.14920260529722,1252.8146346455856,0,0
56.4228528911877,351.3528817009162,93.31042904413113,9.247990313160209,1377.7978489592565,0,0
81.73496550579964,146.2032183512534,71.09241256974636,28.172315830334473,2710.382609061763,0,0
15.723259306312464,53.887254914074454,70.49548224563456,33.97885535370603,1409.0791968762044,1,0
87.16258444056155,232.53603022723817,73.37160728546763,23.455647135087645,2994.005247707546,3,1
34.48323081298047,103.38850674486548,30.02358261331901,34.72064913586139,2040.8282103844917,1,0
4.009459373168457,41.12075865012737,25.55270770025522,42.088466655016035,0.0,0,0
3.0167513037528804,170.13092608807503,27.862594169318868,29.541104036538666,2677.5704141494643,0,0
20.341175418012742,222.19625522890414,76.69012266675676,33.368992150623896,2412.726813119809,2,1
76.83190946985042,188.6139176455096,39.056164222350176,50.75136117833962,2451.332606110545,1,1
61.495469201039214,66.30577358291411,24.97287635521426,37.09794874837839,0.0,2,0
77.70369982367988,161.2491983514077,41.38007599560374,33.012364345117106,837.0100387289524,0,0
36.414791660759406,180.50881837253297,45.227889365707455,15.62880930537959,911.2951664432302,1,0
29.008695594895162,43.68518255769386,55.36826547389124,40.06539017083273,658.8786324396076,0,0
7.976319211344142,33.940314768260606,55.019020414240856,34.95224924087908,3241.922531893938,1,0
19.889190766618263,234.01671949372343,33.43638872252984,49.25609150552112,1488.232162176366,1,1
28.459770860961658,30.492462961386114,63.71312785027422,30.703178149549668,1463.4390573708292,2,0
4.638693580128087,144.36497827351798,37.21612932499684,2.756002497990064,2052.008310315779,1,0
12.46231109903065,76.66462672654802,46.87447326589914,4.498186967576071,2069.301667889382,0,0
45.59318902293805,104.79172432100884,63.7354814100671,41.035211456396,0.0,0,0
66.52654534548505,67.23872861030912,37.163571921113174,21.447096034527704,853.6424628506367,0,0
320.27364403170714,491.4197283051411,38.61297152837725,36.55151626665746,87.2114222087232,0,1
135.23778022021577,179.8391349494885,61.83336099386262,31.71348966753534,1900.3060931548196,1,1
51.440115490143626,129.25957469501606,32.845336467899614,27.49740498459119,1211.1075856659527,0,0
27.344065497429888,140.447496175439,42.304159527918586,28.55458071617665,1515.3875645012686,2,0
50.554439788992724,171.8321097818108,61.11484356085785,17.019157424321598,0.0,0,0
77.00763173715464,389.3188856605018,91.0818488287195,29.76333466650494,1190.1477753095019,0,1
6.2972232243017014,82.08498525938396,62.10809009525494,21.23259850808402,2615.1302518328152,2,0
26.373577558486446,77.40940935126176,59.45279525980023,24.41615219811443,2909.4494831021675,2,0
91.56732559190152,398.83649028314164,60.61603167345459,25.145264329362583,2218.8634195407,1,1
24.21185851424566,126.96488442064043,28.536194518659013,26.59960095151921,164.53470655188107,3,0
42.416684810502254,77.82029287318812,52.31193477359816,43.8326018476063,2759.4018029921235,3,1
44.308614126586946,57.8292358945578,49.404670233271965,28.0531375619296,2224.002255000016,3,0
10.196236897517547,195.06382906264142,56.431690807455126,45.35553504885148,1382.8109659354614,3,1
22.48930472744652,67.45947273085507,52.330161049517415,53.06782426989723,0.0,0,0
20.36168020443175,128.38089520382061,57.59399354834225,42.82416976584224,2453.594950662517,1,0
1.3272977607334806,64.96928515985265,43.77065610201597,38.01702802602767,907.8336700166209,1,0
1.2244595635265159,23.40512657173442,51.17217834743585,34.902483142252805,1846.165821054781,2,0
89.09948060695697,181.15109740897626,25.44342867886016,42.98038063575105,1568.3938606366626,1,1
15.946310321501752,22.206544018153856,43.601854439941725,31.340411078943593,3038.3949844382782,3,0
36.49872968592603,89.83013331969377,77.81667096353287,44.76854768935798,1374.6330140024913,2,1
17.742799503994654,96.84414867863472,56.376166792565115,39.211587079345264,1484.8864099140521,4,1
141.23980180792614,198.51823364762205,49.581579252338464,24.602393088294182,3078.6153904786297,1,0
15.007760910029717,153.1074726427039,87.92246552508693,43.43776320154209,841.7777562498114,0,1
28.07585082092952,204.05830947507846,22.783300433978418,31.37220008966353,2314.3228514077773,1,0
103.07232165577965,250.5818514392068,27.810888891075606,28.40801988581526,1301.384277121536,0,0
92.23699354910642,96.1956181167493,84.25422822552545,22.857012594015192,497.45803799507087,2,1
10.295975634528098,31.879107040585378,50.91921872097868,32.490282718118586,1501.1609867208726,1,0
81.1371288624397,158.055216045206,45.148339274204126,44.946939231194754,2191.7051136079876,1,1
30.64170732412275,303.7050984056964,26.015913498087137,43.334100083895564,2853.7098399765114,2,1
32.982609877689626,213.1373968785329,58.95392532790024,35.30090696188435,2974.6939853456824,1,1
7.163502844895133,192.01839738178134,60.88919739054924,38.99465461087553,1205.2359257744674,0,0
4.201782103666169,40.32864336766179,28.110112783302075,49.07545187283837,512.7507679677864,2,0
65.08650507257195,121.20158360548044,47.19448828899144,27.750505632437083,1181.2611004225207,0,0
34.3047207298425,97.92583436708244,43.28968335933868,13.268699947046908,318.46924666984455,0,0
28.710525207056563,45.833445711789196,55.119542928375424,49.516947782678585,1282.6138005834948,1,0
65.3756800657519,68.53177800705433,27.614995155587124,22.053326219539223,1158.3347163802416,0,0
72.51773494836927,366.0810305484989,75.03894909026315,19.64492814984143,2227.4902041567652,1,1
8.652721538019973,36.19021136308529,68.31647563195209,3.0570336699817275,0.0,1,0
47.10930064584235,74.54626224775592,42.73648882534368,38.56924579746445,766.3920539133603,1,0
7.271759976393737,15.977885483610478,45.67162576723258,5.678210631716681,774.4816955580845,2,0
69.59049439136747,333.4071197867698,47.27155699444768,18.74611788462395,2687.1272524080255,1,0
53.4947050307972,140.18218970068543,34.43382893986993,38.82355191772588,386.155622598983,0,0
156.8816392980162,266.8539870165686,41.13141163529929,40.82881878612558,1726.6573596489939,2,1
3.572545375426614,246.13473409662367,44.59459264650782,20.224437776726496,1371.8715855802186,2,0
2.937351341241873,45.344082802839495,82.25736741414256,27.987700095113922,2543.042526836382,1,0
16.577314679743203,113.73316691733899,68.93236616660873,16.911082103907702,2095.8318645105473,1,0
15.170636567819159,19.127857351653553,68.69309414673248,21.77404818283226,1621.2437318203795,1,0
14.183094814786362,34.857536364333086,57.398512260087806,33.99322890229361,945.3331254119317,1,0
118.35862371081546,296.2898327920359,27.653459821375307,22.475299818053134,0.0,0,0
14.353859428180332,159.92617347612602,49.170177908452416,26.336774397364962,1747.0856556874053,2,0
15.869258782709739,59.04647491492251,69.4097691922676,8.029399775736497,2030.4897985298728,0,0
71.23061267985806,118.5210964922565,24.834707412654243,46.99434247209206,0.0,1,0
29.868204943252852,106.12959999378054,62.73106413746529,37.650998897565984,266.3058356714507,2,0
74.96431991292299,74.98842328606605,96.45218450525533,41.893580577558026,1752.3299733716758,2,1
3.380021938096258,30.987569115798223,71.23633291979463,49.35637986925293,1839.14168620787,0,0
33.42967460518684,56.77833636976,78.28058271123975,17.621806866814254,509.35268990794066,1,0
1.7095762468974915,30.542197133176234,54.36677500884321,24.624082754579646,925.9352864319619,1,0
3.235097575531596,167.17628656514893,69.3586389752998,1.5774844862668331,0.0,3,0
118.4562559072742,151.26137515890676,35.64293571291929,77.10634365153356,2877.263903813234,1,1
7.497289952322252,28.757387219235323,65.91727624682453,27.756220270239357,200.12559263154776,1,0
38.009314053110494,108.18038048632735,63.08776268121527,45.58091849872368,2042.2593912485509,1,0
26.474571095928066,227.20157100672753,55.79822348075326,11.427582834968117,1465.0393038466198,0,0
21.335202779726828,48.95663784272914,76.32014839436997,44.945826384645144,2789.593619624759,2,1
115.04599685044134,123.22518013647743,39.224303243052226,57.86386314974499,707.7459072252435,0,1
1.1032524677500766,45.171774694272855,46.25884967052675,29.095788764580277,1561.2527103403872,0,0
54.500919041634475,192.19546869334857,51.90924082716593,14.83677755115598,0.0,0,0
165.37774897341833,245.38209083363654,29.407780578211987,27.91805398581696,0.0,1,1
41.068143014042604,210.78220652576954,54.53863887600496,0.0,2096.333583865474,1,0
138.09032264595595,458.96343732531665,15.621391740923059,29.43169948467237,0.0,2,1
2.6836419147912025,160.02436856696832,70.93909068856419,42.314507089694935,1271.7824655654692,2,1
27.132442614864804,119.71683418297776,50.93274733131931,29.463635334397285,2511.2954479729196,1,0
15.065917327534436,83.05774194266341,39.58214192192473,25.73790667966549,2246.684856094679,0,0
65.61892815365702,69.70832435925375,33.31252775409757,37.9135217416805,835.4145120514063,1,0
198.95380894208412,614.5033561319672,45.30841940761625,39.06037270424329,0.0,0,1
14.82134737918257,63.187981032212335,63.765194215448275,5.101416562422262,2009.4948616555287,1,0
53.09106299150158,69.60544295095696,60.954779574751214,31.332344434181827,2842.2567828601805,0,0
11.038420756713982,120.91230704347959,35.889241054430784,66.53977686343865,837.7619213343766,0,0
41.658437107397916,75.10622025775561,33.07920654744731,9.974756315279642,696.6871415928834,3,0
31.174758408616093,119.31014551521662,63.13797412639295,28.718717507504003,975.0980371310015,0,0
178.78705654540576,267.1616442841203,35.55305190769941,59.12619183077554,2071.6087108071156,0,1
46.891971401886664,105.90227372338563,51.19819548159007,46.56262734815513,2728.5176064149127,1,1
21.50118883764553,202.36242667356368,52.47509285048554,22.299049788359078,260.39318861947777,1,0
6.057322178781009,36.84131883509556,56.24124263453477,33.09203069433906,1.718190675346932,2,0
8.199343186071815,67.7347321032573,67.16540860363743,29.96832480022765,3839.996321932448,0,0
12.765063757044114,89.91748590777203,24.740741262653543,18.77892293517499,1322.6772121099614,0,0
14.448589278068491,123.401373259287,11.776813494790247,28.886218387603765,1752.8927956903094,0,0
95.06177471315553,248.29643051872847,38.65105437543296,25.80050800790206,808.069159382361,1,0
41.188174255839726,91.40900735359119,86.03056815664372,31.691234071151246,1989.962309452716,1,1
37.052932239272174,140.9120307476988,90.44348200174757,18.7742522896345,2460.0608747015226,0,0
6.095325317064895,22.419120942212004,86.62354271131775,10.850726996330085,1799.7961715729298,0,0
98.35555820775437,368.1379755816717,46.14037264478621,29.380788399114437,3240.858077014435,0,1
64.15338059369303,112.45153758007278,14.357698360303424,55.7267732726817,1173.2554100589082,2,1
3.5033346359758153,134.25957241892934,3.1392179669631872,31.233043893941947,1237.1175269646237,1,0
61.52184503012271,63.57692609365928,37.71923676901178,25.02609331602682,1731.4063512774155,1,0
39.21251503086919,62.177374222765806,46.0385273970128,41.311287075577475,1964.961645506097,2,0
4.262937273483414,71.02697246070055,76.01250802111917,27.62520581106932,1727.9472620626093,2,0
30.652206030335122,241.23278463770473,67.35610919084891,58.020493874386645,215.58497304490902,0,1
33.14994092074675,108.0698874313075,54.54810157983241,29.94131236057382,1812.5151661955613,0,0
9.062578881090824,274.80372824085987,32.203104581177165,40.50745594737245,1125.8264151965627,1,0
145.6598463699748,211.7853443371268,30.784408835102195,18.680934264100905,919.0229859253544,3,1
94.84779041173425,162.2703427156247,55.08255374142871,37.54633880004994,1532.4820547532436,1,1
55.285219513010894,68.03978676890014,63.94101957679453,34.12640215415631,538.4773126707856,2,0
31.022311983444283,193.30312371992585,57.83762524491169,29.15240813011188,364.6086761267686,2,1
26.531483587842203,54.89589551368838,29.308040807866902,22.473633582454198,0.0,1,0
52.63036671570293,282.5021142757975,63.01335257584172,20.42954751521438,3247.237328509891,1,0
39.42037371518962,281.13495417862407,58.51821934202823,34.23528995969479,2055.7313191030025,2,1
3.214826501356328,290.2307689098545,28.586671876196434,39.4340866454471,1383.2358786936948,3,1
35.92352109670177,109.3684687004696,34.313580593994885,28.09255805558803,832.7767631133519,2,0
82.09898941840662,195.13832474721477,63.769919491231335,34.30901893681189,0.0,0,1
30.738974756611505,181.47941329137956,45.30984929708218,29.431279828008456,771.4711237785157,0,0
2.6677486754224664,16.710646299505168,81.78294603272914,31.477890373580816,2215.866337164076,1,0
77.15400534056185,169.02266405440287,60.022585521291525,26.993325259841626,2442.174303593869,1,0
11.2424866842937,14.732474561578494,40.267376236214616,30.269588690524625,2142.2919936033013,0,0
14.962154537418511,83.79127023024839,49.79588799218135,70.4706068522614,1658.3919557524684,0,1
8.998597170870081,25.82184650648258,51.267667852754364,34.67451448211138,2803.8741459313787,2,0
20.03993052358571,40.24211559398227,35.4321937351658,39.67945437646564,1171.4627779114596,0,0
70.6835873908258,116.10410649807864,31.74823603644747,36.57035407992146,2585.1889161343615,1,0
36.63452667620214,93.27490830752603,64.02779787619,26.05774765054411,1115.417556279787,1,0
11.463191739354421,109.0599473050251,66.9054659408419,49.40983819937502,618.8586911222377,1,1
105.11712006327438,112.8515006927707,62.075629391059174,25.63254344360488,494.2870195774789,2,1
105.83925255399171,175.8950621698611,80.30636188647604,45.82581823413827,435.50357882704725,0,1
102.23400900512183,122.3997542507305,39.16453527976796,24.986895029003268,2159.068028802485,2,0
13.642708320346038,98.96847430407482,83.48541532142261,15.600412212839386,757.2544289029215,2,0
30.00464482161465,131.45141489286019,31.981577628916945,35.48094312354289,466.97115496505626,0,0
209.95078624649756,291.30372809266447,29.746288732630145,13.4299746584684,2213.73521966136,1,1
73.92321860913893,207.97715004622125,14.800822357014994,38.03460337524914,1827.9703904722328,1,0
1.3771639318440763,42.26564543260565,41.08409372346366,12.087620158630251,2462.591982845802,1,0
3.371379390955526,148.23372430642794,39.925553263410926,25.214879542907198,2012.5995112727985,0,0
31.174654888553142,87.87318178531845,60.51874560509301,8.524054552128877,746.8884198026883,0,0
119.96592748268404,186.16654071541586,54.87781883240902,72.36250514104094,1576.1024164685875,0,1
38.68552930019602,143.1269572747496,26.140532579617265,5.190606605755285,1625.1329907696772,1,0
34.439086952444605,36.291985991976006,42.14547523148365,30.147206105946065,580.8413415259977,2,0
5.573048725830221,111.70302902246284,42.57075957824629,47.14956411495021,395.3750259060073,0,0
53.46919715654812,149.8559620205736,14.48035506076215,45.54578862880538,819.2783908822955,1,0
86.32757253150997,123.41178613261391,30.38106545973261,42.77013183259706,3536.58235667208,1,0
23.93567309835921,32.90563926103662,34.58372738771821,25.241574176677865,1087.255905778451,1,0
74.71889591691858,84.25281342982163,78.67250039641893,50.26633419505503,2732.8667913867143,1,1
166.87825810260492,423.5642473205279,53.82901431914705,43.70086636203274,1031.3394905202022,0,1
11.393137155670654,128.27922809179205,63.243375078949995,33.18449426490715,2388.838819539992,2,0
37.04650388510679,50.640231044939156,20.02729005701576,33.608711365898884,2402.491655557847,0,0
16.923368344452694,61.041380099424714,73.88428966027983,25.441160285769413,2452.590507952045,2,0
78.7166721608737,168.48393360239254,76.02204126048186,16.355219612504424,1887.8273420089586,0,0
43.089342046982246,223.61741214849283,10.033100657107482,48.55726463218075,2877.3665787811515,4,1
50.3357258916638,54.80000106519775,35.89366552168303,49.68311990402297,1878.3539693527277,2,0
79.95313597255331,106.95478992204609,59.91531146031021,16.73836288455118,3213.5297293402796,2,0
25.20660979608902,245.70617043394606,62.887769070763646,27.693222522807122,0.0,0,0
123.30821063064828,124.22899185804677,36.43010539025556,27.848651753116066,1848.2862476668183,0,0
38.074391872769056,60.5637879607618,43.89001073892694,29.510161443895353,1783.3235925356664,1,0
8.59608057946592,328.0733849866284,38.05237877909714,30.964423178813725,563.4801541945088,1,0
59.5197892248194,154.55673807793826,52.20836093892239,44.2029219246927,2079.5842217637382,0,0
78.81499229619774,109.1516173802242,73.94357062923825,18.791740372698847,9.917324423381842,2,0
19.045577239785516,25.979630545049393,34.57915685717591,17.3047951273101,845.8156742396715,1,0
97.30824902566812,100.16788364682955,70.01640995536829,48.54929613214463,0.0,0,1
118.29928230155832,146.3692766872223,34.36655855306225,23.060328871780527,3058.6265169628145,0,0
16.21069797852322,229.48296394352107,33.04745575006231,11.054469696344007,1268.4505060547044,1,0
205.28485611408692,259.0555015993551,66.37189236686427,22.72305086850195,3666.8840348163117,2,1
7.582529519025276,134.99822844996174,68.43872756015233,25.049208971339986,2302.949926519495,0,0
11.28331581573379,261.7351286562274,67.02819873525308,53.32444091588647,1948.0982133510245,0,1
10.180825013378586,62.61252438697556,23.684051835637177,43.872393185651056,913.7723057190007,1,0
112.21095570920663,133.4408834463823,40.68098043855898,47.212809249483634,453.64996431257987,1,1
53.108119426735165,125.90640126744626,66.45977184006642,42.29960463520179,2022.9715738969453,0,0
8.249881312515189,246.93755709884965,50.83083681127789,44.19365507422971,1428.485990727018,0,0
29.019809744493596,192.1750820313884,28.526143076050715,19.678768101295226,160.7296845146991,0,0
47.76431677739809,54.57398445667686,59.16635878250884,27.020967669697736,0.0,2,0
4.357701266682867,122.30939806514552,35.70385482017059,15.151270304646767,541.2962708564162,1,0
107.03027201711366,191.86953987239872,85.89049696784424,26.8426795419445,3320.9672252662303,0,1
81.3809942226804,319.39585623566194,80.89682924836517,40.261574864021114,3713.277918011304,0,1
35.180766404091806,48.24648105286931,62.081948527111344,32.018749272183705,1704.9891473089099,0,0
170.75459615250438,247.11931055318485,77.22013409539548,49.672212284404424,1648.9427962412883,1,1
27.04371135146974,238.62330900698322,51.295827002467625,12.878763116591713,1163.679628170479,2,0
207.1042688225587,259.87157476321204,65.30874988750031,37.503575260473596,565.5146516904978,2,1
55.11896858173445,120.89599112616179,79.5544059060415,11.275457971960229,2875.179057607244,1,0
50.34788547467605,57.65450226391546,54.90997363588625,31.412647037604636,3373.576393897136,1,0
9.073389785331738,41.6663005725586,44.896256569714325,41.10500133834718,606.5809141607144,0,0
106.82293120440278,146.05412770036648,15.907560836457684,26.78246149763671,1417.1616215753984,2,0
27.88622656751126,318.15131822221275,48.33732948557012,38.266899061304336,1050.133699289832,0,0
8.85078722413422,42.07234859075365,66.46846369124623,15.604014977505988,1079.760925135023,1,0
0.6343834561467812,62.414003846161734,68.9126685513526,5.044650327054256,2685.908255429862,3,0
41.02127208569378,152.28359770151005,60.0873013143682,38.355444337317046,188.03845463387825,3,1
37.475255732925156,55.17085812633346,39.174018100755205,56.16015351113599,1966.4696909363063,2,1
63.532992237354705,130.17229818675207,10.46356862104819,15.059325897451618,2228.2381073058655,1,0
110.4811802867714,244.62821000286587,40.0956980399053,48.33291270160193,1357.8488263981808,2,1
4.136840009027474,205.76865191152697,43.91310257892097,30.651351132246166,2393.0678269867726,0,0
65.74456468802963,164.16386166157434,43.741420656199715,9.964627174603859,1647.6518405374502,0,0
10.376549707763457,120.95640914486629,62.37112713955849,13.027420479717563,2717.1299211561122,3,0
97.65879262842792,111.1587221561873,89.7135282202968,30.23677160040975,0.0,2,1
85.48046073055022,376.9445441691222,52.47058403682186,23.933065681138444,1151.2247389931308,0,1
38.91279171495503,53.135307986971796,45.66536421687077,10.306305348626413,1428.1868571489654,1,0
61.93559716560313,210.95582913803864,44.81556373991815,4.589410781618923,0.0,0,0
18.869407530569823,49.632898395296436,52.48769533815428,17.29921008110241,414.0472664214651,0,0
31.85421433947308,303.0497113713898,33.43412479303202,32.90713512496677,686.4007456412137,0,0
86.19669529794814,213.47881369799546,52.403971174921104,29.90398871095293,2448.2059948233496,2,1
30.741315921204126,170.90799245261954,59.016246726636,22.481430637498825,793.1566536853995,3,1
22.142639809327815,46.86822958677939,54.193721271489764,33.02830791437224,681.9210126940229,1,0
34.08192770424321,92.6081090010782,59.150838680095625,45.60040079794031,2317.4857806561918,2,1
88.08554976337119,184.27012681405193,58.67495218697071,35.91189765651222,0.0,1,1
20.414057023216685,167.37018434194852,14.562066355071124,28.18036992915629,0.0,0,0
9.54359594706478,20.52054871221594,62.73740316790806,43.921080099910334,1138.4076999306535,2,0
62.24217408676418,390.22509599153983,36.579703086750925,15.602245466755576,52.29323192164475,1,0
87.4287386642449,308.35704106883406,28.083216739920843,26.626206906669726,90.32070534035097,0,0
5.303453804904421,36.82229181651422,27.910963442900076,26.983680965994477,2073.433791687982,3,0
13.713560915406763,186.7387513010618,58.67083220945059,11.44570112335732,2375.9738379125793,1,0
7.655926703041757,80.70426973834323,45.548501455502944,23.701887565734634,2288.864215852125,3,0
21.381043077802808,83.33475145759584,16.360624320291784,0.0,2608.776660307233,1,0
29.923767396010607,67.67483328286647,59.560756303845665,58.6826707149443,2741.1343200148017,2,1
69.08053472419114,156.06147368725524,21.207837384023453,15.938793173455306,0.0,0,0
52.655316276775075,183.54758918836208,52.79642717036422,53.79171197131968,1950.4119599294665,0,1
48.501530767446546,101.42304960168707,54.76997851346108,30.571267585792388,970.3918004304412,1,0
21.72216857034855,120.93658934131099,67.7115416339009,38.472961982339385,752.5757540095639,1,0
92.08349225171541,212.25200826818093,85.63369572933703,22.668003024736027,2060.4146322087054,1,1
31.865492202196304,156.04051139165105,22.706473481989168,33.118945379425114,0.0,1,0
193.41212082974454,198.74862241989868,48.95052287873901,39.75734459982654,0.0,1,1
50.27551885048863,246.70682774673375,44.473294099115655,39.968286215912734,2133.5727440817172,2,1
6.748892859051263,68.04456857998156,58.674993719219245,41.62160085111536,1987.7860175108979,2,0
56.37799722553777,86.81553819662932,54.31337541867237,24.475009349412353,1636.7326558715104,1,0
19.659834845980512,47.33596139012346,42.9490751452676,22.794604912629673,620.0865952768631,0,0
57.97024320124432,123.94421344292402,41.18195622778289,6.087355120985947,2243.8296345821245,0,0
3.609245253477216,221.49702217857683,27.67098289631905,37.84828516765405,2180.3028920604756,3,0
9.611409522956075,57.148825066130065,69.75723164813019,46.23568066985164,1585.3045150474543,0,0
96.80595255090651,235.32574750420426,59.18408363199059,54.239725198768944,322.6789587302285,0,1
12.885427165339244,23.068627648635637,68.35536395590275,34.57758951870762,1074.7516542704932,2,0
90.7128706056416,155.35005167846083,43.79207727048973,18.502803406371463,2337.8336775244425,3,1
16.374956968937365,495.358089428814,36.86329062611139,4.543557850658171,2827.191222801787,0,0
51.484438387511744,198.64256582756224,28.43369866741544,45.62500099625026,1173.4633966236715,2,1
59.23311842148193,82.8722714307613,57.17835167481319,3.055851498336967,1250.3270321917375,1,0
35.939124064427475,105.54255322972907,29.204135509435307,24.8909388338435,1338.3108919749388,0,0
18.214527509449105,44.82286395920185,86.973261379331,26.63539758084531,1774.8930089109722,0,0
11.95376300823429,64.64264578570982,23.84714837813119,28.95817293223471,918.9326999399761,0,0
1.687630960528036,153.13860412554138,55.47320238425004,30.537039000537604,0.0,2,0
18.116430595060464,165.6179789746219,81.33709414427572,32.072213345513624,2692.769001647097,2,1
52.944987304611004,78.83506336468366,61.981795185276184,0.0,3294.688947162549,2,0
139.2774722954687,394.6688334891399,53.51347424983559,30.2198386480519,887.6001403942875,1,1
102.47646330481996,192.26463130172033,30.630327060762088,0.0,433.34663108122595,0,0
72.6355512373689,120.42692094200835,22.36461622864592,40.98327109636492,1362.899477609778,2,0
77.66406717068507,147.36665261683572,65.40100217835172,21.67312266294582,1312.496116271227,0,0
54.67898419608366,147.58397607637892,80.12294481549893,0.0,2495.5185771629594,1,0
15.074640664863509,97.14781984023,41.22300019043657,17.78692983921936,1554.6394416450378,0,0
118.86275460975453,185.49478771448645,27.21876984767298,21.448869912230194,707.3771696288168,0,0
55.54421087100344,125.85038850222423,0.8366113890196303,47.860494263325066,181.590549441951,1,0
41.09912439431902,60.50760092991429,30.384703126749248,32.94956612625367,2365.6341848196735,1,0
5.882309894213233,173.40424609210118,47.7268631500192,35.166674165258705,2099.5112411642494,5,1
29.624886169196856,107.66117745374257,81.98246481673468,47.718324513309014,2560.559878091819,0,1
30.842491240149776,44.89289710372313,63.46267384465937,28.55783568113266,531.8132492789061,0,0
99.96265959284821,245.27323593109324,56.10170809413506,41.31281941548605,3338.4368995283294,0,1
39.554344949288215,309.03415248493917,41.99760677397738,40.25791670897988,0.0,2,1
23.934102822378925,318.26117755411406,38.336685654880874,10.702957596458816,2209.6010214014796,1,0
188.18085801761694,234.22860990898923,78.11295195015927,52.09475366444744,0.0,0,1
5.867189981337925,20.429539215155536,54.01477081516779,8.695473298939582,709.6686183015323,2,0
27.45653493256675,100.52059590499248,7.947986161579557,43.760499742167724,3061.022930447959,2,0
2.1466629153440704,14.093646968346151,36.52920704205514,7.24390444641551,2331.3642544759896,2,0
67.33524748315729,339.12624013578977,32.83567936456747,39.0185518222751,953.7795845128181,3,1
125.09850155819389,145.3810909695674,39.0747198164507,57.92872317225259,981.1629571783118,1,1
16.42779574570097,45.56546599247825,61.25821320570171,26.80532015174683,1600.622110835442,2,0
97.71686477564148,149.9116776025793,47.851102364115015,26.154665357202806,2014.1409907607226,1,0
17.280973395914966,65.59625862539379,48.46269185992676,39.156599989752735,2751.5793826826966,0,0
120.82698923069854,279.1372115413532,76.26946322650474,25.059053160561856,1043.7659953915054,2,1
70.11344458060847,131.05230383063082,36.07077820426623,57.274180556142326,0.0,0,1
81.71388835882193,100.43945048871579,87.28399051774699,32.882883741880434,1656.96862704876,3,1
0.9085323207082231,31.99812925859682,36.57384817257828,25.197457376689115,1042.5691624916053,1,0
164.58624862181986,235.74045911357376,51.783963932251424,21.895717081564754,199.36629525155263,1,1
64.85395260823415,80.80675415626487,44.37592809194466,16.00577294740469,1797.6689153127943,0,0
18.17426806988615,112.76055796923568,52.468382670019224,20.583675198637657,1286.8862459072109,0,0
88.42011858024539,171.83298571521482,58.891839901462575,24.739899095121054,1806.5122064697944,1,0
16.530953880365956,141.95316787099148,58.67670480177753,22.6854138975213,605.5557998128196,0,0
103.08158987072082,380.6683837776146,34.9376533875884,20.127370887943442,1986.7105303254987,0,0
5.971867124054711,249.3034067588379,27.541706451048587,61.48261845528659,182.90180324502148,2,1
60.81677500220933,352.8340298432736,100.0,14.548573852657652,672.2686103034168,1,1
38.90241854836277,66.9685093463777,40.32031320798894,32.19948881469262,1257.0857689127224,0,0
5.075866076325476,19.182155164032416,63.98424877343973,38.887815146413075,3241.8184149597146,0,0
13.846591744415068,49.83985913080714,17.847173789536065,39.45161993375599,2284.8253685484938,1,0
0.624080423751401,226.0847231440885,44.40774560190646,29.12089386326292,2577.1925042677894,0,0
31.6278188330141,389.37405911273146,47.45601232035114,26.389461422290356,2917.0770333431446,2,1
17.92420474185972,214.05447132618394,59.45630139855665,36.773212368592596,5102.832135810873,0,0
45.6096425207786,57.265015304123416,0.0,33.99782474967301,1541.589067558434,1,0
17.636835997261834,312.1939943429287,53.32281226156661,26.1156174784873,2920.4009231298555,0,0
17.827969781233705,72.88134008832296,27.00517089264214,6.571821424133539,2512.635254401941,1,0
67.97156114135132,68.90695138354614,56.48691422389848,22.981144165001286,2496.032503307526,1,0
2.467014661997768,60.87723408748187,29.27341606323674,12.801747544388135,3274.239618040181,0,0
116.59811810955894,121.31452961589568,32.890346081488374,19.992606749005102,1080.6869690155236,0,0
95.61637658070381,174.11585543525888,44.52744779213464,30.498348577754392,1001.3149760636205,0,0
55.1016089756706,96.43430626494312,28.953410607936092,35.381042159949246,1819.7655134818615,2,0
44.97433200381701,109.11236921647303,40.4893110652929,56.706791269386095,1317.300228078113,1,1
111.4214445221528,206.39853367326958,26.132484629133693,21.938904316442795,1818.500852998173,0,0
10.248618804199438,213.35269428189946,13.336590966025447,41.61938452912726,3062.7487850530115,1,0
4.113088016205121,112.55491121798421,70.35914104858719,34.589400366567546,1021.8532772937216,0,0
13.689627001715946,70.61438145910888,24.079026143521432,49.439965059596844,1195.3210374062696,0,0
79.1345117931367,250.29699963431392,46.42638224784033,38.64343079393439,1674.311003526577,2,1
1.7642771747663253,237.766777485471,65.0578216298757,14.872778590705256,1271.6815739748308,1,0
43.710296960978354,56.46636128954341,37.70111794967914,4.154309560631532,0.0,2,0
269.49440544300415,345.4087837390873,33.49668200508924,34.66892549501257,919.8723573010604,2,1
96.79168719178844,130.27072672667586,54.52476177334843,22.07323503149414,2187.373242237504,1,0
36.84927860044089,41.669737942465645,72.35867645454304,15.295293810741041,2937.5467509326463,1,0
3.2878116076265758,113.71464554265512,26.61369469827062,10.986334432003837,345.3814324622733,0,0
89.00345771633697,287.613717125366,46.99704335965122,32.41463246380733,340.7176007691571,0,1
45.687012877185275,63.468504113277994,15.35010810065345,52.615615489700474,1530.2338027173357,1,0
6.104596365140864,173.4562010544762,42.1359799263562,23.869914814409377,0.0,0,0
4.927923153723075,196.92976187409184,50.68409369076151,38.854054666129834,1055.0297970128727,2,1
120.19038653921695,365.9278339915628,32.90750716489869,28.46600474673611,0.0,0,0
55.312105534402555,86.13937866643526,40.86016332349537,10.659268663449105,2869.061299842465,2,0
88.38851597612025,322.68034624782706,21.835464633850997,41.02217015265626,730.6688456495956,1,1
105.58951853774707,144.25327807774747,51.54157222762987,13.579619339589431,3152.834186339027,1,0
42.40501685324601,122.77669941940198,71.11388497766299,30.32439945890347,2613.521353458339,2,0
36.433158815578935,41.61592050916661,28.057122604590727,24.87719377492042,853.6827023025833,2,0
28.143452104728716,32.63075101616164,37.54656466895234,43.39616151848538,428.0403631539225,1,0
19.05911100566916,146.48905775894278,60.050924929083635,14.1277351129397,1306.4542508324114,0,0
28.510734494156694,87.29579722492608,74.24181438645472,35.8630486170294,1395.3533757417968,1,0
74.33439623333629,103.94512613651567,20.136203755821374,17.403038889769487,1846.1469439524014,0,0
46.055545390855514,67.17871044876797,46.624305251681015,22.333421815068224,723.456710469821,1,0
111.5240552814668,222.3762250476687,55.6626164463905,0.0,2246.394873522203,1,0
29.2936261960972,29.333788662670184,47.95887218742304,61.38147857426863,1765.3280549998995,0,0
46.70868143826444,210.64231080725162,0.4641586624582601,38.25835399239348,1159.604843284136,1,0
49.88962298454632,58.146252573160076,60.02180018617544,18.489787710927533,787.9593445819769,1,0
44.78730653297565,66.04348204893103,80.38672702181287,13.13016467500509,1315.115016901314,1,0
60.63954062764889,109.45408398767742,52.33323502339007,22.565268706809892,683.0987481724306,1,0
13.553275985830638,79.88468839744382,29.377878934114733,40.753193022291775,1558.4386948835877,0,0
35.90927984512069,79.75901882847563,39.73745507271434,1.6187261162261173,1585.4386852199098,1,0
5.503289673916542,44.17432278020105,85.39826135311186,27.876233710584927,1761.7072834763394,1,0
24.266936874952982,356.45754285229765,68.19925081721118,56.5596280869401,3266.242409671854,1,1
33.43903043343766,136.04392108634437,62.800532367686586,12.990804960482937,1367.5552803004275,1,0
52.80987154596441,55.181058838399416,57.12825167068752,31.205775581454823,2504.5978671244825,2,0
150.32050656159714,206.56326427055942,36.77725775618055,63.04964722886636,1729.5873969757017,1,1
45.89598621665501,253.8471004220198,45.98857638688463,39.48227444536159,1261.755698101546,2,1
68.0496413178296,103.92537901774033,48.44154528642968,31.888857307281828,1380.8407300487659,3,1
35.28792444278386,45.22094730633037,60.991486321288875,37.59954682363504,1441.1735908319497,1,0
50.27031123587008,192.3111895767895,80.17837788533807,23.987019974854466,1779.7677077282162,1,0
3.678678924806502,96.82262659852681,72.36676273586255,49.494469279551595,540.6792347810301,2,1
14.677736194256955,99.1474458844125,21.612312884079188,24.01004965649682,34.659616555032926,1,0
22.459338035474524,27.965857902444704,54.479899378020974,0.6122758689603458,2154.2973934742754,2,0
31.979690828360436,47.12002103731315,64.73526690335794,24.130453440893103,2398.123832581259,1,0
2.3361742001170605,99.76773117516193,62.377206602892706,15.498982051849447,2245.6358328028027,0,0
7.54254552689986,30.839694476844482,37.41532473225161,25.78208981703856,1654.9720185564727,2,0
16.204462705167057,86.33652791065981,100.0,26.113739113790537,2267.2246274532886,0,0
177.94994496157955,256.66973127444766,24.458308753377622,47.96134799707361,2213.4290260171424,1,1
20.1245024322056,53.46320913562984,28.336231066679,40.42939089996578,2287.6293589549546,0,0
32.89296513143755,329.365088717492,54.67190162523153,33.94898231363095,640.4591786578865,0,1
10.91387752228215,195.7240728795501,92.33606109927706,29.955818830011072,403.0482028453689,1,1
47.1805362569958,175.32839838735129,33.27610298591658,14.117129867130084,1111.4307532477294,0,0
16.472671395570604,24.5930116919005,44.683432687060154,0.0,1482.6158904573444,5,0
11.59613492746251,22.815629912871312,71.54587346031386,31.697400170891747,1258.0788728677105,0,0
36.34270946622103,104.22401925402278,49.64275690224533,41.91961805360488,0.0,1,0
0.2760505968654886,17.796347913681913,43.30792290939409,28.374991751331162,3221.692612135142,1,0
0.38467761352001506,383.2699517311818,61.3126580377344,21.977185158199497,1225.9540111142646,1,1
12.36341184337153,29.622742926411092,55.45035980459186,36.96753247821319,1672.7044165769537,1,0
1.8706282919097914,68.70980927877079,70.60877571273582,28.750016990634794,2744.548990763059,0,0
5.715900958138311,50.990608428629805,75.82937778130727,55.28616287960942,0.0,2,1
20.689532170251542,122.6843635200362,56.14006120010723,48.49092513102427,988.3061280882879,0,0
81.1225304712823,94.93804089669288,55.83465450756618,44.392620855349946,1112.8827264201955,1,1
42.43728712956564,98.70470805112214,54.28221964572267,41.36601171314856,1163.6899545493554,0,0
35.94045504940313,68.05814060625508,59.78261113298575,10.647488783228145,1326.5134092860471,0,0
17.37081285183237,236.07484637916187,51.103412757429275,39.94490553078899,2947.134798444845,0,0
134.2316171793108,138.3748469317335,49.98783035355421,35.64488936469863,2173.4588757272227,1,1
25.293151328733416,270.31758313411314,73.93254241654485,39.09637092586745,2458.0352686288297,1,1
4.556050505828779,183.52868737545796,80.32232360710086,37.389142302195786,1547.1202718109237,0,0
47.9946988104977,83.3157534918862,19.848941107331584,36.79143881772099,100.62695385449888,1,0
6.042797243533146,161.77035778989642,50.20042303481138,70.51299704324393,0.0,0,1
21.17303887116328,24.344147259944844,36.226111331095304,28.857214950721215,0.0,0,0
35.404101485987304,376.12227760568584,43.78057067027855,44.045060712439955,1859.7657041660195,2,1
103.66205011494583,178.44243999439882,58.05032419470643,22.93515284603995,1531.769712697635,1,0
34.01614623279765,70.1534605635184,63.38876743084937,41.85962375831508,1289.8363524439924,1,1
60.57652560462551,105.60967960758131,47.7574711277731,44.08979835348683,1131.4230932598634,1,0
246.80078709890552,253.67208032274732,11.733193305543942,35.466391157030216,3511.721575442747,1,1
7.048758295799078,461.2637340970229,30.699088388476408,55.0387041356475,677.0964090235257,2,1
16.060669152345085,20.069140077060666,67.92999340400331,16.735859454593736,2427.819456116059,2,0
25.091318241823746,131.4854872331983,0.0,22.69168587497667,1501.912936020994,0,0
27.3942092760732,85.86581466893446,73.74854303364,33.18570129035234,1439.060488214003,1,0
26.46824387031414,323.89706522356073,60.424599812890825,43.21210280226333,2676.637548616744,1,1
119.08736913559572,147.32362579095013,76.32352163060044,32.691442819424,2962.5303826914446,2,1
62.59388080847127,138.5411329595463,46.028616262380794,49.28638554765849,1260.4505431151617,1,1
46.81258338158763,112.65937684427162,8.771891519541903,20.07465193550521,2299.202719242142,1,0
18.507749491469944,139.8651052838394,58.60725283012996,12.891322657671683,1863.8913621500537,3,0
86.80404969388556,93.8473939785387,75.49306248076682,34.62192504804757,1507.4371388099146,0,1
155.1219196899078,176.6629142311315,68.49443611026842,28.842295858294555,1704.2549426570258,1,1
86.07389054325331,110.22562509296883,36.746170330239295,38.1429558053733,811.9911851551624,2,0
0.07831656240208741,134.07695066103832,51.73522150925294,29.588965637002442,1193.9006066689153,2,0
50.58523425335606,71.55106009242539,39.343274624401516,24.899703140648143,919.3647202472937,3,0
2.624457374752228,87.8368175060526,33.61467071621256,28.875936424144147,2401.3767164289193,0,0
14.893841161123783,39.13206204212116,69.10777142359701,30.432733421897773,1404.7988844589374,0,0
3.0684946790983156,200.84724740143278,26.04935377469676,25.425280502275044,202.2859753849616,1,0
46.2912334064396,331.34272165989637,32.12367138836775,26.95301930514858,776.5627768369121,0,0
58.012138272238026,131.09558406293434,27.91948733055229,23.946099945196348,0.0,3,0
6.07944307284065,49.51358001653486,20.195049534019066,42.8499767980411,1005.5073981178515,0,0
24.212339807468023,50.87719344656111,52.92828583685207,32.91031506758699,1537.6450650971494,5,1
30.462044288539463,35.56832391270984,73.23006096963951,63.8512870825315,1363.8641511330263,0,1
23.026672405936967,54.29248867474239,46.302464875094685,32.41056826917693,3480.1543515313924,1,0
6.4499411832058655,112.64975929742654,19.88504398871667,21.737137945070074,2074.906040915037,0,0
27.145733209194038,103.42052788176822,66.79889079484056,70.06013062294596,2030.4518530891507,1,1
69.5508844864037,357.86498170711843,83.71403508069943,36.20439566571503,0.0,1,1
3.6827395253618054,54.1467625554259,37.07515351706811,44.85187180339225,1135.3579458828674,2,0
4.1788647782379895,122.55123308073641,40.428914665645635,38.88154474803737,1013.3371926763044,1,0
21.907521936821517,89.10927074454179,60.313212601667885,39.34516543946623,713.9188011919921,5,1
142.12971527639203,213.99184938879404,82.43747495570102,38.034810770287116,700.1193344866534,0,1
55.217331942045874,86.3839818577735,39.603317085495476,13.468731528359019,0.0,1,0
56.76432558498414,117.45224265260327,23.3510043800359,35.51293571342118,224.1467953186716,1,0
22.46457986449028,86.1006295471978,62.62837212544813,10.127080442246413,2374.093402764949,0,0
45.02834892867231,167.6646840632639,65.98136146284598,27.384557453811986,1357.0853080068177,1,1
0.5091426876271543,282.92260932882635,50.122629008704536,19.11573815155069,993.597581725666,2,0
50.543265496302126,90.48977156344839,38.83733480685099,35.36205278773086,1494.588665347292,0,0
122.25754297699063,126.56922100703177,69.88757461984093,35.01189371007352,2667.390678701151,1,1
47.41145219464216,115.98792708377158,60.560720090959286,37.2171883614778,1504.2105208757857,0,0
103.45420566187717,182.0816731503205,34.63128966193014,34.309448591236304,2040.374130931038,1,1
64.36283964535804,82.80808834256936,50.98189462611343,20.897619873204018,653.3951576117427,0,0
6.423406851299853,149.3288159834487,22.965849359507068,26.084947659724804,881.3700492532809,0,0
116.3712057990887,535.870216493604,63.717809128758404,43.805942418817274,1853.9768850636754,2,1
3.437708089506855,294.89850843389905,44.75532861234288,46.017850159416,3392.653708337114,1,1
38.174992294642344,60.128255003118674,41.28578335230526,12.798253520601762,2929.774859514874,0,0
7.66555051037578,215.90071963703127,49.34251029695132,7.036085512310304,2082.828069456139,0,0
0.5887836307241012,122.4952743689261,50.806153986604954,19.096659251929317,1651.4337601607183,1,0
27.41203428218688,87.89756668687909,67.8986012313112,45.67811373048376,2901.069355627171,1,1
17.480760959518882,95.26655305301836,61.82181062650443,48.223260452745514,2294.6783230451238,2,1
33.27664871115796,222.72245180258489,46.87181442414395,16.129321793982427,0.0,1,0
43.04278785462037,108.46138789332021,65.27336299437991,34.60964030604507,446.06915214477795,0,0
2.236223312795628,48.95017584062197,58.01474507383226,57.51646999710131,1838.1403253579317,0,0
6.562602194234074,74.53585684432554,41.46800727427926,36.229672158605005,0.0,1,0
40.894991986412336,127.43807358288576,47.50563683527028,51.3225492784964,602.4109952431379,0,0
21.016300809552895,41.97459881981176,47.03554222313758,44.980898551246476,800.1850563420259,1,0
65.31384192807292,296.48422646817676,60.105226863484035,16.34701940658134,1243.8340937541664,2,1
52.81956106258551,164.9627135401417,42.659547705567164,27.15027864754383,1212.569791773792,0,0
93.4118449748684,193.72448940537242,42.19181627156733,30.521317174377717,1210.8795728331731,1,0
58.962843205134874,69.44293556218568,89.37514618867917,31.5620008203201,2325.3075172403137,0,0
28.099900430200307,120.77794063324183,68.79470963494208,43.74493430157857,1234.7761345494657,1,0
55.884652055280746,68.77721499939139,34.78798671149722,36.13027143413113,1115.369867928766,0,0
16.10547599900646,24.302179946464435,61.41881987884396,0.0,150.8278958564838,1,0
18.286757394049722,93.21849651931845,52.36700131310354,10.307395903609109,2524.346201985825,0,0
77.79134079251587,129.33923985726292,57.83102350520188,0.0,828.5024860525139,1,0
29.56740644578376,118.43746056717804,52.74682649130209,32.630478609830014,412.96967199872483,1,0
80.06861151346733,89.41423993288709,73.79285290970472,33.60731474201641,1713.0905748689709,0,0
86.41737171109364,142.80187958847276,56.912406893028916,34.24837437916078,733.0587376169372,0,0
97.44254161289727,116.65388149708411,48.75822603571425,15.616075984280757,974.0472602057058,0,0
124.22647754965885,559.2799403917513,70.84381153966035,40.11216007679984,1758.460174319069,0,1
28.192443534990463,110.5522529366436,54.66570082175744,40.74393744702794,1173.5173762204436,2,1
19.199871207157358,135.49474972963696,52.429571586581154,11.172763991922633,3811.6093753006344,2,0
43.63747149250416,83.00371701979542,56.28045204972229,8.009426978266916,1425.171456680802,1,0
23.1949091486295,33.148097641778286,48.12781953267267,29.99802470659593,2117.838218879222,0,0
45.948988053763166,418.38250361597323,50.18453985990938,56.87673410420039,0.0,2,1
61.13839361847305,94.86191133075033,38.26610822476255,55.49614113297964,639.3508680852699,1,1
58.30255353370436,113.43401972079954,34.976655607522424,38.45106540672079,413.0863050832877,0,0
23.464425212038993,128.4077657044812,30.028592270351208,19.050049926298854,545.6202766973712,1,0
9.127691290240818,11.62843051589649,22.160334264058477,43.30263989232878,1915.5379938370024,1,0
28.152400679893052,194.3619989331247,32.40565277230887,23.21363602786438,2535.5650677774097,1,0
7.692194749305026,84.60395504757214,46.514659310661486,18.487394449892843,1844.6305046345108,1,0
110.40787202685334,143.01097187258966,52.06235164891274,0.0,1273.355376433691,0,0
21.223028808697002,27.581777924225054,44.57406873704719,31.535732975214792,869.1449612875806,0,0
8.388975176259995,26.12218750764891,2.8859301974528435,20.55198976293937,2613.599751186509,1,0
1.2888577198338331,226.70060232968848,81.49172715524685,31.446455692927564,3571.255454154862,1,1
51.897837901030364,167.7417821352762,71.72960245780763,0.0,1635.0557047836908,1,0
50.654169149840996,79.40927347174156,58.915197024342575,32.54740008875531,2439.3630640715724,1,0
20.82156335553708,27.60671191122424,88.14981345106537,0.0,1843.370349795475,1,0
3.7206564888137263,121.03763975398357,30.452717650325788,46.319103799028284,2255.5049064655896,2,0
26.350197405587313,111.30871422630862,87.7525024125201,37.828368512026266,335.4532218898835,2,1
18.641486276414167,70.48015401521212,30.695718464989042,25.820028428631183,1011.8637198578759,1,0
56.523826157935076,101.71842348160422,54.77475850582713,38.440797901231186,1895.4694400455842,1,0
46.54221230029178,70.98075386278177,24.523253497315913,15.328886060046715,2712.4909440819793,2,0
22.67453432794459,133.42306506186154,50.293881910887336,31.08563273422339,681.8657783623253,0,0
12.288157461212414,365.19587309245406,57.72332995996777,41.92161057690504,0.0,0,1
221.2925154682265,240.61643880116247,46.90619337730891,0.0,1001.7355735587508,1,1
30.25696362326469,121.16777748375586,64.27754888180274,23.291634604837142,2510.13071434825,1,0
58.28157192596623,113.47846665032925,51.98028898974515,29.660338047954387,0.0,0,0
7.573304104734127,66.75675867160689,39.551705432449815,27.0555957338135,323.0801078684158,1,0
33.23670411344603,62.559416584879386,38.663733643953215,51.85652739341108,1655.918586051112,0,0
1.3961481211462656,175.77018014911977,66.21827545231393,13.141483126156732,1384.028747238536,1,0
35.2058684735351,101.61435049931694,36.92515940386065,20.682611348321565,2094.4664815532274,0,0
166.23599942560742,244.6320356128429,68.30805940969874,1.2619646053732758,271.2732395544208,0,0
24.2421972397371,60.592145460915404,74.45423585663862,52.65429976909718,1175.0214058313322,2,1
1.9888360387391568,22.054718062410316,16.625722753077397,26.305647860868,2695.1854024030977,0,0
1.5722522362918268,10.554919115508735,72.6585277460207,23.423866679449397,307.1038063632161,2,0
24.550068131504073,149.76808129300318,91.20845396889398,29.21275976533929,2976.912296310269,1,1
8.719153692556542,30.563898432669635,55.04007522403857,39.54353742645486,432.58301411131106,0,0
1.1814538540600281,118.32406276201776,61.981683705896444,35.210451052741874,2349.381577377611,4,1
70.57314520714553,120.06450890531791,70.74010648738317,69.71826320335632,1127.0414897868743,1,1
30.67273522269077,84.41961079673275,44.490353696419554,36.809038326056616,355.0917423610233,0,0
17.07135864146678,80.4041167629405,53.64560447075739,23.021318562463783,1003.1009528474017,1,0
115.17086346607717,161.01134045087315,23.716009407537815,21.579648937140796,2044.929188178994,0,0
6.172771174893265,16.777732836295016,52.77270057060902,24.108615713747863,1493.146005098509,1,0
156.08612740704874,193.13914890882833,59.96223991289083,7.472446130552431,2618.4694114433437,1,0
18.841456774526314,127.8268405945557,60.32326045852939,30.59796311237379,2935.7400609348815,1,0
109.6433567784054,219.2402557453744,71.3084944719516,41.75202159313376,316.96933468214957,1,1
46.18375603423861,79.90240821405206,34.50395643728942,20.79954599065146,243.73085508965505,2,0
87.6386775688192,149.27629823545468,39.347864866530074,17.88929915573833,195.20622637915835,0,0
206.79947980001413,228.2980748218485,87.9101469198271,52.73917719441351,600.8039039519808,0,1
17.012348244930582,40.631691619893786,46.993432524725804,8.602752650682525,2604.2145208197444,1,0
162.38368329798274,164.715365801683,54.00067574624656,0.0,2060.361950666735,0,0
24.672366484581094,251.72922976079738,48.65979916549558,12.70647084528926,954.9724270775683,2,0
24.34828616049801,48.0100108194371,33.56638347389955,6.893509243135554,1488.8974093771656,1,0
20.80510688152398,46.621819362650996,82.47058421783612,35.793390961568726,2904.3055051659385,1,0
38.97967484469401,71.77474028093366,39.445971761587884,24.589432493256396,3408.01085097912,0,0
8.37036899559433,21.99909584580159,27.4542895258614,26.704694324642404,1759.384333442802,0,0
40.33948211457837,142.30006153260865,40.98519445394497,47.294012654621596,0.0,1,0
39.01208940447564,46.82369914333882,9.965879965489329,19.629977082558355,1797.2870947599731,0,0
71.75360691532478,86.16402155411684,36.97425070033636,41.62634117618461,2434.7481295413477,0,0
89.68305238542267,193.17829708451552,30.637428042953466,52.66984198804805,1724.6323158560751,0,0
29.030346577253276,70.53048305038189,62.348572618546484,23.16506252979509,2226.514918734784,1,0
18.000686241447333,141.08296794080675,36.53171520880255,41.0553428333447,1857.0653744603842,2,0
15.010335452106865,96.52481149731847,67.75607871157698,26.372731312065298,265.35458251813475,1,0
10.822291355506094,40.39656165250667,77.96967986138642,43.861471932611835,613.7615666365373,3,1
2.96879789041904,108.18784786172928,65.62350672575198,6.427662186355903,1178.8478128698437,0,0
20.961569920849488,33.32235565783172,45.69223422279847,5.317316323119805,2565.4147782383516,4,0
15.752505335258448,92.62806177550291,52.82228993411186,24.13098427638689,734.1159316793794,0,0
169.68733912148303,227.16121406878386,19.50030119711881,16.66612786410344,1955.902633167647,2,0
40.78934248270577,71.96955036899261,47.32441254957521,22.24936335855172,1803.692593921197,1,0
21.33012477585504,113.965493612014,32.791230638663336,26.707101263292902,3086.1972650791304,0,0
43.430726181128634,248.4839473006105,63.88652762298598,40.800202977543776,1458.3202218705856,1,1
7.494462875107239,689.167139307664,100.0,23.885091321510977,0.0,2,1
29.353283672145146,122.94212771847913,59.99643271947619,17.6420803406537,2146.870464896778,1,0
49.206310289100564,101.07627696092356,10.177197020906668,24.727299348616516,3638.0552116340045,1,0
33.559288548973754,59.07523969152015,42.77539614171254,18.462820802900733,2212.3833448664564,2,0
25.6897347427876,55.40859162939867,52.44981850748909,15.989917469059284,712.3384081895929,4,0
254.55206319712303,319.8399529328292,51.747148505205274,5.804747796345463,418.0541208210352,1,1
106.14450001233983,151.9168659825852,35.38373748782494,31.042171743316178,547.0311664925947,1,0
48.82937419034039,293.9547333336984,54.90583485273871,21.469414401044197,3503.311880382046,0,0
42.12615601905684,88.05950664571736,25.149983261612256,44.49418108852008,1172.672559478564,0,0
48.466182165997715,95.2179888310019,31.10182554629866,8.289058619115892,837.3566061719724,1,0
11.239251629289253,59.61454554768551,62.915952832074225,21.868746674281816,1341.5633558727666,1,0
25.137726084509843,206.305505151171,29.686735382403484,57.193608309881235,1183.0929513942983,1,1
2.0129583182880104,107.22065933032493,60.764232109845146,15.905857243532258,3067.6503597875035,1,0
32.26988145217898,127.50542558014668,22.61072450687884,26.45200121855814,485.522508983697,1,0
39.15628418764873,79.82432217040757,85.29651767583472,11.762340257619474,2680.643231660447,0,0
12.922330272947285,183.24455322671318,34.51460155191891,9.773587308285283,1622.0920964510847,0,0
166.25189859498883,170.1638120072423,45.52666856393112,53.20966474631518,2707.026513427685,0,1
120.09520086993216,324.73238106445336,56.612265221808116,32.56559238955721,3082.619043734051,0,1
64.03247667618976,135.9302501700007,38.693000949978114,32.00518257356435,1584.797633913095,1,0
38.112713153296625,88.90407241526427,52.86811922142609,4.555256473256666,1184.9363904008344,2,0
101.99918115913103,170.74895418251936,61.507134490402514,35.38112082162454,1566.1788318651031,1,1
7.000608453811546,117.08674921806565,69.2122646500697,47.36132918990739,1405.2293279948683,1,1
78.15391457141175,79.43867503977398,65.82994871945914,47.24215591242795,0.0,0,1
6.666331477601192,211.88933230762413,46.56379072394652,40.02499844409241,3052.480373785073,0,0
79.04511335870843,138.2377500805799,47.067364519127956,13.057716336068939,1745.7850173811903,1,0
16.13214498956713,58.13417523309704,96.98217116050066,34.69685125789488,336.90081494894594,3,1
104.81538129752246,119.69387408051983,68.99778136498584,40.013774407149114,0.0,0,1
144.1577773175082,202.04420352077534,31.563526873595727,3.0833462236664815,0.0,1,0
8.055171260730479,76.63713478890914,51.99976327531104,13.180806127773227,2270.4804366875032,1,0
31.05766397295583,82.7498632805553,43.29713722443615,43.322359826151626,881.0224315929047,0,0
198.13261065714855,311.65819249248364,47.293315321537804,43.140686650078926,1045.0993318948667,0,1
33.02503962436906,87.65245068128188,25.41009684583824,6.771254495679113,1988.1542645388236,2,0
99.58894376326063,425.0847928489279,41.76153531228094,41.92532188903759,983.9518438982216,0,1
44.425452346212495,135.87406791227892,86.23111546387827,31.429550987304268,2046.524416053513,0,0
23.52658106401821,188.2810322472766,61.58152601751006,41.71513431910727,1595.2640643767154,2,1
16.828460953003795,28.409498316234824,0.17677183697080068,20.48218014849088,1415.8704168507638,0,0
11.359027645419319,61.991154830522035,74.33446984995894,39.67775244721353,0.0,0,0
71.73185146084778,112.80691185432428,71.79259045818323,42.65743161728437,680.2686435611404,1,1
24.432052140118795,108.70875671005219,42.814293913871666,24.729975968164325,2102.5353655868657,2,0
35.7978132807031,233.20765034217217,64.3452708756643,30.26628819259929,817.9781851359487,1,1
33.89573727044545,42.05343259732564,32.81201578365599,20.272175557430195,2705.369555784491,1,0
43.0521480586775,50.5864613131429,40.59488567467285,54.77458423028819,3846.4013239933984,4,1
100.33824089565735,290.26226944759804,79.97092721339708,28.19592091011351,2156.3853008413225,2,1
197.48453956678412,221.41819564929827,44.56539920260583,16.16963512234227,2992.8318913651574,2,1
26.177327012433345,136.66649966084563,12.605366760900182,19.26261129187875,2220.727238296068,0,0
87.87338709486767,166.15391257916752,48.73393554437327,31.901559017131696,965.7379773278121,2,1
72.30811982512931,251.2205711350715,48.42823214171286,41.299967576673176,1700.1516648074246,1,1
42.61053979223314,55.973840695123,73.9673713874692,9.962597322742173,3513.320946097442,0,0
156.23188325989673,170.13314663569622,50.2867284435152,57.71490004413673,976.4462573725489,2,1
11.186843585222507,92.56440068801243,41.56835377119415,34.63012941083424,460.67270112192614,2,0
5.785371390988225,298.3661745859677,70.90112290462412,36.996839594541186,365.8055768847305,4,1
96.1944095446393,149.80836953591506,52.4158046500222,28.542156842648453,1282.470616166451,0,0
28.91507309737382,68.50746517007114,34.99954636868566,30.288884510266882,496.5279113569378,0,0
93.85569055162965,187.17123587164116,73.09995121083236,27.775752931088956,3174.019427437237,1,1
111.78849196435586,378.35741588919086,53.873235290335984,45.26693953553941,1716.3565345912878,0,1
3.22466443437917,184.58090772165377,50.058519333588755,29.881071188199442,2471.7263097605028,3,1
107.47807940351615,647.482323319485,53.55816782823309,41.505753277390646,1201.3346094203016,1,1
29.739269933421237,32.02198507621499,28.586632571668062,23.492287149711416,359.8028022438816,0,0
35.71164541230529,47.68668365394676,39.44692447643325,32.934607924684734,190.60605456672283,0,0
49.254249604265105,143.27872569541415,50.071652036655664,17.941194836408684,592.0082578218792,1,0
130.4436979782388,302.2442987405323,46.1067260995064,48.24792348824306,1847.525494026711,1,1
0.9650584682792921,34.546511686846685,75.4485676563319,17.493791389213264,2019.8829317679479,0,0
32.39372819689116,59.73366240035419,54.34811705454007,25.125308336080106,2103.1960730586848,3,0
58.19307990668292,212.82803008649347,67.09807845272805,25.275593813178826,11.327316218142869,3,1
64.13402087725522,69.93739096443481,50.18790709151699,24.690729184893474,1499.5908141017298,0,0
58.9692832855554,105.07488477925833,71.12576967492245,40.83743654164405,473.93816910760734,3,1
7.218647779765466,77.70201250593274,57.95055513146308,25.250133528950343,1901.4659675845282,3,0
17.790593565488702,99.96792435778994,50.2684097077692,50.90886795811609,1979.0770554974522,0,0
22.214106120466734,152.63584410396135,49.73433822081961,17.722873708047477,327.8269529735619,2,0
81.59368813932608,125.42026837010295,30.911227474180734,32.54066204914061,2468.029607196348,2,0
16.3391574588316,111.19068461641439,60.138314402726216,18.363210160311002,3838.822941528245,2,0
11.830754561812427,99.86893470283644,49.19590530927242,36.314591737972,2334.835737584662,1,0
157.85144344750043,237.17385592688018,39.96016079637591,29.76075409534845,1337.1659604488955,2,1
0.4451398836142618,102.74460292535753,72.12923541624143,27.674069329522823,1183.4542967902578,0,0
306.44114969520433,336.47725032154966,24.995679482103977,47.82712449755286,1290.9360183274916,2,1
56.47749272183766,65.32223387226877,41.55008209135132,20.18487193417345,739.2661532229894,1,0
88.1496508219185,100.85025766292883,70.55437497559066,38.79772736427,1752.3982066520493,1,1
17.450887925246032,42.886241292301236,56.31045881840507,18.465601309878114,361.53740884569584,2,0
0.7209364869005761,70.07524948521495,49.042821446944856,31.690278002405606,0.0,1,0
66.94564392173503,250.48089296288634,55.02007086300293,12.066370076648319,1719.6016818135486,2,0
89.83194682467004,210.66127326280798,53.58828342097683,20.062242805398895,1521.2330657758212,0,0
67.4453301774047,223.05429027750148,19.666749074281572,28.767854316407025,928.8299835628058,1,0
7.707134085511084,50.93563444025812,43.01476229304077,57.21973750984617,217.3033773896334,0,0
70.0050461802127,121.86625576948535,82.33043309027498,31.512058056896613,1789.7440269140347,3,1
73.25016738640082,123.28521639004038,36.81351730445665,54.8200247380006,509.82496142954926,3,1
53.72631236659405,75.02994064479151,43.63397971791332,33.30484937536377,1361.0556491346656,1,0
72.64648628462066,78.9635422090254,39.16758473381625,24.193736332875915,3264.971854126444,2,0
93.51463373394024,182.89813293078635,48.25969553363725,53.090347839010406,2151.189769575384,3,1
47.54464121564652,500.5201512547511,38.33754337351404,36.555264331101284,130.86733761830328,2,1
4.638928619745787,22.890650807289152,59.734830043161196,20.359176091759295,225.14842898769757,1,0
33.43519918938111,38.2161697763843,53.94626824580533,37.05857189100446,1651.8190927437588,1,0
4.041489828716267,155.24161744468017,65.47095230214036,25.611078751385847,124.67931794097899,1,0
26.173851741266763,55.28745568597692,28.98117667622079,0.1644870574305628,0.0,0,0
26.137023652531553,203.12340078287565,43.193190342341936,44.03959738898426,2032.3720112967235,1,1
3.414469028677538,125.13265751103788,45.4855473677573,46.42401083462893,1820.9357543208675,1,0
21.448499864969033,312.72288222763115,59.1129382017719,57.56913044988413,1950.5983312791325,1,1
5.882795243903625,58.46441010467012,34.13557605585931,36.33215538292894,1763.0351818179038,2,0
82.57428550377401,191.03630101232582,68.31307608516688,26.26914863876201,1434.689288327605,1,1
147.52649925309993,210.04821237174815,73.72831181035218,42.52484141067879,837.8114523233393,1,1
3.7532316866227884,103.33769311191122,30.222553047288322,42.74730547978359,2016.1349660879432,0,0
155.18281170343428,214.893612176803,40.182542102128686,54.57421774704633,3029.8834884051507,2,1
36.967577469438055,57.87096454046093,39.361369834158154,29.330585654003368,998.7709925565459,1,0
17.802733813930104,88.70954183049112,100.0,27.516315411486083,479.25978979170145,0,0
3.998831236978604,79.20030872779238,41.401997895842264,19.26683370362209,364.88058058876095,0,0
34.71982483856968,201.11126649857417,83.5525088431227,38.06193130087803,633.2697666662824,0,1
79.11924450988089,212.11847586203118,24.667360097867807,6.776074976537473,1702.5985244760739,0,0
61.39389288918249,170.3963073293803,30.206980676712732,41.64131059293847,0.0,1,0
2.576561474802323,14.611241654269419,36.26790936303598,38.81752682798684,1939.170424432326,1,0
3.784791202912624,131.30170517712733,33.08621377106955,38.77605303687558,2143.9130102961562,3,0
25.781296560804385,95.15706451936316,44.64202531683003,32.073378547527604,0.0,1,0
17.498480469002452,242.02404505848696,35.82443594557004,52.994673712966275,520.8195637224006,1,1
13.223304586627977,265.6349666814431,33.61316814530853,43.07990198140295,1579.680979845414,0,0
16.495008922775583,22.16861587871449,73.16943992946655,20.893842129364504,1356.530269695602,1,0
81.35025155783579,253.18715348422762,74.4758724502633,21.162314254535296,2019.6374682685905,1,1
132.4146297271714,136.25726120825058,68.98592996750631,16.80489279878045,1358.863178483634,2,1
25.96832420887668,71.7236105919578,60.47997911168656,38.269249991633814,2764.769526774965,1,0
118.28210341214451,196.43623121800132,51.854861315591045,14.99791618140065,1178.830600956318,0,0
19.39322320286248,35.4219299428221,40.05938618668183,46.25088215375028,516.9670132802463,0,0
32.354894299476214,169.52062013515592,30.93684990489816,49.84459962518315,436.55813373824367,0,0
12.81104354863943,13.650023581481063,57.25991406865375,16.81475596574323,2235.468509281689,1,0
51.14872309857723,69.61303386155515,26.527392149064042,27.216771981107193,1529.6211419569163,1,0
193.1166983988161,280.05665676196264,30.121581416492134,30.249314720436207,2133.715900725195,1,1
46.2530912905048,171.56504120804496,73.0582651240962,43.25974740704501,2113.1224992291845,1,1
22.143871430334208,270.60626363895796,88.01298083444175,54.140150634148156,0.0,1,1
52.18028092377419,174.42677165498174,57.865902763329615,4.7176141069713395,359.91739897655657,0,0
6.557892212615533,117.96478625178221,72.12914304589289,25.227289237099757,479.3749594961794,0,0
109.75792178331531,159.90176170339402,45.08303365112033,26.009749566594795,683.9358115082375,1,0
34.96670911016173,35.09523422098933,23.246516278246318,8.989952176701784,1079.6446734234742,2,0
29.832770595305092,42.63420696769725,62.24343237237168,22.723349710439074,2499.149594617186,2,0
44.07813802699802,120.55417439569452,61.38578646540128,36.416534165259165,2698.4823523838995,1,0
49.012652657591346,161.445635186122,51.43337107760488,25.81981645740664,1207.1091697970032,3,0
3.7240993627832486,57.757830810072726,45.15249083789777,6.830682470888796,1248.7191386752554,0,0
57.382336476218995,188.56747098244287,69.24421157162196,73.1112404701487,794.5662759427136,0,1
13.849088294575523,87.63473858458508,30.285339331450512,33.992667978062705,1589.1876972385442,2,0
62.579893063476675,70.28702690952785,34.524388422186846,31.675411951600125,1702.5208827339366,0,0
86.44903569908595,107.77036902382571,29.83786986479144,13.531104553994304,2306.4755550022655,0,0
81.47144729977397,264.728483208235,51.699459252716544,33.91059242956913,2298.438725982553,0,1
40.20404515374513,169.27073981752204,28.242139757814833,27.536793239377584,0.0,2,0
36.71615900233151,261.8692293784077,36.31515638969513,1.6721488092689079,1347.4550523628818,1,0
7.708631748212545,20.214768128619966,35.88488875545604,13.946168399783758,2884.100030890104,2,0
74.65972538187141,537.4272245438177,44.787833353320835,41.92389026510918,1061.8850726950832,0,1
15.832163455430326,39.329325493092824,20.252511071920463,59.160264750006625,2639.2418183632885,0,0
34.327988544986134,35.51296942190322,51.74409984074534,35.50748107564567,1193.5481999888111,0,0
16.722899833187103,612.8334695769839,74.94607301329356,46.54624917440051,1674.9234674419638,4,1
7.18360974536481,40.18327853929848,52.70982744633524,27.66367037125185,363.109307600851,0,0
49.65287867379612,159.92076904254833,80.82642289602641,28.701807589790956,400.7514424334852,2,1
2.7931879862958184,22.23450231442162,76.6799637175385,46.364685414291976,2225.4915722630144,1,1
69.04449639590402,155.8489804036774,65.55470094495709,54.94165933769204,2381.818280200665,0,1
19.105996627694825,253.4831562451452,51.49371685273771,49.51645040198433,1526.4289062004927,1,1
0.006735103820133686,38.599629003589584,50.45000776490879,14.004553869227715,272.4757573616089,1,0
35.78284564022226,146.72610016135633,65.2759954472652,28.995616645271312,1543.8045566072146,0,0
2.399249618062609,23.212870904241452,42.16658780991935,34.16287026714443,2757.2349606742773,0,0
16.159905495488985,114.18828533373109,12.349584970650724,26.104830547387063,3242.86647005176,2,0
61.37512127966615,102.39028131006543,59.8400810820592,35.81786315123394,1183.2920676740855,1,0
3.237040232941339,26.96233478902456,27.378627401300577,42.30865217503421,0.0,0,0
91.42277821073932,128.99137977304215,30.757175436192306,45.042146279327106,2340.363599554779,1,1
0.19136185981980283,19.895222404632012,50.00447895991576,55.28805228332285,1224.0369035449992,1,0
14.172808654574776,246.36602105821137,48.097502448930605,25.05838342912748,2443.0406415610396,0,0
67.5278423155552,118.14264810054024,21.758487873687393,9.539502527410288,1781.0722250176195,1,0
19.009619755987487,47.150373610120475,53.309831282662806,35.37351891021679,616.55589423815,0,0
5.373269137189675,64.8679039575684,69.32279321722098,58.25716546777203,1558.2443606593808,1,1
22.3326333782404,60.97776062064993,27.433168594684343,22.845362100689115,2808.338367054328,1,0
15.762481924437802,152.18417064685858,75.44966661697518,40.30270465595579,1350.8460110327562,2,1
92.48380685685146,447.2909584438521,18.79658349740112,40.43618688708964,465.19483655462227,1,1
18.796377264691987,76.42770908910464,92.34648288741907,32.871630710169136,0.0,0,0
77.77885788656754,275.1310241160879,41.774791390330336,30.103870815655714,727.8353131353483,0,0
111.22204538520141,194.66157497824446,52.912339936537826,16.148561914179112,1089.863738229018,0,0
28.44193362716482,45.54872516067147,12.159328550286602,0.0,2319.999135917259,1,0
120.36570365805983,237.68508839434767,48.75727867061383,13.322239400039567,379.15073218837824,1,0
23.6859705279758,95.7243450642233,54.569643554363836,24.145437763324512,3053.7518857296354,0,0
166.3208476084358,271.4765027409465,48.27675791801011,46.46134031134061,162.84778915880838,0,1
4.6765120906180755,225.12023602095366,38.738378458952525,28.453079064729366,3831.486092556837,1,0
58.080682232999415,116.14016378702215,31.068709629443703,22.214614216227773,3225.5185567544713,0,0
34.042558411557664,265.48567983336,72.61053239074622,16.635218370698546,1641.1662493879921,0,0
24.522465688125656,163.41986621694875,50.616142699959,39.8520874276422,0.0,1,0
50.080433370266384,117.14171820172109,80.81504753033545,50.375357496459074,1444.5759380175782,1,1
60.84565713175621,153.28352618733823,39.47035290410154,45.95153582801189,1113.1590420134944,0,0
0.21864082458732062,39.609030423984755,41.30410613255566,39.09224549637704,225.712776949076,2,0
9.13326611856045,420.164196881618,66.31188489192326,7.865808804255899,1791.0096272474423,0,0
62.421676563433316,172.4884654753327,17.54050075992872,24.72488635734343,676.3568701443561,0,0
54.88844425837362,59.372162521126995,25.73073279694154,59.209563433345124,785.0941529504187,1,0
169.13964705202707,208.6844773372871,71.94969942706328,46.82925737872837,1296.3213654276447,2,1
71.57249288783703,169.20694102200878,26.561321415536106,6.937451726479125,925.0911712942966,0,0
150.56535441884395,156.36357678775192,13.618979693949044,29.166142152010927,3578.1566171100294,3,1
60.62386014385437,63.04126446114017,87.37054376146182,35.44647648991558,964.2853670004503,1,1
17.69481245016324,77.48291980971781,22.12364704251589,18.5676230546067,1940.8810113944755,0,0
5.566968910601795,46.01705318065418,53.68238796656339,0.0,1645.5224922103619,2,0
76.12262880572403,133.80111893719013,51.38170385448542,31.482360675246476,1852.750225258872,2,1
51.662189872601246,82.13732389438717,0.0,18.18362613569341,1929.088403610932,2,0
2.4692827225770997,20.46784108623183,44.65365953664382,18.242373913729736,2381.3614866061225,1,0
22.318297935387854,139.160640734986,58.968264989582195,24.67979460103863,1766.4460756186422,1,0
157.09552562720572,229.36777387213345,57.08618763037721,27.994861280177822,1724.8957948863201,0,1
34.697489699417524,57.03112309514732,68.07041367607003,29.863758088564705,1558.4770684681394,2,0
28.34591875362745,66.85180656412638,42.25017370189132,16.74015151616998,1361.5821476600256,0,0
30.596759852499943,120.19849993506979,64.25008884184321,26.696857055488838,588.2021183393226,1,0
11.71545296262979,19.212524890198107,36.213418638398565,3.6386494439586734,1439.1316225797987,1,0
22.999272627958508,38.95196765277714,21.7906516717445,34.66558598052117,1741.2673752655335,1,0
23.086954222601868,30.69362358461198,24.045432486375347,0.0,1902.164556572795,2,0
2.6887670368048906,169.98903526647155,20.757790896091706,25.657648793495706,1680.2847729902364,0,0
72.9577985806525,212.55560155136436,70.19171935782387,43.7877923051543,1267.044986551466,0,1
26.93592113318849,166.89938876064772,19.70852981882887,14.109889690877601,1442.9200968041023,0,0
86.3491419891449,212.3418693005508,55.480776812986065,40.746453054861,946.353515449208,1,1
94.97213438694287,205.65233479038397,44.68151611855134,47.335990681813385,1813.223991006564,0,1
11.912482217703124,76.72831790457961,47.94702853098737,0.0,1278.871772085878,2,0
53.552796173565476,156.35275493692677,77.27214590399399,27.729556446363866,1680.56093819747,0,0
31.95964288803716,35.8713164419006,41.23145265569453,0.0,2500.8030433825525,3,0
106.07852696511799,203.22304845503632,62.23203123099367,28.22687331643581,790.6410903575802,1,1
12.150777348314861,162.60349463094548,50.751267027622234,29.8924318352801,2096.6953809104843,1,0
56.63118891917224,126.01760474875681,46.959621887346046,0.0,1533.2101798853728,1,0
46.793064892154504,91.03398559833118,95.99938248772946,58.87257543119799,3521.1935995807553,0,1
17.49925976950795,49.992905671202884,21.173165085692606,34.29023711451937,1283.6996715364903,3,0
7.343912124034377,110.29042907721133,75.7826367087489,17.26464851876947,2195.1645831510664,1,0
52.72590817927142,170.75192612990136,63.12813130979944,51.980691412477775,1515.3534517559772,2,1
67.08468768927355,271.85386191933026,40.40950010736432,3.065801690365248,111.69549168650633,0,0
18.96263453300884,60.8684546027285,82.58637034883225,11.56243449722524,979.3109044808557,1,0
51.75830313402491,198.62695232054813,13.037797752229267,0.0,2380.4711054283935,0,0
25.137161029068373,107.54383383184066,39.56466685401857,57.01567794809001,1067.3055393917268,1,0
62.44970854163753,276.86818896448165,25.830355914618476,34.98519557208005,0.0,1,0
11.10815628530355,86.14598598158348,58.241669297429205,39.891026847727424,1468.5969830754962,1,0
110.46156976364958,183.36591664465357,27.73871797625645,34.51501850877713,407.66370204898953,2,1
16.942424636730937,103.18829775197365,58.661278934826385,38.60651641716877,1631.8177325967188,0,0
22.926365759416946,161.28231823601948,46.27127168356892,31.17116570843984,3051.1470813980186,0,0
2.9923811421853044,337.35264412597184,40.41292114687831,34.06382014061162,2269.4573108029035,0,0
5.911718817835568,13.552680393043715,57.77294492066621,31.61405154334426,3036.6558287399776,0,0
36.269254399420305,41.76077605680709,44.62756752123872,20.871122916460823,938.4879785555084,2,0
15.57092336128623,292.9103678877696,28.227303138819227,29.300628521779963,1356.8336663644677,0,0
90.23622538735032,165.71202466019594,100.0,34.10391859892516,455.56380319222035,0,1
0.7401202847220854,96.1661269049874,40.256656339417106,31.65823679328196,815.9565549599049,2,0
23.82878278273536,89.68859627975286,5.647818396959707,7.833418383700245,573.1151677138199,1,0
20.57508056708215,30.40887624373772,33.15802620557223,9.82519997087386,193.2770307880428,0,0
0.9758425834938557,147.11616591839044,24.654466232545396,46.24262150874587,2865.85662533134,0,0
6.640491165229435,144.1659021597374,66.52291232081032,25.395089311748972,0.0,1,0
26.691295273787276,64.04482679743084,56.43305319183172,38.77088020553911,2870.1389048045567,0,0
33.9488609616996,70.51167212851725,57.97425603580688,13.618201354164054,2746.058924920231,0,0
25.900044161986095,207.81807341920856,42.59955068325512,7.902811850302051,1999.792675478998,0,0
37.85098187566613,45.36184150892483,44.41299505886157,17.346050812024302,385.49273190593067,1,0
45.20966939817584,258.16124700916396,42.58137792784663,26.6615239384288,0.0,1,0
0.4986695229076359,30.159070324028143,48.37613631729061,20.022895510733814,951.5963187364357,0,0
31.189933498330944,121.08039544227881,66.7066687072967,49.40900284658571,2125.120456339924,0,1
165.52111105048192,440.3992357166044,56.72150825010693,32.69284952306192,1503.0636374406743,0,1
36.59775607924128,149.95618061704312,60.00225659241733,57.73407927842788,456.50050490524245,0,1
56.589160661194825,110.10608335103848,59.991178164984056,36.06612231107126,2648.20478465649,0,0
18.688428984494017,135.6565847131524,67.68884874763475,0.0,3184.3833281815378,3,0
74.35910653354988,116.51545136546908,55.76300083080509,45.840624096878315,1273.4008359854024,1,1
74.122971324484,106.5933256295157,57.17696145357837,7.35672566295068,1609.3369035973458,3,0
36.83364631013783,607.7114776608971,73.77612482386313,33.45800500817009,0.0,0,1
186.51387922679223,325.45990843819266,36.69908163993776,18.37973913504233,1085.6132838909648,0,1
6.708020364218744,110.19292079775029,32.885148400969854,62.1406655169628,2010.4399780009937,0,0
0.85464600292336,44.75005823276582,26.28156801626288,51.59396891145203,1854.8565402577774,0,0
73.51820419798914,78.55923885490878,53.658291272405116,18.872690374473628,992.3321507902933,0,0
82.29356540329731,85.44850184457138,12.925355175617533,28.089634978183323,1225.756491523553,0,0
6.403444343923533,87.18772553566919,59.24308192119355,33.668971044738264,1052.7892634554482,1,0
15.433903217401742,158.99611302937404,47.81613810998895,42.951211073424155,1221.535286281615,1,0
0.8854116353232501,77.97016626411191,72.69279399642113,30.43727868487519,1923.2348025181268,0,0
17.35806079258283,201.10808486670743,36.56165379070019,14.626576509286997,0.0,1,0
74.1715226064056,77.57131959325339,45.93363429164987,19.236620411999205,1425.650485192078,0,0
36.4864637786035,82.17579068904845,72.44406666586738,29.93277305434813,1849.9755356256892,1,0
21.39286715466708,48.451817929857725,77.66271293556305,48.51685468147036,929.5153143589228,0,0
23.24000315796827,82.52910442106553,36.3969526849636,36.41756790804066,1020.6669560351186,1,0
0.06772713471739074,7.580649593381857,53.6356246517432,18.39877610077476,1049.6055591845504,1,0
17.819501195560353,326.0174770435202,55.88837955368096,39.725591665646846,1020.95002646284,0,1
51.98775432802587,77.2521227433898,57.473068112422965,24.195227416827603,1505.8837778503735,1,0
182.858272714259,438.3582824332326,44.748486813687556,43.356120077802615,1629.0027580137837,1,1
93.88574993123456,149.3797258245935,75.6276679624727,67.90515627492908,0.0,1,1
1.193889170775825,424.72112702820834,12.205930327569092,24.617604435846758,2152.880371472288,2,0
114.41468746111295,195.17141147612665,41.57739530397832,42.02407739589556,1210.0011156530409,0,1
76.43863453550762,343.56157903572006,58.95861465545894,18.819100019434053,3432.9631754685342,3,1
75.79194241744997,76.32827699288025,59.144496238986875,28.316043492130536,308.35146110129153,1,0
30.6240726428223,168.55150107719817,77.05518061229526,30.44343430308152,632.6854912456685,1,1
25.375331299759786,258.7319946801804,73.96450786402573,27.09474509933429,1297.0910214167388,1,1
18.04244849911565,33.09225053840044,44.28916749385552,66.94520533162536,1913.2254496860355,1,1
3.3976095317135435,13.50412401164816,75.9974248706121,25.401103879824262,0.0,4,0
12.953782521651375,68.21800476553668,35.7191651244509,38.80277308177302,670.8999478838933,0,0
14.158190425046666,285.4829178767989,68.61774765583675,1.048696960148515,2091.320160573843,2,0
33.089894227968344,111.26294114143266,86.21044956841986,36.47994845054416,551.8760535674575,1,1
68.80619413033578,143.7687337324885,74.29888213709938,47.1308188852837,2870.0263763762277,0,1
32.104629430782744,47.31794819908856,52.11540767048246,22.086039861314237,1046.1164011509277,2,0
2.979244503124204,3.058226795248258,43.36442456455755,0.0,600.6267986581034,1,0
158.25467021983783,324.40155006868486,19.428174074814276,29.420223467590123,2110.2442577895195,0,1
142.99395811760218,152.1588490901821,56.21079275828408,30.257757755782922,3107.6173868244464,2,1
76.89996178639589,177.37113162833538,27.695655440581618,40.86112576116456,1916.3962587438964,3,1
237.38222416799718,483.4424114253869,34.13730672772127,60.16354553120151,2760.4293992232588,0,1
39.31603883231449,62.71777371171235,26.18508398526657,24.2991952409954,3176.6353406369635,0,0
164.529803989145,273.97375554102257,40.7921533468669,17.155678145095795,578.1413200724216,2,1
3.9307926724584914,12.127594471894822,49.440611710260356,12.496232979428353,2438.3913340595864,1,0
22.760144982313843,115.33243849917034,55.472291623314106,32.97117925547399,0.0,0,0
12.769216469929553,30.67371604308761,37.989867291720735,37.19031388227753,1924.9025317863848,1,0
10.89742122761541,144.06044964423447,71.38567412790366,21.815169084561234,1428.6821094851807,0,0
7.5878493685542505,43.43139790309552,45.83589484020068,41.68024118588684,2742.950203042062,1,0
48.697798619599055,110.9463571465346,34.245551334689615,36.980761152287634,2672.2515129848407,0,0
76.00771455615799,167.49452449264618,54.52584534486873,30.648475344673354,2069.7833505344024,2,1
43.172866134791335,61.95936473933567,89.27105667087632,16.463779188838117,1798.4278994828185,0,0
7.947600783391258,143.2868882498154,56.70321133070236,22.77203526772915,2008.368676721951,0,0
83.33316729073272,119.37856636524992,42.74288745252786,0.0,1561.7708713765455,1,0
50.52384941086985,159.10486605037298,19.45077287762592,33.536805962970504,1438.8042588920964,1,0
24.564689738889044,41.79583833708254,45.61175358055859,30.39511933121153,2942.5781722524425,1,0
56.0628828533534,172.57581036719841,54.69856250176231,32.82718486634229,3062.8898196781765,0,0
15.048834729935855,28.766990546326625,42.2483821748886,37.564785233468406,1358.3408022977928,3,0
21.170676724698144,76.57121912202382,16.69230723518001,35.787322296483346,1737.6364030107447,1,0
124.73927009813524,153.13564599221004,32.98869220993132,28.34425229030947,1581.6552247727745,0,0
17.1600566445232,155.14169527373835,79.09076921775515,30.730020647441286,0.0,0,0
31.74280685649471,62.12869556526555,78.68002007460922,8.935253749557457,1163.5644223879935,1,0
110.42794021308752,323.8957213268292,32.26721661590804,21.24419031465861,3099.7042010481027,5,1
61.50238259218661,283.89845526742494,63.455135743988436,30.75706580525192,750.2241249681892,0,1
3.2111006237036372,25.08160662715315,26.428544304596528,18.96219636131459,3614.5434623013016,2,0
7.967553170232788,103.11944146437227,78.08632563989904,42.902261938088195,2672.1263095893823,3,1
0.39362488619868075,9.5741982309796,54.90471695788473,20.12051878567454,1901.498150546209,1,0
49.837335340074574,99.51926907566764,68.99282997233067,33.24458116872474,2060.8432859764207,0,0
29.680789350511688,154.6202594243108,15.69813305634922,31.74848485223004,582.7933036649745,2,0
7.209390029505175,114.92086660200684,63.55274203849776,41.19416390415614,1234.771247775298,1,0
158.42591716576112,256.4290528157726,49.84651872630993,43.51186761042453,2941.3991103217595,2,1
37.714942731423136,70.91887131241094,67.03858141581685,40.41048916451909,885.4706608264665,0,0
13.846556515460238,61.332086383292435,68.297355961957,0.0,2561.131756948799,1,0
34.71775260262578,45.58169053988074,51.315693789494986,47.912222220196895,122.95981056294158,0,0
56.91242631366281,183.86060875903294,37.98340721808171,52.909623362918964,301.84158752498934,1,1
3.9651067385025405,74.06062447537094,65.59392364358989,22.768135735177957,3401.3846655863163,1,0
16.058758829254643,139.4214537125037,48.796910011897445,33.54970369009275,1488.1628537596757,1,0
82.2443151175426,110.87175812166427,32.54430092944715,16.63752479803827,961.500113005659,2,0
30.77828607786736,69.99935411455276,31.596955370846285,0.7743223990177306,2862.740826998963,1,0
39.546506380290175,80.2254053746203,20.456711673752366,18.919271016864204,2745.8215549635042,3,0
28.353575840115564,30.96153023271976,39.79417680873873,21.897914408045846,2420.7545652572385,0,0
2.2446354450078516,43.95507462279792,72.05384092148756,24.677239029722767,930.1020805878941,0,0
9.061094871259682,171.6709753805589,53.55659599410868,15.616288649910182,1213.0824240623244,0,0
29.488178371113804,257.0810298833298,39.40464588153919,18.998622497741415,1811.62882372473,2,0
11.7345904124512,84.76101086669966,66.0971187636016,29.834905175573883,2194.3993421472373,0,0
2.5635609768063423,63.352605973229856,33.35046756553223,18.44659525334787,991.5164259814628,0,0
92.78280231937154,95.91377146078585,51.90700548665557,38.152864988250414,1670.7371106206965,0,0
198.675055159762,410.0405452887484,46.40739254548969,40.22490977096159,1767.391300797406,1,1
78.78634682838712,80.09590558352797,65.58261251176704,65.70581619246735,2786.7697563752536,3,1
96.1338301134739,385.72266914886063,18.455432581609983,46.88519898185193,2254.465828935119,1,1
13.852086135460567,81.03298269585734,32.99604508370689,33.64654587492622,0.0,0,0
161.7337177429394,203.57879762035668,17.23508681810933,20.69603554998482,1286.3696915146143,0,0
10.965402342068911,268.9554243062348,44.8080655638146,34.406210275109984,571.2166300165835,3,1
151.2372659101026,153.70660396295415,74.2285500726486,34.89893939874534,2068.087420611673,0,1
263.1406965994648,350.2305908470349,39.89105580692946,22.300303664915088,2423.1533505050443,4,1
62.1916390842341,141.80547284292123,39.786321236086984,41.755970951293165,1601.5559856102445,0,0
198.54549447132231,223.30454028580203,67.43448848368273,9.028529779771869,1231.87296937215,0,1
42.14501812797031,98.16191270415791,71.37099116910599,26.334002466937342,1569.169793035983,2,0
15.024303624615975,120.65547611345323,48.2285786546242,38.337876889761105,1708.9192734777546,2,0
28.72341714964048,158.59983454656688,63.69429708099784,25.686237786118546,859.9003482830932,0,0
45.01606318808089,45.0877747653452,28.46090918244107,26.898683948560933,281.28889923063457,0,0
3.794485110692194,280.0241599331736,77.55948667850828,27.933212082115794,0.0,0,0
48.68848016974755,66.6640101020075,92.97412587874103,17.46598138968382,2767.182131738884,0,0
198.63601039376942,225.2385627129708,60.4243158237745,47.60851397361312,1996.366243634966,0,1
10.542697055766686,41.12369595604602,8.313367573143992,14.729434921157775,1862.5110113441724,0,0
78.65412180781225,82.50950956298088,38.835394752044316,34.77238991114828,2765.198887952949,2,0
119.24336194756286,132.37413418202942,62.25650643338643,36.204718474235605,244.5319903075831,4,1
143.8544517946248,573.2554630197014,41.57034005667275,15.770671481865497,0.0,2,1
161.11358472240994,198.9788742940957,75.44397108500195,31.09656381571115,1884.2319165190897,0,1
36.85073610284772,49.10152679613341,61.763145288717304,16.355517408829467,1793.2713754434303,1,0
189.2869392429678,200.6028304664523,35.87048998468407,50.86563712583918,0.0,0,1
70.79856118620867,197.90244583105715,50.645296215425056,12.918255945356805,1859.521062140472,1,0
8.817258724042814,201.62238087493537,32.12333558721819,20.191543586520535,1099.777047600432,3,0
32.39914160691602,62.09864525402496,46.348302431751165,11.636624874666293,692.9119402624184,1,0
63.35116394606259,65.46428515167514,38.90813519134896,9.634519096986722,1166.576291717587,1,0
14.207104998989795,39.450183917099054,73.49523600466077,53.868229363234406,0.0,1,1
51.168077623067646,56.98563209577126,92.3202411366199,38.14162010868843,908.625776608062,2,1
54.92068727594814,65.8346672735357,21.376233335284958,32.10440138550816,795.7054305157956,1,0
8.87862718992548,65.35545207262109,11.535674275804958,20.151345549796176,2057.10244693614,2,0
41.6302693854329,67.75614517395879,45.09655156297229,43.61417716570153,1341.769863489114,1,0
73.8387316020698,146.3945873309267,19.631686023426347,17.636663409488207,2138.8688736788818,1,0
34.5470472579968,63.782176657659974,50.924232073418345,41.904589414951545,0.0,0,0
0.6088477943850167,282.8494550257439,64.97872227611853,16.912330850915456,660.901777428952,4,1
0.45397819254521427,236.84043703354084,79.8828379453365,20.33238447186492,2055.997051571444,0,0
22.082809591005336,105.73979526866032,54.02789117430562,41.37423579176882,1191.1353694268448,1,0
130.31580885262008,174.07704135532123,46.13689550300842,42.95741016233651,2345.460532974367,3,1
12.982388548195848,60.97112091692498,10.432301668538315,38.962094008451416,0.0,2,0
50.305806252761,103.38352060193529,50.52370298371597,14.254888263648077,2231.1108396894742,1,0
12.556313986525486,142.59709375225924,51.425745210989234,23.299097014157567,860.8607822149596,1,0
19.406068427327785,79.48821258979385,62.7791362842549,32.3534811179777,763.8029156173258,0,0
94.20758508770626,288.50997945743376,35.83023796941818,17.260785571348627,2491.047046927452,1,0
65.25626528131986,353.6660281035364,41.2989479952828,50.5644414019394,2661.901129956506,0,1
5.0130811518334495,45.952285000316884,20.439954893916315,0.0,2534.699696087282,2,0
27.99221753900893,110.24823411558992,4.174143862318694,18.318907269462706,3538.641925048266,3,0
1.480182990112607,11.46846387729638,27.830058184064335,22.356502456952523,2766.8036084433343,0,0
32.78198773179029,55.15499102868108,18.59348371493967,0.0,704.563416267701,0,0
54.29971334477728,107.652137725914,56.73424590841223,9.056563046457136,1641.6381281356505,0,0
6.306662671847921,29.399378675052372,39.63731886666285,39.379342688131025,1139.8020915150648,0,0
17.046051616351722,226.24645630279915,39.23525739850422,30.454254548294458,3529.0898599490656,1,0
25.361324214142517,42.59285362512948,30.31173907649576,53.59704033064354,2604.869954698709,3,1
125.9941784148555,186.81245207716455,0.0,53.17839668827229,1311.1198632865442,0,0
249.94780379511755,343.0119349751499,80.166214974951,36.4956956790592,2377.909797753002,1,1
2.297553109084137,120.01892680686595,29.994589544464233,34.698573735010676,267.80153368689525,2,0
71.56624401502873,119.86611322228902,41.75159860300186,30.988966628683507,1750.2617376454727,0,0
23.23879121527445,226.5702403841955,20.90215669421379,0.0,562.0775073969157,1,0
24.916713844208655,108.92358778526648,69.43860686881268,9.081607300108871,0.0,0,0
70.1750725497671,128.06906433262972,52.868578740746486,31.510132546484012,2284.5362375298337,0,0
125.31249964185862,132.27330221298598,33.472694294682626,39.24038563121508,2408.591095187551,1,0
150.7239393293603,213.21476609529282,42.15540777311952,34.34504718207211,1957.2126362119861,1,1
43.033647172273184,214.92312830796817,83.56359844249741,16.613025484265137,1317.032959433499,0,0
22.0899500324707,117.421999461395,48.540611362374435,44.06109423704243,233.6413451535907,0,0
77.45221547885494,255.92809086833205,46.365329247681885,52.23666043131955,338.6531292827526,0,1
14.45090711393864,82.57507455255511,31.172370277214696,44.0698440043701,530.7200202612028,0,0
41.51414204758868,54.12282556760018,12.108376990553943,44.84398994385706,1266.3267082750763,0,0
22.20342059383268,23.576792909698504,46.799226528413115,21.611613030671837,2576.178733604915,0,0
53.44749114938969,89.57598174531827,56.50970224649235,46.139011840511984,2560.4042110786527,0,1
13.748093444425482,133.4777645217442,71.9916892865534,32.18637958991486,0.0,2,1
10.63447836422213,166.82309362306663,5.030069310006894,37.673332927830074,806.7666632830528,0,0
125.19779908948433,160.26038881485908,27.49807345953942,35.481477642370635,779.8389804281611,3,1
5.368330935189589,73.8175890994957,38.385178188870995,28.177693418393833,0.0,1,0
35.25672792049088,89.92254634205494,49.930383028535964,17.099962873165474,2066.1209469499076,1,0
12.477763444526255,65.32968444961999,47.09932616943155,28.767950046689304,1253.8401756814783,1,0
1.9853996856933325,28.297187237811052,47.56622628625461,44.80142426224234,1386.8574633690241,0,0
1.834175280566355,16.4953874963779,58.16192117139889,23.377862920306356,2845.8710583756383,1,0
9.632037172916343,31.53331641762461,31.934137784417814,43.400208939122194,1588.3090132843572,3,0
100.78404909353613,106.47626367441072,68.68282884467389,41.05606005926508,1069.2695350339823,0,1
16.597635333402472,38.67860574689537,58.66904883398961,25.515939044702545,2072.0776210049435,0,0
150.24790562678797,151.17225435954362,43.603354717438414,50.832001554293655,2558.871846575562,1,1
43.568532458693184,142.2555187095628,82.01815983777831,24.666799932139412,1796.4675660492255,1,0
28.689530490754382,66.72416581456612,81.12832071143534,52.64320293918948,2189.1895986981485,1,1
43.38560505970516,405.1148560679373,68.65790710387617,36.51190472311459,1354.4323502571156,1,1
36.35571794975433,57.88777239505374,0.0,29.762011223197298,1418.1422536403372,2,0
71.10151842746741,113.54010212394662,81.57890185435951,16.682979294935194,1613.0207102988284,1,0
16.59884241993632,60.89080136477304,65.89517044943868,28.67609654797438,746.8790495673381,0,0
21.77434362613133,22.623084872467103,90.12817275425874,26.943607297583696,931.9383856303992,1,0
112.26031136902603,295.0246496351293,74.74929183467077,11.125554221236417,2877.879641818474,2,1
146.36305584720753,149.61480272026117,81.5668535499457,26.735768659234992,3507.9560958623215,1,1
111.54031145986536,393.1815577581758,67.57309700360759,17.942952298543716,3092.19791403818,0,1
27.1887946748747,249.82006717396223,76.97386397291024,38.789876534681724,176.74264323145258,1,1
75.78952457757636,152.47361497182234,89.8824748146888,49.59420713592304,80.14246541502735,0,1
32.34522562058408,110.7828221610101,54.33109476756412,11.596264855571391,309.290568054839,1,0
34.41194749736848,140.4794343622866,18.555389118437407,55.684615925503834,1634.3874418794808,1,0
11.450543335802255,60.39773652703809,43.850781999697155,28.071734484223054,0.0,1,0
44.717938178699704,148.90965001898203,57.79891198766873,15.374679225922288,911.1984333804993,0,0
10.298093873716539,14.878238170946817,51.497751687431155,41.36632170312275,2907.099289161113,2,0
20.14078347864592,25.69708920197739,25.068760676811472,23.30318282617428,2482.4388307289078,1,0
96.56149226451774,157.6685317277442,17.37864749610042,28.773949859527587,990.9053494264926,2,0
11.601382995655154,91.36825473400323,35.176746627303416,23.935826336818817,1066.6445588293623,2,0
3.6908468501513134,222.45379890001428,66.15479111968303,17.748931022026497,2067.241706806904,1,0
3.575207853447732,14.630453112114715,81.60679541645939,40.859955486028554,2435.268755244199,1,0
141.3286146641773,314.2904556814781,68.33135227555402,25.705478956587193,966.8627322602399,0,1
35.35423672578998,58.93246231971548,71.14854574228272,8.45022311731131,1265.6339782805624,0,0
26.33183749008319,76.43317111861396,48.38368853672885,38.265901863238994,933.9902714799766,0,0
83.26830208309165,121.3361522952685,15.158350845880719,11.916264734643669,168.65055862478607,0,0
90.34139994404849,141.44984448068948,40.89558838234589,12.701097409871121,1280.256251978186,1,0
20.187656203144382,36.497860041308854,44.824711762552425,47.88909307465974,1204.0724597912365,1,0
59.14613885831744,129.17743308052758,40.058950263286356,12.054901511846822,239.35588401134441,0,0
73.7284866529631,235.49696401938905,51.093897307492526,0.0,2146.080937637729,1,0
53.15994361736103,111.41609944342912,58.82839519785901,39.342922274422435,1983.3206786258893,0,0
8.219862551402466,75.67469930680141,67.06030376486996,25.442048557783046,2195.7197008450767,1,0
104.32656413709739,293.22030965243516,44.43760271267332,26.735173182928254,731.929644535632,1,1
38.72811802854619,161.16543803048162,11.924811887108135,25.282494099746998,0.0,1,0
16.597195097022187,84.02078985054567,40.3424456141773,33.4750490852809,1967.331129645649,1,0
27.689108059388406,57.488702286587845,50.87420793983968,18.709211371453982,835.8872853702866,0,0
1.9147537851351137,218.13339073015962,74.45615844266817,52.14172311848647,609.331866754299,1,1
6.8406557923332,92.8837889969287,38.64384315631789,7.856542795359022,242.94692535655759,0,0
72.52495367560702,97.51832744856029,60.25087256798804,36.67312375015685,1224.6774719128462,0,0
0.0005817411525216162,31.35114703621303,55.801757992708644,39.63181505814876,3077.327297050473,1,0
26.941182510663552,189.46391820132516,50.878010662467766,18.60522358749933,994.5504786444855,1,0
36.96062204669365,41.47558595884029,68.61066638649183,14.643983320832724,410.19695583306634,1,0
2.8091784578248458,486.7995809115922,36.783176064948385,45.25761321255234,2151.933401030028,1,1
180.74087681393877,194.70751467529186,38.49627100712967,15.137088689749277,1672.812279771284,0,0
12.81726725915564,171.8143922967995,49.76198353811544,20.900040888741497,0.0,2,0
18.134558806708508,68.350110072495,37.197069898126,43.3096344368962,2162.3463197532865,0,0
18.11615123619793,85.88609919934837,60.16024582109199,30.521118503085365,3628.4677685016004,1,0
13.095301511269733,225.66527797345856,35.736153912677345,3.0428449855634305,0.0,3,0
0.0737454615192529,53.331662979451394,54.52608415490269,56.20588716830271,264.29397597787624,2,1
65.34547855373437,142.45500020868155,47.99654462426487,22.049838618300512,0.0,1,0
170.32884094513744,175.38447779714718,54.29851929553411,23.95864065140374,1424.6955792591652,0,0
12.69905152221055,12.934074872596664,40.80517209873922,33.83676378489548,2490.3862366113526,2,0
54.39061967302936,82.46786927160665,43.21823410946346,39.37615195506109,1605.5007497962793,2,0
67.71969706403121,181.84550813626083,51.920185359941,59.416564369372004,2891.9956981126697,0,1
94.33386140185173,107.26103983655061,54.041490123226254,5.098977758914554,2330.550290330134,0,0
27.463528969361278,39.54049846350368,49.91596169217688,42.38928313388919,3202.1473235021767,0,0
18.04353710296746,70.96975892008021,84.10724713026168,41.145145410751155,2660.2107681070947,1,1
19.67399596573177,124.04012116742231,30.185261625174316,27.94252633688825,1097.0569313904955,0,0
62.347726799621164,186.85220711739734,48.71592410094573,41.809105422243334,1566.7264562348398,5,1
84.85323753150264,104.50956749198656,18.52741955766031,44.0141102645482,631.323084519027,2,0
10.021056582081991,18.314460903240132,57.441629573347726,9.270558225194932,1269.3438311319512,0,0
23.17651199833902,305.1815060118151,27.69506927246372,56.24649758821245,1561.83167201812,0,1
116.10888745885164,146.30948900572466,44.433794882468476,6.618566202927873,1415.092676464646,2,0
82.17391843646854,274.14217855540915,42.55871349337348,12.970255781418402,2842.2535263036107,2,0
209.5154769341188,408.65228016877086,55.61782253202343,26.073184895638555,1169.8319374931693,1,1
70.17167191600204,218.24210691329108,38.9441816490964,58.87410769780585,567.913586442643,1,1
24.97740614418322,43.46993329440188,38.09388604612035,25.376150553699205,630.3889650968127,2,0
44.6577511649979,217.14344644852792,78.71712928171796,29.52099164923784,2155.1002716225307,1,1
54.08986102064621,200.7321439390749,55.691335809490525,51.48117905856845,96.86159191100023,1,1
4.085227772741556,94.89838614295786,38.77898295955464,25.49522786151791,1298.8138298490826,1,0
39.31764431762053,80.44615071733415,44.983326563775385,12.323449306039866,2827.500245455421,0,0
61.776756167841384,92.22684193167274,82.9070990454149,23.741477471425284,1792.5984457408304,2,1
9.155371515647234,22.153622632296823,45.29670243497806,50.56187750708666,1425.3946108812456,3,1
75.85016529870559,147.13558818887725,36.21446753695224,31.06297495582705,1464.08959636157,0,0
43.82619835734714,131.83675556729676,36.300076997472146,58.9598738858439,470.43540777282715,1,1
152.0592755555257,196.58475638637637,39.01747038020845,41.069023893932325,642.865289565459,0,1
2.167420526105625,66.6715394083911,38.110045551465554,20.32786595409775,1304.8183270854229,0,0
15.4164301404719,60.59578765032369,24.40704303301514,30.766144566976173,1771.2730301092931,0,0
46.00914975811219,148.45412609769403,27.515998061060436,17.201728227871808,2448.150011802111,1,0
17.58862845523176,249.11434076101716,33.4135925127726,19.97350454026845,1592.5606171714348,0,0
62.66238300943795,80.56551202136082,61.83142036906195,90.0,2852.774175754248,3,1
71.14901324549238,119.1800792967304,42.37525425454253,45.27936765050716,3105.198015209525,0,0
5.407997301929704,20.591337774624414,45.8567662181192,42.916469835100095,2295.267212482204,0,0
36.062362177253796,134.1302940445864,75.40176050509794,20.652295270379042,2724.9814080558845,0,0
35.55441374949078,166.0702884953916,75.90014299876836,53.543760994216186,509.28647861190564,0,1
23.04472380936284,291.74122905268416,44.3575011372453,46.491234026894055,350.80106531193746,4,1
135.09709168835877,167.79094408757965,37.38272978633182,58.22431934036656,2017.9733762901656,3,1
87.86973400640409,387.8662677713895,32.711393726529245,57.49671222597674,158.79018813295284,0,1
59.73568708741899,66.2709239704691,63.855515394164755,7.813660678537172,1209.6281559840668,1,0
62.64531019127748,155.0307021131274,45.90585532955424,13.352407660951393,2271.1919053297393,3,0
30.968462211463795,36.851436998375625,42.2701021935442,14.943182768045455,2913.372924685207,1,0
126.9119037856019,351.1307184473903,33.72670849724895,15.840890350013446,1245.7843497119345,1,0
59.30589566671045,134.76753618939415,34.60667181977223,34.851785463905856,850.0557046923096,5,1
65.27832886776416,175.94731656876303,56.40116382986489,21.497948218562733,1820.4616215115825,1,0
98.91321354357859,277.0390490334313,23.69123468225476,61.088978111437775,426.4565564761108,1,1
16.015193846438724,32.3036372967413,69.89737387575877,58.570198231224566,1326.721351706573,1,1
82.27162675622995,86.20722142748856,39.32310712370163,29.903076088814405,1491.9999517237186,2,0
10.860596594951662,221.9588916258639,47.00728111496415,59.329893242246854,1472.016007329205,0,1
21.182112208300723,59.0060089391464,23.260440837188913,52.322019408603026,1588.5034738178817,2,0
20.444331813511393,34.25324046304694,49.75268123515271,23.239401612341116,665.4851444278582,1,0
192.0443811126308,255.2422963823206,43.4335811461888,0.0,773.007007381583,1,0
97.08398381862212,188.29047008764763,48.998388022870664,26.73047422558906,752.8837389673798,0,0
60.3939982992444,63.54003135186997,79.43417796723782,20.330668033822903,0.0,0,0
64.92457117101071,97.06854265476119,53.553960915804794,33.09758437718746,1841.830321846106,1,0
41.28512898420655,44.62011395369614,34.106816317083926,31.338424303121236,2394.657451692005,1,0
146.95877652546008,201.48933651850865,35.773601789068636,30.945264883488427,2296.3100828535357,3,1
34.28462706605279,259.7594311325717,61.90262371827537,37.85527112068747,1237.5031395392452,2,1
23.943558284108544,429.37373560743106,75.97386581986848,11.812170793744823,688.9947605361124,2,1
8.898671397007586,110.2470168656197,55.638360415021,36.17040416354562,2244.3146423626895,2,0
77.13703589415599,94.7675284557251,63.77425489109539,23.405757704744907,2138.9230223745517,3,1
66.29646409861012,302.58241858558563,62.1947544667341,32.999732997955306,1717.4206424362958,1,1
24.254242142454213,96.87249562279757,78.38128826715042,44.36114767848285,3244.311252423273,2,1
1.2758100477195538,17.9697742356272,11.008196545479343,11.634003401684556,1473.5744786329371,0,0
91.31671580553208,346.07154980838794,63.344378786090566,25.78059520995646,1243.1100160751112,1,1
0.5741834552131777,142.236778541611,69.67472087807127,28.221986489567037,1100.1826689253999,1,0
60.8191040330119,192.38602144150155,23.225525877288533,22.285965426440388,0.0,0,0
175.75825789699059,299.26357589040333,32.286636319871675,43.49744244199436,2161.3399641422925,0,1
28.782549581847945,51.13939137462809,32.98434502743693,19.19417461799293,1394.5146328422234,0,0
13.392234052435345,37.091977994819956,35.42419607245233,21.66899400836492,2009.9312413567952,1,0
61.01713820598991,177.5863011984145,40.365658981289485,19.351213005719032,3341.87800209124,1,0
84.94848005046627,109.75907743836278,54.85205626109883,46.380831171582024,1109.2482300953827,6,1
39.530318159445024,97.27525155331375,67.31349302334739,22.613338313816747,0.0,2,0
170.61586182015415,322.9427208713789,71.62633915537073,36.90068086325334,1981.0703695107723,1,1
2.652569402128082,155.8782765855818,33.243538776644364,59.63557651845112,1666.8593898926756,2,1
35.13923344642868,95.51774859473491,33.10594002594034,28.87772369474122,767.5461240286802,0,0
63.3729623674889,220.48604049294966,76.31643680032445,46.680910200497365,1897.2663356214978,1,1
99.25767462153395,281.65813230785966,62.93487870837289,55.070311261396924,2286.096320104375,0,1
9.877178007997745,116.23328569093331,51.657296837379924,45.407873400606206,553.3900897884527,1,0
80.47276607020213,106.40501640200262,59.46673351109934,29.747980260333893,1198.6681385966176,1,0
40.22707936999149,72.24922844152798,49.40392436297119,39.6316163849792,2976.753729848928,0,0
25.254909675138965,63.065367443935685,60.49169366095229,10.689321102969817,778.3778087706349,1,0
7.061765505724636,19.48259094942524,43.27866606988519,18.29935262775072,1566.6697554137852,1,0
100.23368553021274,132.13852412014495,55.376098688784616,20.929872275521213,0.0,1,0
8.55562319381555,32.067017374742065,19.789078992610072,63.60918180261423,18.15449891870503,0,0
18.537813911121624,79.29510160928389,36.24431410349138,17.811232286170995,1657.5174973327998,0,0
17.127722026386042,256.2011222871771,36.459776464193126,17.587848731072555,2727.987809585601,1,0
102.5578801850155,113.5929879398835,42.512199335861716,14.341185296265248,137.970317998999,3,0
55.84436228630647,183.2366628010184,31.469734904405037,38.397176428961416,1574.5640620604966,0,0
79.64905291553204,195.89471940573375,39.329127483538365,32.13932089003324,1124.2820909462832,1,1
14.415306609661313,24.48071175123492,19.711718752037587,46.30138465539847,2453.0880549924937,1,0
49.02467874882831,304.86588236500904,60.974009527898005,40.06889499116031,282.1966946774148,2,1
42.4019381061268,126.44427301738492,48.34972962177211,9.29415229913899,1930.0776483674854,1,0
89.43731370964588,134.64983752968777,15.895847844479661,17.89083344984444,846.309313003743,0,0
118.26935506050371,259.54903533991495,33.30340178906654,50.47993122413732,1723.038024826475,2,1
0.6115634704485624,30.36668586187711,56.73202855124334,26.950526331347923,1568.9310523084725,1,0
56.0459500444768,174.30291193334534,39.13956107228421,47.81387727027019,1248.220925857382,0,0
2.661379202311137,6.713500633669259,36.06117079723806,27.754785781270243,1977.8118462693844,2,0
39.798730368494475,222.68758297871062,48.50814645983847,15.485153575672179,1543.652734302961,1,0
16.9580835284943,76.40976213700921,56.87195070356432,25.451088334999408,1367.193697923305,1,0
18.320148226473094,119.57083186534535,21.272950859216788,15.47925306675456,1143.583465977257,1,0
21.767242483955858,46.77219931446697,61.00256962435759,21.516708563963643,1577.598389745337,0,0
48.54955025691306,161.58266969379153,33.99413436785247,33.01388559847869,1722.043548146072,3,0
20.3270317391417,168.27343647378237,49.641440635004024,37.674076355535306,510.8579199193789,1,0
65.96900519963843,130.06493934735732,49.29159718616981,6.147130151185529,1150.5287620826234,1,0
25.91999393869146,122.0820006675115,39.458677635204516,29.739479887363526,444.81405536882744,0,0
3.5400753206794393,64.48060895534203,29.52680507738571,21.200763966603713,1460.1545772192144,1,0
76.56828242916667,301.08613550056754,44.28626903815473,20.273777865617813,907.6677951459719,3,1
16.82669464758569,85.71615431306353,82.5066061815039,31.990269286996153,2270.7831479812558,1,0
28.349245633047143,212.74427322454707,22.766499390727382,21.74322190966182,2172.72697775669,0,0
57.82963935159129,219.45175515810706,83.84626038209751,50.73206992270011,577.2514364356304,1,1
20.207510434524888,73.056384209139,44.80557657846935,47.820928143765904,1497.6926546015252,0,0
2.9124851911949046,29.059935175213138,50.70742834177278,47.72742440913059,2138.516579248364,2,0
23.413939642607367,75.51536359084301,28.265783772305454,22.57634706764547,1324.6916798359712,1,0
144.52231245840161,319.51731714244795,34.57461166645038,15.562517476210166,771.7824751944552,0,0
51.32403303355561,77.15351826689074,39.94180699923962,31.230448940821734,407.5964719552044,1,0
55.65774843475207,129.98320224966616,29.086100582441755,27.74477450570599,2354.2675615783623,0,0
50.02196783680692,214.06156235080897,45.82164085258256,20.86765256364953,2402.71314828497,2,0
11.09422589643863,54.70894990861457,41.859682163864576,12.363983299995578,1292.0524011259513,2,0
27.092932275544612,129.8737365074595,87.01562284871467,29.377230460978925,2266.1375845266775,0,0
69.50303190493369,97.69047207811158,26.680516286390777,23.9389582462129,0.0,2,0
5.344356102718182,16.91680928962119,52.05381033497174,40.32520555557029,2827.5546507092363,1,0
16.27631248216475,174.45091469640184,54.956925638036495,39.97659077282219,1343.0551947228212,1,0
16.1702370654051,26.591756844852302,28.59358902696325,46.51199708134075,1641.7765607994893,1,0
28.283359202299046,59.943845159278375,63.73654990905677,11.110566721799426,1179.4822763340308,1,0
196.53160666398279,389.70925225464117,42.03345974236744,36.01587461540449,2895.7074818675055,0,1
3.4944429248061493,46.03101786859849,0.15220696833865333,19.08801440649492,439.2683760444663,0,0
36.563328435297365,397.9232721095442,63.1969922420913,11.69378683783373,2974.4603266068357,1,0
9.883823033775565,399.7665423420621,27.661182317952722,23.57096644576935,1896.2709209451111,1,0
176.46837926128867,207.70357058675125,29.04450107721802,46.030574702019265,2122.664215918158,2,1
6.012626257777125,10.196775812293527,63.75804165784796,24.415224696442735,1170.7954366710837,2,0
25.842268838986936,147.94171567755774,43.056770351631,53.48181989938668,191.7808021036294,2,1
66.9485941183854,126.91181936186817,68.35544301103,38.233177732805004,2430.5107655361016,0,1
60.963532435157795,71.58326833535595,74.20332190730637,24.088642815291344,1811.408351189331,1,0
27.472141150995483,150.40900404635462,37.101430793554044,47.400726433596134,2861.6234583088176,2,1
21.27248644659102,24.439605260969042,65.86524991910062,36.68095158171428,1306.2236797843018,0,0
25.342707571706296,229.51620537761488,34.89078397214236,16.01160917329942,1080.768621101085,0,0
15.345029413501967,30.270758344932922,94.66231834264353,57.882039533707726,2888.088236640302,0,1
11.491602143566874,25.10930578304921,36.1408599093757,33.89218234629715,3411.894164497444,1,0
32.98945959341901,52.30817274271362,70.52174881920008,30.281942879782378,1509.34717636573,1,0
15.635210297696755,338.1909159953892,66.87580051763152,17.16700995141576,747.2425031428938,3,1
16.94607823168569,135.09201279979445,56.321756442178675,47.69307401411607,2310.530762789549,1,0
53.4656949691592,215.09761613692802,36.58913677166634,37.7591314104196,1245.9794338293257,0,0
172.9476784653158,223.63684660817657,46.972050161171815,39.438572704428616,2099.262825400798,0,1
46.27126634713336,87.2656879078738,6.928237741108958,22.387029847113475,1240.7240256212467,1,0
4.005189942997254,30.725707102206133,54.488400767645004,42.511508578651025,3064.014018211813,0,0
3.929633724427554,69.44697901073272,56.9923066205677,43.677203903562024,800.5104949493003,0,0
151.23048287162152,231.48846571196628,52.66998838122743,19.968326418283162,1980.52966252196,1,0
17.640605735917973,117.54667473687614,0.0,8.745147904785135,1011.2980297678762,1,0
4.829233816040338,34.55110790870079,24.68727109820378,38.72059589008386,1218.493438579231,2,0
45.6952523879412,342.6122341952583,35.03818034302675,6.399795755913903,1087.9443452394235,0,0
48.86162356502919,67.46548901486881,55.83317866378092,32.28023666756669,2238.6080660934153,0,0
52.27796404115659,389.40253290552937,55.78677811285969,23.291323428190395,2418.3631149338707,2,1
15.557909833478298,17.054667829149803,46.59552416057642,48.27997816183382,2057.738828932371,1,0
0.7613006942445557,66.37066128538261,62.704910732079135,24.107341638491892,1392.0165332547297,3,0
167.64232206039816,208.1940087226439,29.475152493942,46.60909458005706,1640.1800310015929,0,1
14.44367547596329,74.06812314011012,62.20470011387992,22.28685833455461,2397.721568459425,2,0
56.35464512230804,140.9063249598465,59.494842096797825,44.999865075894164,2429.311587207605,0,0
61.31601122250381,118.51329616552414,57.55109465675821,60.90512315755248,0.0,1,1
47.08137790959099,100.66954507521055,46.35919137828688,13.979292924506392,1227.7778282273043,1,0
18.76430992420446,150.71143586668828,86.61487649662524,34.38053582596362,1275.7412085605145,1,1
15.810679551628299,131.60751378119105,59.86391376979757,71.23173623865097,2169.252564126162,0,1
45.523918161017946,224.66264123426677,30.633282734928823,30.998832403543826,1433.2291822892541,2,0
100.53147087469951,129.2942091013639,54.96610951471968,30.926824053444722,2219.1833809492873,0,0
146.62259804712815,240.66263011719855,65.04966754148437,41.8274842102653,421.33922896944773,3,1
5.597207257871357,93.5918303907578,38.237828021513806,30.61621296142131,1760.05451546078,0,0
8.410792343154851,54.57272963862069,71.78544493862198,4.391610081441712,2400.2056534504945,2,0
144.78191298494596,211.34630988702196,57.64067411432021,46.984310622584076,25.617130681851677,1,1
66.69178069043613,104.34779332209123,3.150433246693055,0.0,4013.643468208903,3,0
107.27642831722235,122.57341243504261,55.99343954675852,23.74812523292487,2690.8859328665194,2,1
11.321988527499602,35.3765491162104,41.87941691174569,48.11138623734972,1501.353302465642,1,0
44.286363363235445,55.436926568058205,60.74359629083472,24.651863570358213,671.5918927612319,1,0
60.38893427855406,175.29623520747066,68.88429680503629,19.59455261303394,1324.914849726294,0,0
56.98919931745888,165.08433378112545,53.90324094283636,43.18895857749841,1583.8023596113405,0,0
26.22524557519717,327.01862982084356,83.30504467889392,17.233278197484204,1940.6625568120476,0,0
0.7757311732207487,131.5900279900112,46.42586230873009,11.666614206120695,3000.660849460031,0,0
43.724587554533564,49.069500655978274,62.496356461077504,34.11770981239925,1023.901530557154,2,0
14.591301618925726,230.2193909155896,66.09885147274694,27.256150523811137,2062.7098375725614,0,0
29.91496866738502,228.4555772998011,48.053080622145345,11.34490328716737,207.57083739988707,2,0
158.00796297502717,216.5844916405501,65.57548615955565,39.55428809992305,1086.3992856747327,0,1
25.460955548485607,113.61681195162788,38.106540256756624,36.96731408365851,1876.7168478693586,2,0
91.56711367572208,464.8641776399404,41.54863161957563,24.60367475091552,2191.262491008805,0,1
10.446046558564827,86.43980103224206,23.75022619327375,25.630019908125803,746.7675233353804,1,0
55.80733072314863,291.53451128663613,54.82818232740094,37.05589113013735,1059.208303988086,2,1
188.62817378428323,197.2971811339798,56.50503351708688,47.855421296280994,2960.5566355835454,0,1
5.373308821031381,26.575356678602915,73.58526317158459,25.758101848360127,2661.908619628045,0,0
0.41773730626224287,58.53448911258687,65.82280008711767,39.82032739512216,1708.4572170523663,0,0
28.421217841253444,116.31031047907777,44.304088867051334,38.47800325626899,0.0,0,0
4.8599997869305,174.26586119421458,26.436406253314463,43.189609390634644,4011.1325476900083,2,0
68.99262764478806,513.4859922780295,58.65700805039948,30.58963798115198,1480.068438342755,3,1
122.9904116448158,172.23194158300268,72.21506344829284,16.315117289004633,1187.4329419786732,1,0
28.459912786061885,33.31757327825395,65.10369947607887,23.06251270200046,977.6400741458851,0,0
14.968279124765962,176.4995442695148,71.68955049714575,35.14280198672472,1876.3670371991086,1,1
28.493701626667274,121.22399582723799,45.76220937603515,57.2769656757239,1886.5825891709296,1,0
64.26778759780298,86.40016576630802,40.66762063648709,22.739705652055825,2450.6278731265124,0,0
0.4547699803614305,68.74049173333555,35.26197295536402,42.07181165291099,573.9378356509869,1,0
44.5133636144739,180.11325558597042,48.88207066772809,25.0791532398486,1187.505121858739,0,0
47.50422889260729,194.65102421875935,48.42818408062361,31.657031338292036,3530.5457232242024,0,0
50.76251206765839,120.00094163047758,54.13355257078233,52.730951238953885,1724.5906332499917,2,1
13.85505115132008,50.2702669025327,47.41405085928984,41.4643887213065,1327.4756266732536,3,0
62.59739163161683,426.5780657171655,47.32744540546457,11.380510908885647,558.3822344162983,2,1
4.7920477802918,113.66694026364887,34.46611894055712,21.41287464282614,2005.9343058207517,1,0
11.11159437946992,63.57658835131395,68.83238027102982,48.84332016662039,2531.018217042444,2,1
104.96998808902605,137.884752186253,51.53036124487423,32.12817063942743,2374.5876458098073,1,1
67.10873543226647,198.4514163448012,46.51112131429436,12.767398205762046,1241.1991363910834,0,0
0.6920449429463241,28.4234384715703,35.051414935015906,17.715713325394187,1861.2522833635362,1,0
14.27597132418404,33.115164430093756,23.361737792178282,40.552402840667575,3171.6594366486115,1,0
12.065788712923633,87.53271061078651,76.15928385098687,44.91615421826445,2570.882292171469,0,1
15.79079571346389,50.03805093998288,61.09277416263615,30.267829522232617,715.8372578066804,0,0
14.221685722856122,113.35144322219689,17.52164314860066,67.12970701404154,0.0,2,1
3.228328516165735,15.77769809330247,65.26284601419314,42.36228545183458,1796.772507084235,2,0
30.711302767106773,137.115319279231,68.44962340466219,26.347783955506493,2298.568126748433,1,0
65.97544483496353,99.28475399145862,52.48752244601859,17.764409278509838,410.7755081267376,2,0
46.66316328474587,46.68745967953211,81.96221791503518,15.376735430414378,1491.2104778772223,1,0
55.87013671515735,69.44478486168683,54.33439284245766,35.03131980720554,1236.3009341269212,0,0
4.231574841409748,275.4605591637874,21.663529441016202,22.668344326298897,1604.286322232199,0,0
151.2999978317007,353.30761499267084,57.30338002096642,55.10615630975137,955.3037128802875,0,1
91.15997865791446,117.76626239900415,54.89794603425459,51.994677043767894,2790.5109976279937,2,1
81.76094997440988,232.43640473475807,37.9340630244369,39.49599821245841,1647.9688806327626,0,0
86.57570268273655,180.37096760002407,61.471176737548504,12.315057405646566,620.98311383525,0,0
134.9375596598192,488.6554620004787,16.64669467618276,19.916716911713927,2417.4621535937204,3,1
39.29097839250176,86.0684953287436,69.81133654885579,48.835162886116514,235.81240400829506,1,1
11.174806789967352,125.57572139493669,32.437565927890944,21.554007003073473,2784.494377535133,3,0
47.95777283987891,54.522163083073366,30.301077497659353,46.83212600879287,2491.059424222564,1,0
67.91090931174178,118.36997726354402,47.72350455385046,37.119058845521415,2889.775295320786,0,0
66.95477661867002,398.87319235149005,58.65945856087271,30.77576827219781,1341.753627558384,1,1
36.84962705983576,114.28120203513978,53.27848127186859,19.457507805968383,1003.8860202166234,0,0
3.5457386793518535,37.496553179336345,35.146816684552434,28.586342347128728,1584.0217609330932,3,0
23.19017953781472,36.00431269490085,39.87821417616223,32.84471932312347,1415.5632136444688,0,0
126.76787293516331,248.3482376864044,27.33915305245076,45.48808347451683,847.2637144364876,4,1
43.90748556865409,147.43069159252576,45.506401967402596,16.71396599049368,946.3766858743576,0,0
38.64545690174431,85.47615801001153,71.50042429021819,26.057747362108273,1133.6271527335357,0,0
15.657072429293192,317.1309520181787,49.91474124712248,30.672346978984272,329.9963135601374,0,0
22.97882267765736,25.224123247231294,67.18828509518906,39.94017536529247,2177.9632895993345,1,0
112.85482300295028,149.0557162470796,79.10802675452383,16.373034937158344,1447.7028624289935,2,1
54.90008088730326,308.8188195852242,38.23962961926066,10.251453106691773,1191.621530766353,4,1
77.41408965374802,116.11799690045447,46.26853493889271,40.10947727565075,389.6458390583225,1,1
30.288457321064925,59.35749445330002,93.4238572212499,7.23076327579945,339.62702233253503,2,0
49.74603286775109,126.15030681106757,78.8868682395989,49.27469572143252,3435.914050722412,0,1
14.276460159816908,187.89100985721407,16.55190948375295,27.66110853775638,872.7425371384304,3,0
61.11716403019921,72.00346836307578,57.742966321218134,6.787033765883304,2110.5283942093265,1,0
27.895978066118115,314.4027184946235,50.01119984679391,22.793696708947586,1662.634469900177,0,0
29.218720995198762,187.72880909641054,66.52906221717525,35.686854496038556,0.0,0,0
52.39438905266019,72.39206946833589,35.10042465029889,22.009483686675335,3292.4508231385926,0,0
137.66332735548693,262.14557158323123,33.207832559186556,30.300446232365214,2184.083978776116,1,1
3.307329154614954,51.91391873115495,36.47858569412781,41.1011754855793,732.3298456951912,1,0
87.07515826035758,138.5409001790324,38.561429076031345,26.967144969185707,1471.6334955704046,0,0
17.29262240730678,170.21218753866674,66.30648333618029,15.944134853007997,350.81663259633433,0,0
29.342106461394817,358.4459278069783,26.3759765370224,25.515240039422384,3326.220478461134,0,0
1.1078495994734696,14.650410763094074,37.54772200081362,51.222602046888895,592.3422917585355,1,0
17.90852292848194,72.48996108292312,14.219752189971175,55.275965179997755,976.9160033053406,1,0
34.92117807338146,100.49506743705848,70.14235646824746,0.0,770.4389218524088,0,0
2.89078264239775,50.10125685903182,75.4206019886228,46.36541863787215,1580.3794002091702,0,0
33.77476767819873,78.90302417884504,43.458531382724274,33.752215740530346,2870.3165001393136,3,0
130.9406225562289,136.30904470569175,44.04101270373554,43.85974018680225,3289.3744490951576,0,1
5.5685503545412285,121.2579513808732,59.064438045657944,21.74267609598556,1101.0038557777034,0,0
72.28963558694007,129.59776278359118,79.48964014756511,3.476047357477711,1878.2589823179223,1,0
26.353768039866253,48.01945689780247,58.17221495127835,38.76733182971193,1581.9054126040733,1,0
53.23572545600616,222.53588702400074,36.04916115049771,15.885341080759245,518.390735555942,1,0
15.07124354572826,177.30367629902523,17.62354856027119,9.175613527727215,3922.555574595944,1,0
8.687456019759164,75.3168786486855,27.697474746730247,10.223979262898006,2862.7595622962554,1,0
8.745213506410947,44.191618361672134,51.4643890062493,39.01370673623002,1689.1158497110346,0,0
3.654990330033584,105.29171518773444,36.89344953598411,32.09178699043796,3081.8760934989878,0,0
10.268049183884456,44.25715560851815,53.89935411981517,41.73699032812011,2712.106712717805,1,0
54.564863189316604,81.48465017675139,38.941519675275316,40.03612881744547,1581.8613410817557,1,0
106.72260761290974,237.84673411063253,28.83707137411177,23.68599653124351,1825.9636053279933,0,0
84.13422813307038,88.2503124629713,26.45936737093858,28.942896391838165,3012.126142376654,1,0
57.78045558182286,67.73690907092035,81.2470901874646,22.328437068261906,553.8464188703194,3,1
5.8509586905315745,6.532090538070146,67.77975498367286,26.845083407017636,3173.690697321339,2,0
17.067326074221484,33.666077114166946,84.61035903655917,15.49117893028401,1274.8874393148837,0,0
18.539191485798177,25.687718483810144,60.79901801510206,35.85726440811503,3024.676742847567,2,0
14.381233464810094,561.7047004435187,41.40017182770322,46.12681123472635,1494.77340253718,2,1
36.18090288086634,70.26246421849922,76.46681844979875,17.750804552685203,1837.606222472972,0,0
38.345479146992204,54.5112929988985,49.33863997276464,49.21904468102014,1465.691643427541,0,0
22.07166189586289,49.64651903806331,54.41683540580705,31.702822447169126,968.1563771887726,0,0
21.831472439241605,296.9150902681474,49.14351241848962,33.6161846460872,1229.9451018556879,3,1
88.17481254885438,161.60511542591772,0.0,4.508557205887229,2879.111403168567,1,0
77.86430081345391,123.24868667392224,82.09470024589706,2.8910653565139874,0.0,2,0
18.393716297835187,225.05924614556815,59.820078919155065,32.16174544169523,261.03405519516286,2,1
122.54755242514166,172.79862635948854,56.5964612173702,41.84598186948011,774.5282906418978,1,1
152.68397969230026,193.48209224867554,48.76447875458879,19.929293345325714,421.6552075639788,0,0
19.781373489389512,43.01021262751374,53.26855640772262,55.051408508746334,3009.9796104154893,2,1
21.880690356209325,69.32954934801116,38.054421283075044,41.024039613814736,2757.6769778532043,1,0
35.22397278854301,73.30381105923314,62.33158704614542,16.37488122438022,2092.0318093946153,4,0
141.61338022406764,254.71782515247673,23.858033112017353,30.462730005802605,862.1959325224649,1,1
104.50265554463935,138.69292971442343,53.721368649410934,67.15393700585119,2835.051866794137,0,1
5.410894290702713,91.49643681358383,61.23146941142209,11.361539958004418,0.0,1,0
24.93915001170238,31.755489253684566,46.02661732354194,37.92404908372658,3641.982640147936,1,0
40.30137157340869,61.53275663903952,57.417355849420495,25.158831709149865,815.3702028224492,1,0
34.97159163920341,87.29604560072279,30.173312155314996,40.60344436377768,1237.9647781585618,0,0
10.775083000408872,287.15662133177204,30.683464582080717,49.00910469477573,1070.6561495052858,1,1
97.88483684779266,145.2461681947017,54.73434242052787,24.206443669329488,426.8925859013232,2,1
56.495981909402836,165.58245612574876,63.570993092421034,46.78368407560761,3425.1131239369192,0,1
90.97967581497204,120.42849026820559,12.50268688996578,63.318050914079414,2288.8946307844867,0,0
97.8662503402714,111.45206877353083,60.44041270221533,30.994121060163522,2715.4705420797873,1,1
68.98696535848757,75.01894594474672,39.13596999247326,41.77333031241278,276.33072793922906,1,0
28.92049236190386,65.36434960284829,46.14387825385175,21.143388446950876,1680.9378270039995,1,0
47.15057297135249,64.30784944660272,23.209641528699258,30.288889635468188,2021.0286893314037,1,0
8.73942445366517,27.85673990077415,32.96765519626584,27.34987360937636,1770.7565235498432,0,0
55.98854061247784,199.0170562059257,69.32250651060622,41.95403888487893,339.6265489320001,2,1
9.877034469695108,11.473517811779116,50.657267479604265,48.07013903635388,2575.500021130637,2,0
59.200272685123814,140.80186362145713,42.34443196580883,28.355177263238108,1621.5500827851542,1,0
13.042151555503231,60.7588952656786,47.670232947379304,53.00434268599385,545.035964356997,0,0
6.252731117308141,76.88610533518688,59.78423649328602,52.95071162342444,0.0,0,0
9.033215947152424,91.77658456011177,58.80988992326675,42.70280614769851,2106.66651348988,2,1
0.0997061079855313,37.69534086703058,48.49945999206398,22.259602024174075,3950.455734131501,0,0
63.4237205923132,98.39491056246155,71.85918221793337,20.82256774890146,484.7457266537185,2,0
65.91329354919007,198.11457434935704,69.40925273813332,17.81427967964942,1670.4470504129658,5,1
36.17344873135256,241.1826865199428,58.26744058260792,44.23749105357241,2610.4972790915767,0,1
8.798854342037746,30.190186524382554,51.09223565820141,11.823476887659535,230.34773389869883,3,0
4.362625076201045,14.634443881658052,63.146421902390784,40.15256481166511,1020.0432309149754,2,0
0.9657146158574832,229.04397148668266,56.28534843602367,13.783359782638307,639.841220738598,2,0
9.060998805753396,52.12320919231193,71.21600143611894,42.353191797629606,2484.676694824546,0,0
110.75414535748173,190.898097821071,67.99122753476615,30.258293740958408,2825.522569354059,0,1
13.823052658091772,58.38040471820675,29.63492197164543,50.004578427897414,1659.036264731735,1,0
21.86879373005469,35.31367064102913,28.280736585165872,47.12181867481907,658.265931005899,0,0
5.565882570548336,94.56281379421323,35.975009111918475,51.52598118003168,1057.2090620721524,0,0
12.574663233084152,87.04836812933888,69.52277380133842,51.91228077433669,869.5014857532468,0,0
36.61775005095822,59.307001941821966,18.473820064575087,32.15446250982296,522.7311383769934,2,0
46.79313638308699,106.91724148010496,57.89514778215987,12.618104003630929,1397.9617991815353,2,0
14.075213996189348,173.5042872425546,57.250861821859225,14.212154175039322,2074.826484461862,0,0
2.973285639384077,92.23707919721639,73.25296117372386,0.0,1990.2574444285194,1,0
24.79954925116879,34.99366686319532,53.60677381327775,13.745012498578596,1491.7676354304892,1,0
13.341932089252792,92.75399814149073,23.135812188321985,31.032354865569737,1557.0538368253638,0,0
12.394481473601148,133.7087195724615,30.81290078703754,21.60518728762257,1418.4492049102212,0,0
160.77258807530035,318.1330569664988,26.360089562043505,27.29796593385223,202.78846083372673,1,1
47.89477740754984,147.08179642235774,39.24112067333719,37.390731291921014,1660.1348969828725,0,0
40.69555759654726,57.26066579364678,46.34196865152146,25.43902112901363,916.3744145453502,2,0
26.87346367889876,150.72066423480825,26.69116947557886,13.172567993811235,152.6567808405623,0,0
28.013429223173603,141.1296155437468,79.41323981304578,29.201494986548518,1870.7055671155838,0,0
38.92490635099082,41.39792318196359,23.49437256095118,16.522642698407324,888.269963581455,2,0
59.607120846190256,112.66704948469666,76.92206847724961,25.938202545314056,1727.7539212588358,1,0
60.557608416752295,101.04667277555907,73.70326062878681,50.14165446634505,2347.6378150694272,0,1
9.418625811311385,120.10688443694677,67.9660509937807,25.94242043855738,549.7612788547681,1,0
34.66863550715419,59.02058586977379,36.124667850064995,56.56436330021617,1592.1212820729716,2,1
26.547853333703614,115.92055585343812,56.84901758353803,51.47453980406955,0.0,1,1
102.21413266333093,346.6358670803103,24.45257732898764,21.31042037131435,3032.5330906092763,2,1
49.904728386185496,209.75569883175774,68.21814070067498,13.333143503763367,140.933503111218,0,0
38.01823142536145,292.4300721182331,48.52030436927462,29.2116875711971,985.1803376026253,1,0
6.130682839680343,390.12867425174096,41.81359570826629,47.29991645095333,2838.3799037639574,0,1
46.52428645663679,47.597032558319896,25.525103066874614,22.64713640656968,1265.4770739190142,1,0
6.233051440267387,103.71545717563082,0.4498776274196672,43.62135447393209,302.60231369969983,0,0
20.56459571843652,73.8102855393185,29.229182859284883,48.126599837041326,2213.073232286535,2,0
7.706648613371263,204.21405275125966,72.25596391225812,18.389615244560915,2190.532462151185,0,0
58.894731915814425,87.90519262577507,41.94333143050392,19.85923367567119,866.8136606347666,0,0
11.54946959397232,408.03642601344205,46.61342285769906,40.6899304819051,975.0734792196008,0,0
24.86745648308424,119.98362048059161,63.11108716576906,32.277713244623556,1064.5910293819138,2,1
113.0121060443565,270.7757068024478,86.1133775623253,19.70907710184482,1292.9760393139686,2,1
11.427681936507678,20.376349682776524,76.50009309891277,24.717293278206192,0.0,2,0
35.444021474748446,55.71170024397192,30.55329992367624,28.942206709088712,1318.5761388819005,1,0
27.173610331712023,169.22231193103025,11.14858857125187,6.527183625668091,3283.9141981831485,1,0
0.9145146658282576,3.137697455467553,97.19228518200208,41.48464659724043,604.0300327632957,2,1
78.69343172279622,248.45369217937213,95.37983223318906,22.81961716591213,916.5064065302362,1,1
3.5772655764686,4.981987630023722,53.76907192858565,0.0,316.38233680360395,0,0
32.14695072837621,139.18408687008014,24.590235088363567,29.64193547535821,2112.161926395354,1,0
41.12616604663264,86.55398573717844,69.26453067787878,18.876431116597388,2703.1973581423763,1,0
49.50042355320459,144.0453095680219,47.8403262797478,55.33233288454015,2680.317839177625,0,1
58.338929802859475,177.42201934058,47.74037753786779,21.218324686200475,251.98941110633996,0,0
14.602739846099725,56.53002246509562,67.88917686210257,13.535349546320838,1999.79173049696,1,0
0.5014449182274021,11.926149794006655,56.68749493746597,37.61899004943024,2933.7500342142357,0,0
64.26703629946992,71.48603409431887,26.283701779701097,20.093289479886252,2009.663107710123,0,0
38.35654564363472,127.25718701716092,43.50516129836052,18.308156981216516,1978.4096833437766,0,0
90.43034056564426,163.96388339150087,63.22305857322693,37.64252074236609,1028.3574213648415,0,1
86.1270727665723,221.68458305070382,60.20504444810037,14.392990381656508,1720.1098237936635,0,0
92.67945682339605,163.9604826235651,55.24033148716951,8.140895127008207,2736.3181797064053,1,0
33.18861004991347,88.08390714144433,68.66845908951728,55.88997003141506,1828.208968428764,2,1
20.29538999184942,71.05965584243185,42.76566024365471,38.69248106400967,251.7252439702736,1,0
78.40477129159646,81.0850625787085,53.57339550438144,26.036860725084523,1043.9583257140287,1,0
30.009635301613528,70.89028398627686,0.0,29.94784185447096,2709.2795388889936,1,0
10.13287873577145,383.18704857568144,41.00699612314372,37.58796537174234,1824.7433203510952,0,0
96.54211885867282,303.3373593701949,65.27805817151288,44.60006174420131,1619.0620782430763,2,1
107.0913332417349,147.04630714217643,42.19211065765715,18.660370630274823,945.9844667532999,2,0
31.396983800225374,120.02053012499695,40.67545216565776,35.49219788948523,2688.5991805344347,0,0
3.935914484397893,191.86178990289972,29.17094096450363,22.39943735684642,3162.4125978222573,2,0
24.536943501757477,82.74661247253314,70.06731785458291,27.165281332310634,2763.1891230180327,1,0
81.36422586247191,83.1763321568204,60.969265470811415,32.41039301197357,2942.5916214453728,4,1
116.02423117498834,123.76747627463133,66.5082919564617,29.899821404209916,1141.2937592338335,0,0
11.374696431004255,82.78986456782344,15.475720760842208,41.03350347453858,999.8309026260962,1,0
3.4660897801817367,352.270378324007,46.79099913468732,37.30629838673391,1343.6548265008141,2,1
104.92121014020714,223.08024137831018,44.397779844999874,7.377461859417334,1538.5732419762537,1,0
24.666064372231297,32.021697422288696,44.38856586802895,9.63265189401837,2931.0197801252552,1,0
39.01821594685678,60.011445968212186,37.679449125640886,24.454249728610606,2665.8867394684166,0,0
172.20390602646057,319.7484437990259,43.07791456439969,57.42937893662737,2038.4693872544944,4,1
3.444182867956367,187.60625231826114,66.99289565413304,17.226122512475968,68.81323415311294,1,0
52.25139709923749,148.4049448212567,11.742972933043411,26.876659355808705,0.0,0,0
3.8497449045062484,107.25113829495272,85.54589536060908,21.954809595652172,1740.4627448017031,1,0
23.537709819860083,26.412380417448485,59.67682250052923,21.6893342386788,2380.263205600717,1,0
81.4347434561074,257.7695903213214,49.153362086795745,32.67359615857583,1420.4329510138625,1,1
28.411459213976,183.6582591527988,68.13668292745852,51.011659142934775,3414.904504978405,1,1
293.5926729980467,323.5728812730997,20.9633050966313,36.839525998208835,417.5589562195644,1,1
40.94224227788536,164.2744123259732,36.70598189697972,17.947035578593617,291.648050504401,3,0
19.36864954473237,43.557285905196025,47.57849135218892,71.2984426620481,835.7190255256792,0,0
12.430204750183501,16.546801893735932,77.31120740864355,31.178598314416888,797.7027868087642,0,0
21.579202945019084,44.035726912251725,49.07006837746884,21.3416856542683,2026.2858686819793,0,0
23.30323176468781,42.98125512569103,59.001093423702926,51.18144562016384,1078.2881481564973,2,1
3.559425313132252,44.770337902791255,38.208420081277445,22.963940730842722,0.0,0,0
23.06799069853607,77.27373685546027,59.73684137934982,54.94370482481165,2391.578456695117,0,0
31.203310823324067,102.2405578933336,83.54479185948914,16.9403581355,0.0,0,0
64.13957389264606,128.90990632192404,69.91053383348228,51.45045583382054,428.78177698929085,2,1
53.4618234187654,85.02535240480884,48.37088024444241,33.01571496422542,0.0,0,0
61.68135137033334,64.64181056245059,63.509816945309396,49.3657834905365,1707.1212770708735,1,1
0.4199426856058394,93.3326245523517,61.550339092144235,58.52648563052317,1686.047712151212,2,1
12.273765431517148,62.649635743646826,60.13175343394551,13.010890642181192,3416.454321016353,0,0
54.18878807356185,89.66677035335545,72.23906721720817,49.136577311374836,2413.8266561455503,0,1
33.08139547050122,234.7776916699417,72.08955407674932,8.866441433618927,2941.6461833422004,1,0
0.2663821192736602,137.6015532116485,47.45682806250231,14.292234671276576,1788.6096512984932,1,0
81.60837477457025,276.6362262840887,62.83758122955538,17.948858103113444,523.0681789094365,2,1
74.09833644919387,142.41461449027662,42.33810157680412,37.554549542667914,1628.1076019934962,1,0
39.75004405811175,53.78334859503446,31.53855207368845,30.495238154022893,2092.421007387307,0,0
3.4387514988213947,122.5843766276006,44.61012488592027,27.49295873755746,2203.807382251575,1,0
72.73188279549896,95.80835718427255,48.47443696520835,32.193529185335414,1027.5878558916577,0,0
43.81908822958591,102.02076295991522,16.768380216440157,38.86934383940209,1988.786473782399,0,0
76.15383210126404,82.87479145020491,67.2066511883344,40.02372185912029,566.9720291587355,1,0
69.66534304535216,244.13865897487193,0.0,46.41250253422697,456.722405889283,2,1
81.22810339259655,94.68880231371588,100.0,57.30052219151159,384.2152886145152,1,1
36.49139501754389,269.8963983546483,80.03758267592637,29.679564413377847,1524.625988556797,1,1
7.560015384221204,207.23975911176828,44.77982551655373,22.183665568036254,322.16364492369644,0,0
55.60881426470513,118.07970991284108,50.18852721127546,39.203041937777826,1075.2556101289922,0,0
48.44158034676422,184.84329713762128,56.05943747174567,12.836177756030697,2402.916551413958,1,0
67.78887608141982,164.40135202663203,38.21679224022116,19.81943801832583,470.870321921695,1,0
9.309311113175609,171.80287063693316,53.852382951738726,44.99071419589185,995.6879664956832,2,1
10.844109723041843,67.37318839287005,47.12000044596678,28.138074377734437,1571.6312767761697,1,0
110.55023720907293,264.6387102827568,48.11454565538068,11.877113124629414,1746.8869015322666,0,0
69.31027794356051,131.38489612991262,53.62922126961277,7.652954019522387,1000.709409194439,1,0
119.42266819727803,402.3864818035853,23.729444032920114,30.73075019090711,2286.8600687351573,0,1
71.08889013113904,137.7145108569788,50.79139448267296,47.12844805452015,2090.4523007847247,1,1
45.46020829885576,107.56505278646618,53.268954932349544,46.928186662967796,2639.856604361703,1,0
53.085010527946274,206.83016518348106,52.576992427118284,31.66320754339256,1418.3980756529402,1,0
109.96891050998268,282.3291125570033,45.68338489127691,60.13364128644192,987.1811905436566,1,1
43.23317676020177,124.08653652269675,72.75715551938744,28.42769451089306,817.367977987878,2,1
50.03681439657029,69.85725441742139,42.92694890236898,27.92148564903884,1807.0275179293628,0,0
8.508388667527143,71.57413264610368,54.5465181364638,0.0,1122.844217188727,0,0
32.115215290834485,376.5439815636131,75.94595067851091,23.289555762581763,930.8302223192107,0,1
63.009015043571424,202.8401195725363,48.41247719959375,42.78022552362742,1051.7127357546779,0,0
15.800147346499276,182.4870445675444,54.28926534935103,53.45942005289556,816.309514875748,0,1
11.298262711589633,14.63589706884406,48.07230727370206,17.546480494990732,1699.0211127627322,0,0
18.831260848764963,81.91602650334572,74.74739587127198,36.93378493939573,87.41681745593905,2,0
13.820665406717284,117.84211759070274,44.845508768274094,45.703185484849314,1803.016292474963,2,0
12.098013849627499,189.312925554756,75.66709154576411,30.168122297938485,2176.5487604029504,1,0
27.656293405821806,32.709194540843995,47.92824210705871,0.0,919.1208618227023,1,0
119.21064783844442,310.56193327682286,32.81080553103966,33.709349993613785,3422.036939606547,1,1
35.3683549779316,114.86440707615955,63.58746341148242,41.421459360913396,1517.6213109768532,1,1
10.407844522212926,32.38700836981499,43.90664332488688,15.788656574723117,0.0,1,0
4.00476754442232,42.16818344528137,62.41001798198326,26.187682036884194,1218.7570936633294,4,1
59.56206724269233,92.68082698363682,0.0,12.667559368068538,1562.6561449357966,0,0
24.128007830491345,99.81320674527552,50.10410523789893,0.0,1948.9675555702138,1,0
86.25112205608029,91.55804909670336,40.80789402485039,45.40506617681485,1242.5694758891534,0,0
53.868588992838205,71.12981253055585,28.734826269374437,29.943771992972227,488.4297242956093,1,0
79.54097836041615,247.04163122124402,38.935179963204014,53.96512495057475,405.01938188771715,0,1
15.869005592718596,30.094970433350262,38.52593711414697,42.859832878592655,846.4007148183288,1,0
58.94107541012077,85.51960138013878,49.04028410298838,24.686853575018265,942.2246374812371,0,0
15.330469106684042,75.72889212064865,22.653470774300885,28.75229009843387,365.0258351007428,0,0
139.90023296755268,212.6991272280771,56.32547560519427,38.49266086155259,767.1868388963009,2,1
50.58150931618789,194.80894176038078,77.32429570411576,44.50325125133615,2159.4585244393547,0,1
19.615979526792973,78.91583866926554,55.618569938956526,34.840059461130174,3148.4126076944867,1,0
15.70211432581741,171.7024437492428,66.17977218458017,46.583897179342266,2255.461713870963,2,1
10.593280914634784,106.91744536448451,71.89124909227591,25.549968949882928,2805.8610861868124,1,0
59.31335053787402,71.3156254172924,74.72979024368354,15.042846798214706,2474.118468233698,0,0
12.340803176876019,29.34035927991693,87.40277385642611,29.027861196583046,2333.1303283983443,0,0
45.230864856457316,102.68442043092237,40.015960034481395,33.07777336104275,1162.2037369426716,1,0
15.36941705045495,65.93488418672716,35.63032029677767,11.976969078910699,1640.9108783869472,1,0
54.23087542058411,190.31079746512617,65.66931296649469,9.949168737800669,1079.3806575439785,1,0
84.35368576448172,171.27940620884226,64.165324393148,36.710794447101414,1280.892837666373,0,1
75.25958057169422,124.38362784510562,65.51350599231378,23.904647229443647,1568.167100386586,2,1
71.533493706326,90.25809392000238,87.78564908500505,27.51238641506997,2213.566151579027,0,1
10.395656616596675,36.12220843836498,50.22739817596988,24.604610014487648,1923.3233815151239,2,0
4.626873450253989,90.31144069565512,58.5231311929237,52.809013526448176,1338.1707369856438,2,1
60.02375118285905,115.09113073851745,30.392234970330502,48.926417405925,1555.5387408916663,2,0
22.97077123598895,95.31646453068574,92.70642247951915,11.439694649412477,1933.4636741935265,1,0
28.31217998206428,47.02678983853097,43.26910157581778,22.008101803793295,2167.394438057835,1,0
1.5822270730651904,110.32164750923201,43.8356814367834,42.7500640195439,0.0,0,0
15.026644533912373,206.44562329108675,43.06500217983515,39.02904355654863,422.61103610106306,1,0
1.7128257613789892,31.545276951033753,37.10208282711324,29.378130565053215,2607.3105339393423,2,0
105.67506119683947,173.306865192371,35.411259023047016,12.935996925536472,1439.130430068942,2,0
13.94580914974728,384.9656345769784,39.5259143422095,19.761899307696815,1075.9234066330212,1,0
40.74734519277519,81.2801180299036,22.684081438981107,22.248486486805653,1236.5005270739612,1,0
1.987967584027298,92.3862326174223,34.293641594735234,34.15491496678651,1236.2946944234461,0,0
54.95773048072541,64.4103062571277,88.97926222895238,55.555907320458566,2057.937781524374,1,1
19.50621997161652,112.65046474843223,64.71310287282738,19.69679647817808,391.9836060192331,2,0
114.09952473304837,123.49013639281213,68.51808353455436,14.609471286671399,1524.7777464967612,0,0
109.51561116018706,429.50981993884625,73.54417574833829,28.37120284758085,1746.1177294504043,3,1
19.6736613271068,145.43305142056712,86.68269128724782,45.47608470771088,1896.2679165655031,0,1
115.61202569055897,270.80432630249044,14.571548971123121,8.296755498589452,1722.863996210293,1,0
278.0838618074186,399.8587075074188,25.40233769426919,51.80451226312422,2015.906230314028,1,1
87.26736769711309,176.36111269265888,33.925526782106296,27.419529568264956,927.3038489416872,1,0
93.1750245926015,152.9428679409554,40.605404070208046,18.985199965299394,558.1972676750445,2,0
14.31806299604674,209.7741749314331,43.98861218829502,5.997160698567608,3957.0044432505138,0,0
42.98398992553327,357.258066158473,41.06044894387918,40.59781160130941,1198.7353154257635,0,1
3.481220362865055,72.60335855379216,54.38617826264108,27.43243207137698,1315.545529345432,0,0
4.986483092402734,273.1298162084132,50.705907814904315,32.560582241317604,2177.8400977178844,2,0
340.2875609944641,427.83433312714993,35.54330409643501,16.48782388482954,3096.0892921942414,0,1
19.773702970479466,97.0759336923031,6.489024460248601,25.213559486234644,955.4718830653042,1,0
68.9528133814556,129.55489544138206,30.142625892426036,22.701281304678933,501.18473181047443,0,0
82.16655588657973,105.64867308715114,39.015226933748494,28.491103419326887,257.84664920838964,1,0
97.60460575716627,97.9772653530946,45.05841126384561,19.956715104362843,3093.1062215029256,3,1
302.2073593021617,329.84942826833554,27.406650813789263,6.98728558969168,461.89301353896576,0,1
13.820392319829855,85.09890146921813,40.1838706700716,70.9274961794491,1472.4440634844332,1,1
2.059375297847147,49.856496287808625,27.380252230288274,9.548936289937288,522.715167957031,0,0
26.482715304569137,85.99138085663024,47.48361296903334,32.72188510413808,51.64408204169604,2,0
6.967739778697819,401.4648249332366,28.538173432747694,3.4195825736393672,1207.624646906314,0,0
1.1340586641273958,44.25426223510513,33.021906872590705,0.04428845073037735,562.2133336588396,1,0
22.347712126266643,82.52909999798453,23.82631738021722,31.467397377784014,808.3715745766872,1,0
76.56329021790305,90.89440194866074,46.92998608860432,32.61551381652455,3506.1050974174036,0,0
41.756358540162296,46.67094318773446,32.67104460095203,48.92248486203576,1924.8961041724028,2,0
18.75489395772082,168.10255395409808,68.13568533350859,35.99320261523559,2431.469519553989,1,1
53.115272397483324,137.67128369546583,58.11700533385798,27.752839218813136,2324.659562849253,1,0
13.199460919587747,156.2051977225899,48.60296263632714,15.755996339024938,1399.1390769209752,2,0
0.7242930686019672,16.96004601348381,34.05029005312423,52.48518102350323,1060.2816406223762,0,0
72.2710998167455,157.09430942432306,57.61040610632606,43.93276869075336,1748.9346118611168,1,1
48.8741541994483,78.12920786647284,63.81401778697274,11.305057833773631,1668.4507699324943,1,0
71.83784729547108,97.7229278822831,52.85376824403261,30.56945592315953,931.1945828346919,0,0
1.9858186663832365,3.1451140076565607,82.0740371093386,32.16078347289745,1629.8478304668606,0,0
90.73696303464502,104.70234106757665,59.19274636149632,24.815195150914963,793.6702933037079,0,0
48.316898045698,85.31725160295711,68.27214435136068,41.577757287101925,1328.5420693591602,2,1
41.43635930371261,53.86563768666095,52.67130831071957,42.47599707522266,1164.716525482663,0,0
48.99002886260929,474.85376169658,63.51328906513953,27.142714532923414,231.12740739422088,1,1
99.91455584666099,136.82295319670388,34.064375346616494,25.786961313035125,0.0,1,0
44.207698034597236,58.17114695513088,40.83203273574412,52.48437694001298,560.9367500603008,2,1
43.48829704919095,65.68800702678432,56.9872710696476,43.992583385433555,3304.1046645863007,0,0
233.77511053935262,322.3762974772233,56.841989631147634,31.08540584862577,1190.3182179632722,1,1
70.67920140598498,77.297831750109,60.15223645886495,5.561864413799196,2275.9681608964042,1,0
29.19614941672946,227.56139172334505,72.00785784557459,35.16000159457554,0.0,2,1
61.44692688281089,387.15579750485466,21.50057656369176,40.47125197376502,491.7139320356723,0,0
24.651779752405428,52.987247422999516,30.510949047794078,0.0,145.51038263764963,0,0
12.995269560208722,72.796292698101,54.59145282148506,33.77804172477038,1297.699989912885,6,1
45.42256167094156,47.660871059764,35.512727363930786,23.74962019806397,3921.955480535243,2,0
131.6810752058117,234.04367946795026,100.0,26.687185798056728,1960.2389432279178,0,1
132.35212029327806,185.78305195004023,60.31439238340272,16.38928570855019,3195.6125332780866,0,0
20.92032018851315,52.39940404823274,48.43338302139686,27.777160643945372,1245.5632723143365,2,0
37.50465962435363,60.67732656258762,39.69061453832282,50.87987364271997,2864.869373855072,1,0
11.889761909378166,118.02808236783578,40.39675433613911,23.304022517767265,3573.2567066828906,3,0
271.6623096007408,325.4849089712285,50.602813226303546,44.48360338189776,1390.6309335895417,1,1
198.4770656162156,218.28061799996735,52.23963865242516,17.905031716805844,960.7352887726352,1,1
52.4210024943048,169.25231976017545,40.86601710612974,41.38134288984058,182.18906300984736,3,1
81.58777018532882,164.84531314546015,44.536955069601966,30.02483783432927,1190.9397414230305,0,0
62.7808801792394,258.4481039438592,76.88569150469192,35.28037243183921,1581.8966752007912,1,1
44.96654568445091,57.46346373371415,77.69009925302069,30.107298841462313,3530.9536173491488,0,0
2.741186319598373,156.76344046387788,55.04067959869754,39.62437848661813,205.0260259039137,2,0
30.326858939522594,142.26453354306057,23.174805455265247,0.0,1559.6618936969783,1,0
56.16363904695658,68.38163825179846,60.77006313278087,8.702620298136456,0.0,0,0
56.58750875488165,175.27309916808167,81.08564883222051,36.25620747012967,1073.237171161432,1,1
23.350216057317393,81.60874958570622,77.39562203924757,0.0,1811.3953574120187,1,0
142.1007872475774,432.115337822203,64.68851705619335,22.04129466529186,2012.5831526885581,1,1
9.157516941152922,24.427348015842703,78.44845910571644,29.184887384450253,2089.023079641922,0,0
34.69331657590699,137.64860794357014,51.06768544958044,17.577897935806547,1897.4040328868455,1,0
58.70192960707369,106.82538292215489,62.5620593966741,19.626578959593395,2080.421940096241,2,0
59.72353891048593,373.94898275241144,36.38448867349639,34.07373300230388,1545.7391290026633,1,1
52.2970485491036,92.34105830741282,55.84530912311424,45.13942433669714,452.1336940110284,1,1
16.09906194807168,343.6064100529645,76.59068487941049,15.623259281177884,0.0,0,0
8.492378198547863,240.24788794581158,38.211531770262184,21.374127057189447,953.3121782627832,3,0
50.52187437461948,82.04546063136902,32.771131410714275,19.031085400094327,1365.3845669367702,0,0
45.72737712303205,208.45792462213726,51.949778780473935,0.0,2753.9317971754804,2,0
9.883294682328685,552.5939096483818,45.46675592552001,32.12567685476263,1399.398324843813,1,1
61.06258569092443,90.18649175111503,62.98295442140841,44.020766187427384,1303.4309657833076,0,0
30.364255764388965,87.77224951807302,40.934809481059155,45.24964810973823,1885.5271268417796,1,0
55.094973015560754,128.52955106568106,84.36879231205428,16.938504353388918,1229.988012548798,0,0
90.81298204613951,125.7589621690785,24.206478040778883,11.224529272197863,2310.5419989469383,0,0
9.30012186111506,10.838376531103966,75.07469572439469,30.32408321387527,3479.3336183838783,1,0
0.9665252060320517,25.829232277733563,34.70301543383794,42.43910529849701,3690.7855142107005,2,0
75.5028438535453,108.62262475162754,14.080345308319536,32.32275672465576,1597.0406272444893,2,0
47.04165038596199,105.66837859813032,54.75750312697735,34.33956953810642,1836.8923646954481,0,0
60.13860454390005,78.90447938310248,44.90784027972233,47.1274639160435,3078.8561203734835,0,0
91.05580186750542,297.6131028097529,27.807812641939385,18.912951611539448,1350.037977103729,1,0
81.17961443897677,203.22748674187213,16.37246216569472,26.700448699904552,2179.192141924179,0,0
162.10741057540957,171.01244446249774,49.83278425457087,54.51908267641802,364.83987031417496,2,1
38.38654101381316,143.39517156436284,69.51673783247635,27.047833153535596,1189.160851725002,1,0
33.51995776638009,139.5523731372278,61.69906986172889,10.989945510501432,2656.1146166453073,1,0
25.698795693722026,338.5592951941574,51.13413297678531,19.95965855624558,781.8043662123767,1,0
8.343539423031892,8.646083762837735,59.5769514643547,15.927302231681367,1371.9488212703222,1,0
42.50259296105759,70.99550612912165,49.45571735244286,35.35743878551906,0.0,1,0
16.218168984630424,279.03789157004815,21.405515139392577,16.560794946168315,3505.7682945096367,0,0
127.11037909505008,396.13226505566854,21.582120295531134,34.065513792918665,2763.028069816903,0,1
43.75633630557236,171.2625589991948,45.936629420306424,18.959021721890252,1688.0995661527484,0,0
44.92747468663413,190.06979731453876,46.78693427267851,0.0,2007.5128720823282,4,0
21.9194082082837,31.513571493429215,67.0196535701353,34.59929680472883,1895.8981069433685,0,0
2.6694772349584426,74.79859760663021,65.14608447549494,32.22695522320333,2884.311753030786,2,0
1.6129260770302405,27.95519738726689,62.10266031517899,37.766367235632615,981.1999576286275,1,0
27.524701015670296,47.518447225013084,44.39434573845639,19.90519171252115,2232.267619928232,0,0
4.417816493337841,170.65069583926854,22.38695659779721,18.30683286960935,2577.4164988521734,0,0
46.677815840651284,61.18480200767353,58.24142274132048,36.02200287722319,2715.325970476457,1,0
106.42024841157249,169.6539906108944,60.503386265243364,52.785293587964716,0.0,4,1
107.24267725759071,386.2417875054989,2.2293707504462787,30.167520142594917,900.7255217348554,1,0
53.80029890547041,74.35916033710369,33.31323626834674,36.36877644070717,480.829378698096,1,0
11.864141540467562,393.5055364707139,36.17891245212208,25.17618473361439,1649.588285570686,1,0
99.38756123270603,615.9059173463227,52.36700402246873,6.845542171894728,0.0,0,1
108.6188387330262,189.72572111875925,33.93279134468612,44.511441287310866,0.0,3,1
10.948462850360546,29.598619760174472,49.23730862350719,43.62621358629243,3670.09499187626,1,0
66.86113292848202,104.85620473457746,45.78930119294016,40.66161037762791,2117.6893882633403,2,1
16.880012053853385,72.13037173555468,46.81701056924544,27.27081842486372,1621.0092431988116,2,0
81.13636947089958,118.1448470396312,35.672114125985075,38.95584149607811,1863.6726478389821,4,1
294.58819920511763,327.5269198704782,37.220298918666444,43.40642696081746,1646.3409237491799,0,1
1.5243008731011756,359.9031515306214,28.394658804386147,54.30238027435061,2497.350656551526,0,1
113.82923547395158,130.4777760804166,57.60134881147664,44.82789156971163,867.5558079360213,1,1
48.72652772287815,180.90007751062365,61.422052571827365,30.957318375504585,1686.6148260735692,3,1
181.30954308603387,181.3505804491255,34.587640997493224,10.376201168634427,1727.4212679377154,0,0
31.27531610066969,121.95458162652977,80.41280192034088,32.33487446507612,453.14204154166237,2,1
93.99280356643364,341.6188221540215,43.70797105115902,33.848660937739616,2776.9830590630527,2,1
3.2212767012842174,37.17975743910142,80.60371247593122,40.63544662977456,1054.3232600985905,1,0
20.419397528551702,40.9406717781008,37.157456523367934,50.308377889851386,2517.421669808901,0,0
3.468390182076232,108.93169944285344,9.468444468011292,28.57274231914831,1614.9127263714802,2,0
185.13499282987345,309.8235130302053,58.04395649824703,61.51480784719667,3133.584832409058,3,1
84.90632765453647,201.39131896562154,54.970902102379746,3.610694699391342,458.6209114784758,0,0
95.71243274335698,134.1782724302734,50.68787590615166,36.290128086924376,415.24119848955,0,0
139.00301338964834,168.06530626426266,37.15535043112021,18.02219411723958,594.3044089956913,0,0
4.447215984366045,316.6194050260151,49.30855549028362,1.391670004667958,1633.295550514374,0,0
24.355258936051094,281.13997489069305,39.774810842609455,26.97338435551262,3041.4683957782054,1,0
3.6842048178420517,64.80712525901977,43.95300867336499,8.14240952368565,3093.0936181652505,2,0
11.836338190250636,199.0425722647203,66.8326451153015,27.578581529507748,0.0,2,0
13.027071848820396,73.23411724644977,53.68434459060187,30.521538721416853,1749.7071612225388,0,0
31.659759108498402,86.89208161402038,62.199027746639544,46.77812114003924,0.0,1,1
15.637152419979117,32.68786837598211,45.3626298674842,7.3862229785409355,2295.031793785035,1,0
5.322394599515666,60.9057494485376,43.1596530839045,43.62667748468659,2618.169414895207,0,0
9.165567669698085,86.2584822634756,26.930349382227128,31.47120675419691,1459.7557253078144,0,0
7.965941795647717,10.242083212591215,42.59926774863606,45.43273730414391,1583.9815774947547,3,0
180.73834164996214,239.45736686069463,0.0,23.523732374533083,1573.6388929402397,0,0
71.20864021507772,223.2397843629015,38.1955606738873,10.016331198548318,715.5580812587535,0,0
171.72964055921454,285.68746253084686,48.36251645618322,11.737510106762006,1931.70578532148,1,1
28.96775928236257,129.79657172221266,61.27347308540312,10.622888194993259,1268.5919983467427,0,0
16.312031639109378,256.61384012224215,44.626442449500864,37.167212293809825,2430.2917092896187,1,0
80.04700536592351,81.86666213815565,56.95347084489999,52.15383033322049,1386.3730654807703,3,1
19.745098602513416,101.17439187730272,6.404226772195088,21.525727100171693,638.9768935117412,1,0
17.789721849606437,172.59994603674386,48.863262955861,39.43702947386675,0.0,1,0
13.231230349408833,91.17483207597212,16.409944141731934,7.148369127965701,0.0,2,0
6.944657242346085,46.08542792805775,25.833929686813345,32.70481873765949,2812.5093439544353,2,0
14.81684158781171,29.46409740095325,46.25668904272278,40.0284392450569,1042.2106471409807,2,0
21.950040958558247,240.48632625058423,75.52527975747108,8.278128370846972,1838.5741900816488,0,0
56.04200656745553,119.67378499136859,57.42413526940118,26.94174796530218,3283.2298917445187,1,0
3.230384428183206,213.69827621915616,50.364619942742344,40.738757107283476,937.1956687021087,1,0
11.818211763742076,99.97142943817722,49.60939221065796,0.0,872.5225156188463,1,0
82.78028148781993,194.92502009777704,35.72742213591066,50.03179592552614,1367.8382476446761,1,1
7.945210206221644,171.04260305732666,39.120331732546326,35.30519063836572,1529.432700419993,0,0
20.976564723377955,128.6094695519435,58.547520909415944,40.75091471576014,3387.5513502558465,0,0
99.99785910183712,150.75675263146326,22.29278963111011,23.809210812078533,3065.8205940941134,1,0
8.416513317584938,80.49577185832327,61.861081005660424,4.159162776519668,2120.875415906747,2,0
4.318043191951981,166.7963098594292,42.22985865762294,38.01094434475428,2949.413768996868,0,0
33.13458417686708,79.91922736354363,66.5111414973913,28.761145118752317,1321.780987432144,0,0
18.006868796389462,67.12901629013075,69.22186914464166,30.481731831484808,1799.1645671884785,1,0
41.437849664063584,51.49616819991032,16.538319749885197,46.314104777984305,1198.486355461305,0,0
81.43228290865643,327.4549766524447,38.368384735455635,41.43095810793897,209.6316174203605,0,1
7.375633156735948,16.9206467605087,32.88944624118753,58.81856125634419,2703.874741793595,3,0
43.45832207681815,147.9301754906396,13.745440698537138,32.30781343310248,2031.6987339898606,0,0
35.21129218640965,88.51747456284839,29.349334475811787,19.631813433133242,1518.073473423664,0,0
7.778847340567875,59.80238810766612,98.8251169053068,27.173747296369108,1497.5321506878247,1,0
48.908105387595164,162.71158061543713,62.19019792424881,36.234950588079094,0.0,1,1
15.985504728562223,22.930559416484996,88.34575937211508,45.23784778489466,522.5246668472846,1,0
33.45535548474945,123.52312641428419,66.58196880036671,7.994490728419219,1836.1531701140248,2,0
4.2927290955054005,152.14763628609793,35.163136779830495,30.128064227687535,970.8873327254942,1,0
30.77080857529958,206.9206618050628,42.36457606651914,54.143124855575536,1282.2869587825098,1,1
18.297568147735685,36.99444872972994,61.76872360480615,26.396866934962198,1395.3439352208984,0,0
86.4057830572241,314.1160867333672,58.750124069460725,43.96517782303657,817.5312309828893,1,1
2.933321887280849,109.68716162890476,38.45315968583333,37.39676290824008,532.0816799759496,2,0
27.11644018475361,240.70053112908903,19.80013658841586,44.3379090978747,0.0,0,0
30.664278999475176,97.07763986916004,100.0,17.853591876001012,1353.4817209884595,2,1
64.55031385964183,142.64620420039353,47.17700655314388,17.918974949016288,2118.6085476102835,0,0
42.699560978241365,294.07744016913637,43.4852221363476,30.30407838183432,0.0,1,0
55.01253208091015,285.1806256223549,52.266689278106035,7.016673191395327,1475.9521749001738,0,0
75.04022719200142,134.49009843638328,45.145428213779425,25.953890900825133,1781.1432526915605,2,0
99.09867500789174,131.17605389503595,52.454578154109676,33.79314986273501,510.4195962708553,1,0
18.834808803283202,68.78553972012821,75.73894572232838,56.76953410424659,2922.1418115480883,0,1
38.611976745870344,87.67577539526518,47.50903040627153,36.04077283904733,1114.284630961592,1,0
91.6628591119818,125.47157560119322,26.74579121344477,39.37842706309654,1398.7403115434888,2,0
227.5868312642863,258.86352005082097,46.76712411042778,47.46713770575009,1338.7304994020212,1,1
110.14572669368903,307.5191495753983,40.711964371801784,15.53013616657415,0.0,3,1
23.218358210038936,30.460581357407385,78.47797874493702,27.523760064435216,2508.752071684044,0,0
10.85599383242565,124.05568912071655,73.42238129475142,66.38118887705839,544.4812315807626,0,1
33.60770794699878,52.58100951470431,52.15050000861598,28.81316666423237,1263.4794845942636,1,0
67.6703468632035,109.90694351359039,24.42528290361487,46.74646123173311,2097.6610012779956,0,0
33.919733866756935,40.271561684052614,25.482154731201085,44.456068157596604,2960.903426144534,1,0
33.00311490037453,64.47057805989093,50.30246523169107,7.828294284184661,420.0677181031606,1,0
91.07911543049325,237.36256723716156,56.72645938642562,34.657189155089,1053.516414405573,1,1
22.42414582282474,238.71978746593118,42.5075436134789,32.20121208307839,2882.4186300071533,1,0
98.23236611522212,123.27448266713127,40.39660831585532,34.94938181760652,1963.713879275447,1,0
26.111588103075068,88.38937710864815,38.14401533642706,18.6883128031341,2171.1713590516083,1,0
19.892194104343908,83.44118116697356,49.532120795121074,13.246207321317613,448.8682642238323,0,0
30.255891287585644,237.06673634017665,2.344752958538699,22.85984999968723,1120.7904700734418,1,0
71.86821742735029,215.75297932049884,27.9734674246058,28.533075043736957,1332.1645676195692,0,0
6.733861176990653,78.69883395186147,37.458983091052986,47.77476671400474,642.105242657026,4,1
10.933877928111208,122.0268214932722,74.15006389903841,57.259662295884105,0.0,2,1
151.25272562192737,339.2167924392818,33.72372716142141,50.94896769334767,989.5014412364042,1,1
9.64839911254856,10.606873238047584,53.60936283662413,42.90277816172766,2854.28819958443,0,0
41.93493406866942,93.50033206432109,54.53085501861992,14.934896065506152,1559.1734655604962,2,0
43.293483804911446,281.07087500854146,75.95833011321524,23.86655737515757,2874.290913573376,0,0
33.630423765726604,168.4582575756159,75.251548139283,33.14889078619497,1679.0209142295196,1,0
51.74600686113209,130.01849148116338,48.84994062410167,20.513414428857374,735.2922704120375,2,0
13.056987900925895,88.48364237000959,40.490305176211145,38.658084787919265,2777.6190132317215,1,0
40.222070829147434,82.95788764634814,36.72333794348619,40.807291623814315,1712.326140667899,1,0
23.274551736404085,96.77997259667589,45.17873555068438,38.044350938482026,2461.8388324273974,4,1
54.186271438724155,160.71849167305243,41.319332913528,45.37701906836372,431.67182887942863,1,1
7.612331381052286,61.803211706032684,61.07254818716464,16.43113179430389,2538.756289614503,1,0
42.300632961878144,167.53054180957326,58.40619634970409,43.99243056138297,2568.8892755441984,2,1
10.244947258534951,207.740291532696,61.836023822900316,19.565318248197055,1789.7671443565355,0,0
16.331060305257065,33.135636348212316,75.18567422872337,15.885960710356718,693.0779141902175,1,0
12.340431183475278,72.4058044616954,87.25738242800354,37.98174201279573,1453.9911712873882,0,0
10.09588239898087,62.52414066454023,52.493267868151136,48.238103432984715,2111.2911472382443,0,0
87.35200800517579,203.65582691585178,71.98927542791307,37.320202295640144,1734.5700199365338,3,1
16.823141569534435,45.57367907695989,42.9667963233157,30.312060356588162,2101.0827381077643,1,0
130.94964595202688,233.18449360384443,73.70013967166031,34.652307391522605,2512.245907652905,0,1
175.2055868226091,385.1612298479527,71.23018314351688,32.0464037710092,851.5533466280787,1,1
42.34528502392569,96.49638235420304,70.16831939885982,13.110736557969087,344.9243790398609,1,0
7.715933519011431,249.6454664262073,51.88139682383048,11.360697825826271,1462.4611986277582,0,0
23.464053987741575,522.0154864382006,36.632836720182226,28.817611807898178,1170.2568411301322,1,1
79.90815151086437,91.12339883660357,22.10943124269047,31.197852536539557,2285.84641315615,2,0
22.89511561743342,49.428898167593886,49.199255849578016,30.16998567551601,425.50161034119196,1,0
4.551912880210078,304.88754211109807,80.66025084498366,40.1415242047487,2520.3818741776795,3,1
40.68500491944789,358.4768364278316,43.80310197271854,26.767849257534902,2853.612109546766,2,1
93.25550766240666,103.53713597954749,65.7025317092011,38.44468772857284,1500.3049642622898,2,1
79.4637251445945,80.97493667973924,66.87902801037862,27.831198490103283,1560.7361255813046,2,0
9.62605822760085,27.19243791284173,44.32627558145654,57.350384430546995,732.4534987698469,0,0
55.85377667199042,608.3199647764981,76.32689675039039,31.2107059008967,957.3391010259336,2,1
12.455402997422892,32.30045011502336,0.0,65.11083917288516,1091.6633193543164,0,0
12.308298155587217,82.13384004216883,25.5449944252365,35.280173866362965,2942.9400678379307,1,0
103.60215818686788,292.26483234404236,31.687354072830804,26.794842441176765,1428.129214189226,0,0
14.362038674606604,16.423298488205088,33.605699542652204,16.508280356104883,177.82704335999165,2,0
15.275152788324526,108.03281622921148,56.72525902371791,8.356671389134597,1755.3543421120037,2,0
0.03268021570351846,32.47080585897051,55.80075606107804,15.128365734057649,2326.290124622276,0,0
102.26902666443611,300.5621740961911,57.87981144350016,16.80590536254015,1474.588630678405,1,0
78.65404874322917,111.9863297677035,61.92162988264974,35.92230030618265,2969.2134397269892,4,1
49.35295559612934,165.43015024095155,30.997908617087013,22.10751943409719,2277.508667265898,1,0
69.36789911598987,181.5210834989863,25.636478663853623,32.803905788317465,450.8712701121465,2,0
8.246595886831491,33.284395998213945,57.92639364015726,49.22967543565029,948.567187603598,0,0
30.654324691254775,34.19623631639923,37.39535852707122,28.682874725477195,1726.226281424609,1,0
21.633032924217137,74.2691970677056,18.590499092640588,61.18735047700206,0.0,2,0
4.923467179710379,39.0589220282168,69.42688569082964,12.362835294912031,1836.3567374706145,0,0
33.28929540206506,198.82583175720114,77.90203813004595,27.741246774376084,0.0,2,1
126.75086398529636,287.8769154494576,81.14321779397318,21.91030614583532,2523.4334555645096,2,1
2.044178938049949,63.11318602535939,53.7401544294944,44.047599090855115,2407.2736847917085,3,1
17.227502670192948,110.49803064749747,62.51864191945805,0.0,2004.7813609150708,0,0
11.630721454153987,104.33038405018733,77.39736446723822,8.353270662332832,824.1216356476885,0,0
13.600060034847198,189.13788556861135,37.17168419953131,28.38979766323556,1670.202824613539,2,0
119.53506411923291,174.87400778610555,72.21355368108183,53.270665815142394,986.622512485351,0,1
31.56207996288356,63.782072368596566,55.50792468286417,33.38762751055961,469.18472254993367,0,0
31.396014783062025,62.189243640266014,68.27423304685182,9.726788186036494,1161.2569882285893,2,0
71.47588734519326,148.30440810979024,53.721860417518705,12.042501109646548,2198.2655364920956,0,0
8.390894505614924,68.01984215403027,75.92513419496004,55.09484554267429,1543.814192831761,0,1
33.39984135452396,91.40325945297772,54.47047525083074,20.68297801805639,2950.709924134423,1,0
28.104648917574455,37.66077735028494,20.32041881065165,15.85554941325354,2265.7805394802745,1,0
45.42985650204533,172.22899925527872,79.03853264629444,52.1605884094629,2158.6908139056186,0,1
386.176476103123,410.22283011174477,31.04938518055776,45.16645508380486,0.0,2,1
73.36413617363867,95.29841827462299,75.06116420487828,49.110894649001935,1214.8414698447216,2,1
25.363738693217297,78.59562106789672,48.19514237119356,15.74937179601275,435.62758956580046,0,0
87.88328196142538,113.73164675265876,73.52021970395413,7.12341538478459,1316.9971203760958,1,0
9.359169618058402,97.03210693412437,72.6953722973353,31.997497340440585,806.7238760768431,2,0
1.5468674449368607,47.982959668783174,58.60285948630742,35.02689199610496,1122.3950469420613,1,0
11.435976691547312,71.02200364972049,60.17070635254262,35.469027055572475,2561.1627323738503,0,0
20.806960416615418,97.84636013568573,58.452572343851315,52.17275903458503,1975.249929005834,0,0
35.72679050552802,58.48406539013104,9.723504874378442,3.993493649876278,2507.114428981635,2,0
47.74237154703567,64.67322574457323,52.366604377964045,42.895425769466485,0.0,1,0
120.7349274895966,333.1134863527411,27.6787164785621,13.550624337790232,1557.9746966156636,0,0
35.65259962798689,92.51991586272953,53.42374287491326,42.836029812912614,2466.704981396601,0,0
34.78508649479763,87.90384087604991,27.14114907233569,22.875649432179337,3006.295914887156,0,0
2.577456346178432,6.203629500602762,26.300961175478502,17.790423061642326,0.0,0,0
1.7767763282357492,70.6875717685725,82.09869003507804,20.851459395761967,1148.51636383883,3,0
40.05443586682345,120.8361299783385,71.3889477624838,8.315846988351563,2534.2266740047626,2,0
28.828564838544906,110.66352801692044,49.91714830111691,30.606434097502007,1307.7216871885546,0,0
91.37360039524066,214.14250595178083,53.695373004980475,18.409899140093145,589.5823258302762,3,1
8.758137200227974,28.296608347145156,45.041679485139824,41.794473463504175,0.0,1,0
1.2644371955660194,30.329502526088575,61.397527519590454,39.60084121549376,551.2984653368331,1,0
29.804541576218885,196.262858572163,36.4789126690239,55.32235579354186,0.0,0,0
13.556232430193663,307.6250068181958,69.87480525735914,35.494912253116155,1558.4604568340258,1,1
2.5443726975349388,17.15484014874741,44.93826317971778,37.81016650620111,2396.3101857786596,0,0
64.47622360550427,133.32195403077472,41.603060083375425,51.00149717741721,239.02524109139608,1,1
5.9162653805575145,30.018540563078286,50.43426036969685,20.585059559599557,1757.7297412110527,1,0
46.865441128329984,53.06076567064875,38.177063401487786,7.676126807654512,2345.2710294458666,1,0
16.49815586056245,55.8770110990204,56.57364698992966,33.0014108869259,1497.2916731516505,0,0
9.527529148633624,25.03953370450262,39.252748213732005,8.660497961783939,0.0,1,0
23.88175558723339,147.64611572386303,59.37047205637672,66.80908009388085,1886.2115546625032,0,1
80.83465242579142,157.13271016003438,74.32013077822953,51.83247438118415,1445.3530552355296,1,1
24.886715912187768,40.41587056454911,35.613566263836525,62.459644999523704,1343.4953513991445,0,0
69.46888532959782,70.39734101154406,47.388490854096574,30.93670464994694,953.1627542395353,2,0
6.70436574455666,171.81218627825132,59.22661426070843,38.25860390552397,1586.7874262740413,1,0
74.08994031594318,93.47201098788933,41.282852900371864,23.10786852071034,2009.81790844696,1,0
13.520493303605841,106.71593072972509,59.2864112165333,43.24387208380128,3890.6481343358487,0,0
56.56604087255281,97.65229262923182,61.1079772130348,11.766851819234144,1612.3320683872048,1,0
41.71037708251309,129.77521513562795,71.66523552588608,0.0,3011.141160012673,1,0
132.35578763142396,170.28489725469487,37.88019907830176,18.1393407076715,1857.7550834268766,0,0
24.495830598328183,33.59115079768734,31.14449519539051,8.167897865740265,1400.4716723522465,2,0
3.4227859051140084,28.647845068478745,43.84845220872512,52.16890104239303,1648.5475277112923,0,0
0.9670664486445758,21.799773211388285,30.644953209058002,57.235161826204745,278.26363030749053,0,0
87.68232259392127,143.54733470503388,61.28996408094994,8.956063913803337,1805.8602707520376,0,0
37.194203873678035,144.57167012109355,26.764973996471774,49.37573411281859,0.0,2,1
74.63700701425876,105.26317799747267,96.66032836505377,44.27077475251156,637.3336421114682,2,1
13.35644386220155,14.57078070788657,75.918557231475,6.453349729216853,1609.8430931338107,1,0
21.162395363326137,94.33817511637123,50.25151539200628,24.14598703602573,2693.9822731788445,1,0
1.5283148986313606,94.60772718099585,67.34788985995952,21.297544168132205,2930.6243969983943,1,0
162.84488479234656,492.17921634593006,17.263962713784167,41.219930979408,1263.4534203590651,0,1
55.11112589061934,144.1419486295521,100.0,11.568309736424794,1655.7173195304408,0,0
135.30641827008182,199.0157282241725,38.19570775599021,28.51691061510776,2484.362469582028,0,0
15.428019610061597,100.61924803460238,47.59005172201281,19.71098244075573,170.50642780708108,1,0
47.268422438094724,310.2394195060784,12.88133425623127,37.10011775077715,1904.7475053155035,1,0
56.73788183406286,232.9840561744308,59.72574609481789,26.748119524681062,672.107132634191,1,0
19.103278773241573,58.10853812436751,27.873116858457823,21.971314440894073,1328.1749553232812,2,0
94.22968339540975,121.31275103091303,52.033115231320586,26.80055136551883,1040.9767495056847,1,0
147.02572425907542,177.49276190819884,39.114511341509235,60.54064249260168,1935.3581270481475,0,1
108.07820487186962,178.2810631863976,28.44512130139313,23.746505458209164,2050.30367400909,1,0
67.17457586923356,203.451678071605,33.91276996474765,14.384921725743196,2391.0786773973973,1,0
16.24944869983028,86.21008979100111,54.515760681710425,38.75150353733948,1848.1988284644483,0,0
16.537554628434194,23.557957502777406,24.370180542623512,27.84712995865565,1671.6537699688965,0,0
165.33117425062153,293.91481072856584,35.023766579528456,8.77149103700291,3354.023800438602,0,0
0.5168873392039226,164.49120292410055,63.26546762528956,63.472445028036994,0.0,1,1
62.94785092121541,97.12618359040422,100.0,24.712815816200283,3195.6098601292397,1,1
61.25065749837182,170.35249880995383,59.551776391060095,24.331958190579734,1210.1780911316032,2,1
48.73434658081642,104.35010670152371,31.654767156454252,32.39753027862146,2070.891586368305,0,0
230.80572327089857,450.7358165727475,42.657716598553776,55.95175153813259,1174.340319406399,1,1
18.689560884289396,205.268204469818,50.63178012305156,4.803820102215067,797.458370448374,0,0
20.773640712701706,95.30867660189531,43.01150098728585,34.1397877413081,1984.5771927942285,0,0
4.111472502245691,121.71661375260648,68.06116333473867,61.30908242690441,2542.128308614443,1,1
29.241384637999975,244.09885638641543,54.34946966028449,31.930930211094726,1973.007954967405,2,1
15.126151245955821,83.58791930057687,68.1570476981974,11.469990310447805,957.8842133171177,0,0
21.033001078636577,58.611604304462475,43.711124194047414,20.72404720559021,5111.350062815669,0,0
89.96089781267632,230.06764783206165,76.51000439442512,33.103237946351854,2698.5736708662525,1,1
137.04249918254914,161.8971296763426,46.67028831436908,49.96205873459793,2433.3423042072527,2,1
10.273352268225352,59.462478488444525,30.576202617240167,24.90996233375909,1147.035769257796,3,0
23.301292081441805,224.0894924779038,93.54640762084443,42.399776961486474,874.8342117109606,2,1
131.99427710520376,260.88285746639764,13.500445060777665,8.469467594296663,1220.1609241570607,1,0
3.1900575565085667,54.909813245969815,35.22522549390145,8.34422445607418,2581.4065443924833,0,0
4.845401831019401,29.02001578262677,37.45944296339211,22.757989669725756,509.39566292417203,0,0
8.88407627280324,52.884823425168626,100.0,51.570430828098935,431.79616854568303,0,1
45.21969331851856,78.64175156018325,86.13717768293023,31.033119592706537,2039.5475333610182,0,0
8.153734842803942,27.52304625271447,79.87856287284396,34.34716793349929,1819.1964446421202,1,0
172.22045748766888,308.2179992222063,43.38682675247337,34.17119393360291,729.6864621091041,2,1
29.594059254304433,58.638632953358595,98.52356007683551,46.63811973880096,408.7964215847753,1,1
34.80938595079946,95.35369317129965,57.36704007681942,20.84668961193219,2937.896993368432,1,0
14.161839422852346,62.91498573126128,69.54526740606245,40.324276627323485,1857.004425299562,1,0
31.834585638603848,434.0037457025671,53.59390762212414,17.53676004217305,136.4641362719674,2,1
54.22269456987178,103.83154366671067,49.01066857353497,59.7490898388114,206.37446391770618,0,1
69.55070145337542,77.88695832157622,44.96442652147242,17.994133435549653,1138.4880275495307,1,0
70.09438188166358,79.50630359279471,45.80720013161675,16.764160453820686,2232.8418069976333,1,0
43.12459857190263,132.46841415958792,62.169832973561576,38.24504720232074,2095.0088021082797,0,0
117.35808918792034,208.8281767590363,57.34399597550776,31.196826471484858,2631.6785370012176,0,1
85.02501435670823,139.2839933264317,49.37057259592632,34.90278609391402,9.650192539202408,0,0
70.74459290608738,127.28046375880729,80.19047985397708,33.40970693238477,1723.8466897796568,0,1
2.8605660274103415,8.404710724771919,0.0,13.64411701788842,2925.910332321361,0,0
0.3450862210747384,73.02510261474036,60.1977449584239,54.20038393619226,2832.801730476099,0,0
11.941248046516135,82.20838229694562,64.35477413317959,43.403133088336645,1858.9099814126857,0,0
54.461362399866566,70.66024805475143,72.93925736510339,50.38424926900674,3848.018508653876,2,1
26.483222338555297,37.44678488846738,48.70257117893278,22.075036663343635,2109.2851164158596,0,0
25.742205964007475,38.93233423012073,54.15840134767915,36.24785317072757,2542.746632841343,2,0
107.96186555842174,118.61223204896382,69.71896766629442,32.96052693352037,1544.4479187755067,1,1
112.95849030154477,207.04455060759557,79.8233280856036,46.92003939302262,719.0247071557129,2,1
119.94118040788865,141.81683080765907,43.98928029642464,47.403721977444285,624.7907992212539,1,1
18.834996801044138,47.79407304358435,55.33951566255121,32.89576204437172,1681.6152147944201,1,0
58.7297321075241,77.79399753556572,83.57147928697515,7.230733022351224,1288.497993149793,1,0
15.84752429051964,332.46472492947896,7.519458482422976,56.69492830631533,0.0,2,1
10.573709760560678,203.41239229093594,36.199748003708294,38.33981150535209,474.20641507425876,0,0
10.205814740946558,36.406576404033494,79.31671957205927,20.87344437913287,1181.596425945907,0,0
20.935695928863474,60.62087099768038,71.85075667216606,36.098132074000425,2227.2793759371593,2,0
28.102228482699438,51.660898489479465,60.44890421853388,7.33359677321215,1483.9261138379254,1,0
88.87779231457115,156.58076100653398,41.0280625378176,45.83029601206566,1427.935789499486,1,0
6.385481087491485,8.36601812985956,32.36363002029161,7.931823835812704,513.0873729966838,3,0
66.38728354936045,177.66895578499134,38.175687615152526,26.687482619443763,1523.166080062099,1,0
37.90614737730348,111.96318678223895,80.96016441637386,33.66681674408325,2819.1010274459877,0,0
16.98003023060038,245.88664721376176,37.431146216893076,45.582595679731405,1655.575112758557,0,0
33.94442448212634,51.90407391669905,52.02845928479316,31.59817014651561,0.0,0,0
17.829609495077296,180.84942479580948,34.925847102765076,39.52444310418825,248.4772056954689,1,0
45.3271640550258,202.3301426945487,66.85548060198053,29.577496373256707,2088.788877223153,1,1
28.44427420597862,42.04700345290099,39.225474393071174,29.51721073583576,1275.6845247773804,0,0
8.980593310915678,59.823314227913045,48.04812219691171,31.28215875522446,1425.4197698964858,0,0
6.197901028445115,24.84925103819353,16.332357339143485,27.16413118721438,887.265824985243,0,0
39.55957977697022,68.95917615588108,17.732635275901202,4.701446353778465,2003.4122121999126,2,0
116.35056661237526,146.9007131551166,50.15346386643012,18.475147594550577,1199.0822867546508,1,0
21.076499495978766,102.32282722719775,23.49685689604476,33.67162261667548,1313.3867782713953,0,0
66.02535110824132,119.02805269155036,92.10173278669004,26.263184947669217,648.7766083368737,1,1
53.74401002359871,348.88264325908256,8.76953775775501,27.6628637672714,2421.6912981427695,2,0
134.08617619868696,147.59602583882108,33.99649402671792,25.149694958419268,1278.8672083835786,1,1
86.01317150779933,449.80190444589607,50.33401734535101,17.04602410902273,2107.8803331197596,0,1
41.80531620112004,68.02476731661434,42.69734124408431,22.603508085355593,306.4084359659821,1,0
53.50568759519473,201.73069452649415,27.91709086672162,25.39752383417108,3233.8831383786082,1,0
114.32892748977166,155.72452175938892,30.84144321009464,30.07714710812774,2777.3740385132223,0,0
25.501195976414404,40.94243018088409,30.18691845001523,35.900675167045684,0.0,0,0
19.785247627584628,214.9000616409371,44.26556610359874,27.291745636713912,698.062524936285,2,0
0.5434974021507358,37.48491459296422,89.03858179034847,14.555171164613709,1977.634391009885,1,0
87.59360493377886,195.13849063882523,51.5587459311642,9.028769401218252,180.2713438509959,0,0
80.7176738031259,164.29103217020855,73.65800978775047,68.96155811062837,1368.4059178366742,0,1
5.516113468993782,69.33587011958882,60.13952691656283,13.052774546031554,1926.631785976797,2,0
43.00229981594398,111.48438840152349,72.27724795964441,22.220624981034256,1315.2740880205165,0,0
31.179348664161928,162.94499185369847,0.0,37.75500453770903,2038.8387035370963,3,0
6.318375474465348,15.505007697556838,43.91083957703541,35.412909143485216,806.6700953981184,2,0
197.0422886118751,307.35875068183697,76.14270846301427,37.81298538842359,0.0,1,1
12.084211585809953,238.24014085280595,38.56528354501333,23.35924395701737,2482.115312165061,0,0
3.480055326070639,9.432573901213065,85.24946329739224,33.57837105959321,2475.8146536025306,3,1
45.17457210631046,60.33285962968565,79.67780307535523,30.920154963612955,4003.6366422883325,1,0
67.13620932495303,193.23707425815098,40.617385677450756,25.31802948688069,0.0,0,0
1.649070104427652,59.14667403720938,39.936729619072864,33.6811461265701,2250.8321093468157,1,0
53.752255270501536,105.42801036367614,29.727883152910625,45.8304832012606,0.0,0,0
37.99554220941582,52.725734856669085,37.40811536272405,29.66699664847013,3256.493281675319,1,0
5.4497449838344165,76.12772146829379,25.348218716621695,29.766792695346382,1987.8668336960095,3,0
9.468751323152913,22.998653713484416,58.576223608660115,46.02241552313976,548.0711523237469,0,0
41.963509777719146,106.70834709397505,20.87907013307133,44.420405397282195,2280.222474601436,2,0
17.574251281346516,161.80372247777242,62.07466032380444,53.759046614452245,946.9549922830641,1,1
139.28631509919768,169.16255277645934,62.56157393800497,3.6565464828063483,1800.416099551269,0,0
85.39120402026764,150.9351513509818,16.775911896321546,43.57678774754084,1705.960716209084,2,0
205.42381689356003,688.4550075854256,80.9963721265668,39.023700681032686,3244.1681361472947,2,1
15.033018972719209,131.0766043097599,60.272185888304435,16.71521403370102,3314.9259100865124,1,0
174.86939155616992,358.9791358202025,64.99396042889738,33.773818769982675,902.7346267264941,1,1
28.214297415654244,81.80259382255701,34.82669596914455,45.76682621636998,2558.105617996036,1,0
21.3486472639357,167.39050902800128,62.447582369462374,17.562616162719,1854.8401555702974,1,0
2.5830642606752447,6.718316631327596,72.52786899444132,36.63843643534211,87.3179329930881,1,0
2.7104168372532738,15.82511859282097,48.027832019906455,43.07030513596526,803.77161962782,1,0
58.8846020978852,81.58351983935728,90.03844918496722,13.934706562027682,3836.146099599624,1,0
30.617913977190952,82.02632744147746,50.881292698258754,27.86571461332278,1857.8544011046552,3,0
12.842878401807567,199.75761970431802,72.81571600904948,34.51452564963617,2499.7795795175225,0,0
47.59204929287193,90.09753087075893,55.8601761451731,18.05802741685568,1287.9556876330091,0,0
14.575008823830734,120.8863562728768,61.71043065713735,16.81270201359681,960.0580852806581,3,0
43.09388627103656,166.6451509067333,16.573354647304555,27.974330972058386,1527.2645076344747,2,0
22.25257667094912,110.48556377136151,57.421074764307264,42.02459575355538,1233.8959447537827,0,0
86.73651739398308,130.93521108138046,35.30049797485468,39.65601001788165,6.747068968401663,1,0
85.93367431283086,171.98459543575746,33.07203388444624,17.07880906220487,496.67454254596817,1,0
32.44220083708896,74.33760739694128,84.88206368931957,39.78251827673529,2207.8845144122306,3,1
21.60219394899083,30.362302328825578,45.72459503875302,17.460903357502374,1119.309310897589,0,0
22.51474024364912,515.93743339306,29.933963380490066,5.847453030098485,1525.7048820279072,3,0
81.92133421825596,95.52420833104559,42.817367437822504,24.49284643429153,1734.9230504972106,0,0
19.888203081482576,27.39810611125364,23.990995421561724,46.844540573786034,1813.05004881872,0,0
11.726618780401754,222.53603159299595,78.6776893639254,39.8394082821206,2646.5790613153704,0,1
4.424533086434074,40.35446596230682,36.0863851166697,29.976422889402087,401.30418493146794,2,0
31.43291311554214,136.5000113184611,60.58599867887338,23.749417746134135,2070.2527235436246,3,0
32.90175432324232,72.80122242692507,77.12213428420651,24.153567958253532,2255.0277935196477,0,0
91.91385465563265,141.58217652270298,39.99694637570541,31.631773587911944,2485.8517790015057,2,1
12.502534699439355,42.89898917073303,60.64044864545572,13.973437712312567,87.08240058512752,4,0
23.981795446533663,65.99561971041535,29.3982789019114,24.778389821980543,1754.8192183469982,0,0
82.6187683183126,135.50082500883718,98.91539138227368,26.766458079603467,3216.0759463985173,0,1
86.75674960755782,214.2020238067587,68.72760269233244,9.733883123227535,1400.8794808433768,0,0
24.27504071358549,95.92403099795158,46.14787122478388,17.423276236536374,1983.4947019642914,0,0
30.728263731820928,318.195223081328,34.54332538222072,36.15760187229572,2280.395594585185,1,0
18.069006287531842,22.34727218245491,47.72006894320747,30.142677599114915,474.5301556017396,2,0
134.8220512698952,204.75232451189024,43.200325552969616,25.368573132099257,3333.8247289999745,1,1
6.314669130403347,94.07572138393331,89.05889107999013,16.32858843693054,1999.5007969689036,1,0
135.71555523709793,388.5349559117757,25.489305555701954,53.65274738383825,2019.5028141934263,1,1
57.57952669500004,62.62031887865017,52.69602846580407,17.430311779810225,0.0,0,0
37.918659851665666,123.13285373792944,49.6332386673258,33.77389210892606,2294.544798213313,0,0
1.6602135752814144,193.82192639421393,47.65179399310261,22.68196367889307,2006.4103413791372,2,0
32.27466325735994,59.972318496932324,47.82766690123315,30.544189389575028,3124.1913277220638,0,0
26.191161814533487,235.1745764540421,47.67858379759033,36.864146129105585,1188.7347856956465,1,0
8.790270372663537,10.712977414723287,67.461321326642,9.446151161881712,512.3416704015583,2,0
53.415251945765206,185.26186357709696,62.1796889298487,29.90075633769768,817.7610052256668,0,0
177.2838368881519,447.7592326099391,58.378232227455726,47.86092973469768,995.021764992701,1,1
41.29837685176118,148.3585039446012,0.0,56.422528402380046,381.15348186862616,2,0
62.72003882624176,120.52868913879797,55.99589748326328,28.049790401173034,2790.160023765993,0,0
3.5452949668158547,8.137230584934136,16.887212796598348,30.62521810825363,2827.697862931667,1,0
27.035641137150755,279.7508735163496,62.926403262716505,63.169995429023,1304.2082988599448,1,1
6.185191239833109,69.72892518219501,79.4899473514103,47.02386422398797,1107.240077915806,0,0
47.44015841541464,50.38270419524827,31.47521774822898,20.740731461171716,0.0,1,0
139.42140179522912,256.48199767028314,44.764385553145864,20.715248236708156,2195.9612553036045,0,0
54.20260016915132,119.94919054738702,38.01288589894006,44.34824192680903,3153.440108825843,0,0
3.9956342567061585,17.27398063228803,74.70863551513602,14.834443049314041,862.8052827404434,2,0
21.899379219915144,46.0138151931146,51.900557705441464,46.3159012700828,1383.2154742236019,1,0
39.99914802101498,46.66556514281876,84.56658761132667,35.01449945626513,1934.2914613157309,0,0
25.809311318943372,111.20983437621594,58.275084058947755,37.765811460406084,3224.418360609906,2,0
89.68126358031535,186.97517096460592,54.84900361271639,26.1489929477992,1699.7762218350945,0,0
84.28113401910903,154.7509574756187,51.364135652056724,20.55262793630385,1695.4299160265186,0,0
47.315725948509915,217.19846452631592,66.35984198514673,51.92989246302481,1679.3185011598032,1,1
23.376969010763908,220.71145006205032,15.246276035093132,26.298940791697877,74.96749309632696,0,0
14.741133548511467,110.35464063028274,51.7068791104102,23.835973851392076,53.20934617013518,0,0
5.59544650176805,6.879300724525938,48.5990711254407,28.797943981802863,692.0048308851274,1,0
21.91731722567041,140.7369927920177,64.50837654315532,32.895331990769144,2512.8905740373725,0,0
26.651219939284985,80.77956851467766,46.24596788251926,14.537623099208272,1164.642929454007,1,0
56.323269251249144,139.69243329552657,29.2253113167466,21.526927586896328,970.3959511977073,1,0
53.67059868281257,158.39047040960753,50.14701349839398,20.729518891409132,952.8253958562323,0,0
3.6343489389965566,46.749049379618334,28.34318942263313,42.67920456910272,1362.3431215273226,0,0
25.147776669135357,274.1579951991484,11.494755748250292,16.71056148000166,3202.1079341016402,2,0
10.031132271889609,24.41526713308447,64.54244962970986,3.663482133629195,1348.8026143028785,0,0
8.528308464195053,119.85374693622447,61.58123145389341,0.4935815564076904,713.7025946251417,0,0
87.81058708598181,88.24749814950212,59.34181887987149,7.944297979864242,1525.2456290816328,3,0
2.140950231550728,260.7035526607213,76.05856843891623,50.42307304272167,3255.083605761537,0,1
27.165966613329324,39.10110809463846,36.699362193921495,30.243098992260776,997.1752810643841,1,0
9.208382334480893,19.17762443195359,21.3777171445749,37.51873630210804,318.99499156905495,1,0
105.73487596197597,146.23254366081926,48.59940446383911,38.04731590681994,999.0087302695829,0,1
40.713848260355704,87.48507965807494,43.04999400588179,30.842758775884803,1628.763736348433,0,0
13.15797039000406,37.276003474937966,33.154085664598625,28.878280550230375,2188.24095082534,1,0
34.90067883069041,122.87767488983432,48.40301693024408,45.66789644727211,2506.883578682246,3,1
65.74267822364975,124.24626106365784,37.76789707590831,32.189938714689596,454.28272603767164,1,0
158.64496757970014,162.12229062823147,13.279894332863378,50.986462188951215,549.1546655409303,1,1
12.451666157664185,50.96676000947286,41.17646618412479,39.31244917934799,1176.73774061251,0,0
108.65762977530828,274.9588596778822,27.272496665922855,20.73305589778458,2184.493024696896,0,0
136.1359487981032,253.15801419015656,54.63296143221845,22.542989641950957,239.99210234774455,2,1
124.09787685418448,253.14934367500524,36.8793048351869,19.088027903185807,892.6730895823029,1,0
50.44968972670078,170.22123996818016,72.23262948282104,48.26322032926073,907.2562705880521,0,1
49.68838365187657,86.93586890608428,82.07732134535732,23.92423570581671,2441.7488553643707,1,0
25.809552362416632,36.30826890711635,63.587627460238124,18.02290804800551,2028.2607606644374,0,0
69.79660926578272,101.60622657533582,18.9794763603336,34.796670616902304,2403.71836104992,3,0
37.88898059611326,216.14039463667643,80.10391997758079,28.542493404412454,2838.6779742330546,0,1
56.573006699104276,450.1574451026524,81.51440900747531,34.41852768862746,1194.3499049109196,0,1
27.970856970137053,96.0624882684316,50.37581022615881,58.34720855840765,312.59384514631824,1,1
65.7445597910318,66.71933077647799,76.45852320671064,43.6960620889329,319.03638215297997,0,1
86.99769781963522,102.08519764213841,38.96649723906644,30.405158314528595,0.0,0,0
7.916752741484376,46.789436816829195,12.675081303008213,8.873649236909873,1041.2331703338073,1,0
89.46703451395797,175.88083549482272,34.79431122756813,22.500562541870465,1115.7773851682616,0,0
38.85868158458977,46.664960114904105,84.58601732089514,40.665691538179544,2287.553406805048,1,1
93.1088528217467,380.2080666682341,20.17840152777053,12.434384405072755,1516.9142171766039,0,0
28.22026125488418,73.64646702723904,49.99042563862989,62.11455444495531,1009.6715556573938,0,1
23.824469651369423,267.53241361931447,50.68287786680425,30.21624843953323,1384.0012738394141,1,0
123.29093890356795,274.9411769625226,39.740515120643764,30.732725898142274,461.02651628523586,0,0
14.462115619560123,155.29046050386916,41.1295680032577,20.00032210563033,2525.4065707512864,0,0
92.96306291709907,186.28630132808902,51.44498268472405,37.451066351635774,714.0844371904915,1,1
33.08441917498218,131.64416400296767,38.756753161305454,12.629972902166521,360.06872806410433,2,0
36.08715291089026,137.69915333666634,21.558830056641376,62.47338883652186,2317.88196670747,0,0
18.442312989449157,117.52256497446481,54.30063885886912,49.76026956978017,2074.1642083638517,3,1
42.55350505635326,123.2362216461441,71.46733164889945,44.76444667795569,0.0,0,1
19.66777602199934,449.5394548870343,67.39145037306842,9.143564913152858,2355.0016347102223,1,0
2.0030628561363373,133.7883722022324,33.805290652203766,33.08119905686626,758.4073609059435,1,0
15.872615752575573,165.90692831459492,24.975441692446484,48.13629597021007,1125.8954724360801,0,0
0.31997382229143656,206.254704872456,44.316242356904425,38.89658099036609,1687.0201076939375,0,0
191.6485480076762,215.93723579209342,81.35583019591328,14.968363430493376,2086.6248826168217,0,1
168.69936262375717,177.45187632830033,62.911961579190915,20.24859367037017,1945.4791746875264,2,1
25.139177196934487,91.09000127570538,64.07929353588467,23.220957929910142,1450.1816690939975,1,0
65.16587890408428,137.3371498277589,67.79713903570989,20.94843248267089,1075.3566710840894,0,0
21.217574292857034,197.93310714792963,58.41533125037173,52.93168253565461,1912.2206935654472,0,1
55.5990360274469,114.25881748474745,52.41217095227157,1.184802917651158,1381.612162655772,0,0
81.84817523676712,166.44375732962118,63.24613793295936,39.83878709488255,3305.354459125924,2,1
146.64373762425987,221.5247253695842,39.07667791563961,10.615449376073233,2086.409009969902,1,0
25.558973972415767,29.454138418735255,21.710739772673584,15.581227688233984,576.5843750096452,0,0
76.46160312407585,171.96863047506378,64.45993869248646,0.0,1022.4000486263487,0,0
15.457438820776304,191.50868835267215,74.7547621149845,21.76418353261701,1548.1921772598296,1,0
231.9482619614794,249.08648869057046,27.635361212879374,52.6609747730882,2799.4312150704545,0,1
1.3053725868436596,91.52732578764693,66.438429648318,33.97236363697167,2911.105009112135,1,0
46.25759462519728,136.30192752867907,83.61531426776381,12.024576795013544,1103.8652796344356,0,0
53.867886040240585,71.8026799650226,49.95507596485758,45.25721511568969,566.365783410557,2,1
58.24490590486503,71.42260757546444,33.63995630516507,48.46956395353028,438.5023587938126,1,0
6.413694948500309,397.8760482179208,52.46037347053511,31.560697215586284,1752.42875721578,2,1
139.46012527945163,189.5013236637434,38.989320635985976,60.52123737228885,3803.784309217493,0,1
9.994750205818287,35.796945536041186,37.665397800871965,42.32346186936921,2039.0941042551021,1,0
48.74281012770189,67.53547908642305,58.66368134543085,40.23978760938882,0.0,0,0
12.594906445104131,122.73704356493943,17.92541049940209,17.94931939250565,773.9958967539987,1,0
18.351880931945868,112.37060451637157,21.121421550155457,39.41097728432011,876.085798155087,0,0
39.53342975723864,142.69015549278748,50.385817607478856,33.2518691640674,677.9974798850919,2,1
26.99499559696459,36.20718540127263,49.55382922175138,37.7974350400654,1112.1061750657798,2,0
8.73109979039669,232.72460721569294,56.871091540798716,19.73121571288004,1869.3948610199418,1,0
9.37292053855441,58.682362159643766,87.50450776966777,31.9214832653848,2181.9811693226466,1,0
27.076681955641767,64.67256604394211,52.09028072151642,17.74707749677563,2591.7634909166436,0,0
70.79295169368646,132.84982965724768,61.96344300669589,0.0,2024.2025730471778,4,0
114.12179631090615,163.56225952935065,30.48934128770736,44.97456852867575,0.0,3,1
4.39391466498047,203.59340957471272,65.35875327033074,7.4641652746572404,442.6954124686865,1,0
24.96988423583337,289.8456723322452,39.472182697786444,31.607796971736242,1341.9059631408088,0,0
5.281670073437333,41.44370192615452,51.428416651621866,34.9950319417356,1647.279855767479,1,0
0.8365838868808264,200.29943395028073,47.82302749861677,34.89844523794582,2361.418359876257,0,0
54.19387148993198,206.30138409355297,70.65948469828062,25.753813896026248,1543.1841762167728,4,1
46.12165814772763,313.20818760166776,23.80046891250001,34.0681721291996,1550.7072538636744,0,0
8.897702242621856,37.10088372716743,4.335227307699213,37.06450604677743,1737.7973631390594,0,0
13.316439793397283,99.34509307145734,45.73134605824151,41.02447223627977,1244.978261218798,1,0
1.1996652324404327,33.29523146824393,59.37062513810248,56.00162009076394,1586.8851398778115,1,0
90.07449453855672,263.8553251252143,53.04538751615,33.51291227247308,2625.8321790117507,0,1
183.82896273127105,184.3628041896427,74.64408474827823,30.96073267526553,1416.089101215997,1,1
7.2778584813495435,90.47722015909909,58.74745348359337,16.39906551974859,1469.7872732157166,1,0
13.164123188918737,54.59504812808192,38.7230333628028,36.539194858490056,1466.4145952328104,1,0
101.40303165636087,140.36472339192858,3.491596917206394,40.010746547108525,2797.773813791169,1,0
130.49887246049576,234.03623724840887,45.253755316095635,27.115452235775592,391.9466731705577,0,1
27.204246914178963,217.91080769394804,70.55918004515595,38.169187562760555,3275.846894791195,3,1
2.5974371557295006,96.55219376904054,42.15904434665771,25.612257096759873,323.61814548448683,1,0
2.0094344265427084,193.85944548417828,50.56640527355528,40.06488978133386,845.779738672241,0,0
42.65991271765617,73.39359100229674,58.42720508613417,43.68903471044615,2244.73826971532,1,0
24.952685018443056,98.2458760836472,29.694152515003683,43.47941800095728,2530.3166954736716,2,0
1.453546083980355,61.334846330668064,62.46471793277635,31.76766489211951,96.50098300151194,0,0
43.763724888488284,44.935048123429254,82.74243580003412,14.40047772574423,407.29813675291393,1,0
0.5683447831209116,81.94449905388839,46.54373296213188,20.821304210372688,1777.8428094718479,3,0
77.41054610960923,185.7408508937618,27.418711563353963,38.927359858270925,3844.419387763796,1,0
18.295358843611613,107.92319219270699,48.66797945956053,66.73218458610341,2746.2627809986807,1,1
2.0545391887733704,135.34123528216506,5.512317827822628,24.889188427018773,1251.9029503681897,1,0
44.37936002857341,129.088371531068,56.73806527953232,36.8375651758221,0.0,1,0
25.348687125828057,32.256930552452616,59.04548755297158,21.65921163780895,1581.6427344211593,2,0
182.10058226649917,194.48081525745462,83.51272587691125,15.390494336263489,1862.2968036465536,0,1
39.284911389096386,130.03649023001176,46.1201041486675,19.85526204633956,1117.3048589171965,2,0
16.095679171834025,48.251171553164696,58.16970676292941,0.0,649.2760094534044,3,0
61.797063803355975,70.0966592036999,32.77423795228198,50.30152594361626,1659.1652603213884,1,0
15.83783377143509,71.98005573003715,42.871457589498426,0.0,557.7388061060392,2,0
117.29722948735801,198.11321976424125,19.49629126675604,26.042576543990506,3372.4486608087236,1,0
23.47794404863573,63.33870972753553,46.10420757433529,12.328081569749184,3016.7447975338173,1,0
39.910782807304045,167.3623641248915,43.893816929628706,16.73429676956693,2157.912631592761,0,0
2.5948371804906176,105.81287681791419,55.98399532177792,50.647839896080015,1589.7105691193165,1,0
27.766856045822628,68.23615083963085,37.52806239334721,33.01600485047088,839.8359133864401,3,0
89.29787854022801,229.895569897455,51.666907019501835,15.519057612274493,1479.2128161090989,2,0
81.90442374357613,186.51448454695284,43.332398887846686,21.157243012552335,3139.2971352072764,2,1
12.70066785346775,114.15868151741945,43.370012234009714,18.517781693368715,2368.6540584366285,0,0
12.81427847696821,93.42967522145197,51.607246519260606,29.34681491881679,1703.6922784764595,0,0
84.99694460871767,86.142447319761,50.8104588463402,32.59337527181539,2423.9743341675953,2,1
133.24840065913938,252.4881344141202,65.22348078103278,58.4336215984284,2045.610663380828,2,1
5.0109611431876715,52.17814972187135,47.587139317403306,1.2554885100343967,1896.2775398868719,1,0
29.897181178911147,315.6851968283099,43.002293017539934,29.477815278630715,2480.5632589915353,0,0
20.58328553094283,190.94977753153904,46.38385109825548,25.266484611982168,2017.0276448247578,2,0
102.27653561256953,190.87559817845096,35.70671766318015,44.19822791575174,2358.5514701033785,0,1
4.361019833273402,33.42058201427313,42.80177812866657,35.322271772675904,1661.3870496345091,0,0
11.857429694568054,34.63754195221689,90.62317426146463,38.85543312172418,1245.8741768098964,0,0
69.81083881060721,111.42070895195266,31.74642478608266,35.17629279022624,951.8371210598511,1,0
2.632808448768751,67.3676128745675,44.42687332241381,16.020133120746905,832.6903945290413,1,0
33.91641430948137,69.02341242812987,42.250226734606194,48.168982447395194,0.0,3,1
29.179407671138495,101.52551049965028,45.05656775511201,41.977573569235034,588.0600531883356,0,0
20.353408039696877,38.430135632729375,43.3752138224321,43.73294687587114,559.1464704178188,2,0
25.091007693553884,405.46534087439125,55.58480202441999,48.96075255760747,992.6548040159639,0,1
37.74480907402323,49.16526610833586,15.796497972164111,36.2651265097794,3062.2442106382914,2,0
8.799126053415916,277.541769589566,70.7434294506401,52.21488606176239,1342.4380444462226,0,1
42.431122663409425,287.28243645312614,62.65165599284394,35.66459357679962,1741.7668898843099,3,1
81.84876275486991,156.36872997071603,25.142568278737304,26.71412117963087,1773.319644511927,2,0
71.389356067275,200.45515109750193,4.618454540951973,29.90094134274953,3087.5809128423666,0,0
8.355880520494448,65.6345471059053,30.458557077171978,29.642343477958253,924.4145461547085,2,0
8.08181711588561,107.51639016871101,45.14667077145755,22.209130168641856,1277.4779197419384,3,0
15.610650034924264,57.249495773249535,100.0,54.478332725553315,1393.8006282258166,2,1
22.398388703682798,58.23159457828386,60.86513929948546,34.44443048255501,2636.5348557747684,1,0
26.2509251776947,112.58038820156553,13.84820701637085,31.421077137493597,2844.105693754455,1,0
56.924426657757564,125.86577743446081,36.20688990198112,35.824113823896504,1974.5838196939444,0,0
2.9175084760689614,89.5572378319979,48.93575127454034,74.6978177510572,2732.90937406188,2,1
1.7644034271014832,35.544196303570985,55.07367108596194,13.024137171005108,1677.6609964689892,1,0
24.871665370648692,70.59348963603708,23.705022793791542,17.324422324255863,1327.3967523831775,0,0
59.728142876654054,68.49089525853678,47.30019544045877,9.291434738295056,2678.724086585622,1,0
10.748560735327196,16.117795851678856,35.647217247789186,26.511011423467707,1987.6176752337976,0,0
51.291955951901315,80.52217947355113,27.92482874795367,33.68277664991041,764.4693340924181,0,0
15.04364368611164,22.75841034876877,55.191912933979076,23.02016222488384,2497.420938124351,0,0
108.61562282352138,119.57196845926052,65.47754346885645,21.90409802772345,1291.5073689797205,0,0
113.01937549945613,280.6457631537911,66.82082553923239,32.136072999421984,1169.1764772757956,1,1
17.64035057938895,21.60529557390127,61.48772702267752,22.468382627554536,2393.004368199712,0,0
13.067832621562808,120.63833822621748,40.052609337194745,34.652637407742574,1411.167859155087,0,0
26.492265507650142,58.314331797871866,64.29099522927012,46.71351520113906,1888.9585360402898,2,1
13.756827230918525,218.9750202050304,56.18108876208576,40.15545704701209,2161.9395840707994,0,0
55.795630490897096,122.15297019366784,52.67883765904026,43.215200207478034,717.0569207276156,2,1
87.45358995806876,123.92091150537232,37.76613756596403,46.28877617260079,1884.8505646822018,1,1
55.90384468442902,128.81007961282455,40.062477453169436,34.242422401780544,2849.4731052616235,0,0
86.96322232633,135.08311167474463,51.47773872249108,27.620384609353483,543.5328562603898,0,0
25.291254217093474,108.37163316173067,98.79748933971003,18.416203936752066,1949.9088888312278,0,0
8.498920631877976,20.662914714790194,56.0248496018278,24.132327545464186,670.5322654197124,1,0
66.96117845359463,647.5594046070427,37.77622995499428,22.144717009846584,2521.3976838403983,2,1
22.351439594779684,77.78668455511584,33.35221110061114,40.97508489931367,2511.9055837497713,1,0
55.626052210061786,98.43250436199878,40.16466774687594,35.201738318912945,1145.6776597509013,1,0
15.779662321674778,139.6394856037655,93.54586895098132,40.45136794071452,3709.628652190863,2,1
4.235953125196914,49.47580935130473,42.01486708108076,12.594947158497728,2606.6253091372846,0,0
245.19091152837706,424.33144773877,68.13741069220569,51.476242263616186,2206.928985136169,0,1
8.492078318230082,69.05530415468986,42.48143509057287,23.595294427398564,2150.6108961061354,1,0
222.92808225093893,350.0670645150776,55.22369082559257,13.499750368880061,2483.9269092062236,0,1
189.22533585537516,200.59297067033907,65.83490548017444,23.41173352767281,504.35759275583996,2,1
78.94982545309381,266.1075162915614,38.56194300380152,67.25648988881262,1694.6075984610243,2,1
53.85569647955132,186.92954788839307,37.177766916944606,24.184247002626485,1883.1903853773274,1,0
43.11464212746629,66.90442567786928,83.1773938891066,25.123552927936117,1099.8639366974398,5,1
100.53367838174587,116.23251641477896,69.69185789791594,27.11842979055486,1964.7952694439655,0,0
17.085060709710604,55.10754702401394,65.81344637381457,27.77069424852817,2731.694300434006,0,0
31.525637222570445,404.7903239010929,65.74552586245828,18.277859012981185,1078.2309122340935,0,0
48.29899848381275,77.98225618397348,59.19150976622131,32.148196248091956,1445.5756996286943,1,0
26.482626810245048,87.38661675489037,90.3555162635013,46.133923622974955,679.4147041460554,0,0
27.885944142798053,30.93395003850654,50.87816603754314,34.714339732180605,0.0,4,0
20.045126687582965,70.6666749634628,61.54524734401839,13.332520516500217,2278.932180520511,3,0
41.532243333679716,126.23670284755912,20.981741428119747,24.834811425994374,1474.2662051607524,2,0
95.04787628013318,401.0741291030316,33.50078626817518,21.727088998475555,1547.5794171527878,3,1
11.252792555119296,83.97202093451573,25.98362000329919,30.794092023522015,513.226381826473,0,0
136.23416747176256,307.21930606132804,75.48127167032298,49.956775073434756,1314.4964709638093,0,1
58.412212568912004,137.62670905685974,0.0,27.766758059686754,2596.593789182123,0,0
86.65751567050782,90.82152080712754,41.95379954494555,28.677676966944137,1500.8213367794601,0,0
40.61801483558453,78.45286697177409,0.0,56.66467228229144,1529.183758055413,1,0
75.59666651918515,161.29265714456335,33.3742420903622,43.14308987507491,1707.5282778634225,2,1
0.8166529251670323,301.58492443560533,40.18102100536267,38.61121923159803,263.6178715935439,0,0
85.29205127799828,281.28408662749024,77.69742187588088,59.371974229526636,2124.920464102357,2,1
2.048332493146243,27.971480014412034,57.93255878442914,37.347168821910195,244.80188508416927,0,0
110.32438677425304,135.18460446722435,33.33716953342068,0.2020928703371645,560.3844187209737,0,0
241.18339752657155,263.6444811408386,71.31927439463652,42.48998636820541,450.7852309928353,3,1
17.411780077289922,273.15809022391164,50.35664509059515,6.1198731432202464,1324.7750333694544,0,0
11.80628253236455,203.3117025167342,50.75133717414505,36.78008052873672,1147.5472964621424,0,0
72.48585953335794,221.599552739204,25.94656984456016,4.2938463880614,1498.7749616917454,0,0
14.586267837357859,64.46528763514499,30.199725721937213,22.99716884400121,594.7438402235567,0,0
100.33275014712986,170.5274697434499,33.498054001089514,24.54323205585193,2505.4953203063783,0,0
5.426197488699128,67.85022112692492,50.92922546308379,18.4482133915237,2334.0275687263306,1,0
6.731182095832186,35.95349987181741,51.5577145396135,24.767220042132,1326.1864871082796,1,0
193.52379593401784,263.84921362451985,80.8818532704809,45.48842580540828,1021.6332834120619,2,1
56.01819212974186,59.11531648530643,57.70110335875668,19.2907063176067,920.6425066548006,2,0
93.8290266937688,107.96353914065921,0.0,38.17711319265811,1189.8550049893206,0,0
19.602478314211716,237.27669304969564,55.25283975743381,15.515255405890496,99.75477124882332,2,0
56.42529664908359,195.72890702996898,20.999672876649345,27.157506354118063,540.3926877881594,0,0
45.09989653028421,100.06839432225601,30.680581507769272,34.85758899491175,2360.1203919849663,1,0
46.209860306817895,119.01485859408231,33.7566105654734,15.052073750721604,1801.8124860758687,1,0
57.36898503200989,103.57235416007248,36.73323352975396,10.32419350633965,3134.2744859765307,1,0
42.8255790306091,177.83334348352662,22.49701215919394,37.37817225868332,1200.8048498306784,0,0
28.02376517463886,181.35814692525364,54.069640069045754,46.84620599010958,1138.4867728931326,1,1
16.142855828953255,160.23277549150095,21.783954298180817,28.814024707689416,1092.1010754563517,0,0
73.17633943115004,201.41004331931612,57.13335214499694,23.140306401649436,1180.8355167818313,1,0
12.82677220495336,35.705760731370034,94.73942154123259,32.335130815325805,840.045986853402,0,0
58.94032514100096,100.1847626904017,23.412818821318723,30.832198781480706,1770.9882146872,0,0
13.28512498118268,76.74379326578995,44.30979391321556,33.64353811066877,1529.1040671484113,3,0
49.08550470250957,89.25168838885207,0.0,0.0,990.0854981617275,1,0
68.73375971781753,209.35906144120906,43.981294140597335,13.963435632510553,2751.1489130189025,4,1
12.340692840005445,52.29200710243473,62.85434305262967,17.321548418447193,3396.5829224863073,1,0
3.0907543652254077,17.967683043325714,64.41278462714534,32.26301442767344,2666.5772055734005,0,0
7.019096948831864,57.94186241011989,51.547274605681935,32.788168254333996,2058.124013083395,0,0
46.569833621608296,437.34521069284006,67.78526849517951,39.54270733026054,2261.769726263774,2,1
94.67180766855441,120.27482805497937,100.0,33.86372623815655,3356.415517826335,2,1
2.302030497882628,97.01792427682831,84.24609374875199,10.488973944189965,2260.3193157594237,1,0
66.24138874764508,122.97623327135024,39.54958141180726,51.705069263775904,914.8141474007153,3,1
20.875769546610865,28.24306812470889,20.97792027066523,49.07877455133549,1892.2725266505483,3,0
32.555020331688794,99.47398823862542,41.87697166852393,11.127040649596111,2126.244266063318,1,0
132.15495923778766,253.27629753698469,31.060344687653036,34.99057941561274,505.2827259640802,1,1
20.17122243871152,92.16551780769234,59.026950957292655,21.068634221354763,1215.0691813568221,2,0
31.30592567736234,236.96132383541294,26.37612921141004,32.08295983800822,2600.391824055466,0,0
0.6888440838807921,34.78827097744993,48.54355134819316,45.79965419462806,0.0,0,0
4.256042984742579,13.275779084830038,66.76028109072621,61.95156399481438,249.57145495940586,0,0
14.96018232280249,290.7350984943683,47.98608254365646,41.26916557713915,1323.5929463716723,1,1
1.4123735229361165,48.925464579066364,31.07372354504407,34.42402102665204,1853.6795955057046,0,0
49.89881481727823,135.79669189281654,73.49628115171384,24.902682475375542,142.36755505109295,0,0
27.791006249478595,184.81422913606445,12.420381104923457,32.732023065167645,1373.2107483340587,2,0
39.71971978668128,78.92235083031586,43.44409888245074,50.39657839992471,2653.7685390885663,1,0
9.59721653030698,135.533273379805,49.166799532373304,29.32936864860622,1568.6514570742836,0,0
17.544018919447144,32.095029795939766,50.31817316799262,16.708310229785248,2439.0889436311304,1,0
54.506092957435605,88.93750798717757,53.60992112156163,5.704652017250602,907.8858786649967,2,0
168.05470429497532,183.68624729848756,62.20879639618986,37.69571801115376,690.0831432108183,2,1
2.5866049851739885,169.30949441619578,49.29185121909298,33.70932188441609,2348.8738302850475,1,0
110.5387428405059,135.72510241709813,42.638834357126385,20.31137740106555,1869.2655346561899,2,0
43.00511457011099,169.37865355636615,41.848213106806085,45.39021188560947,314.40399222554083,0,0
41.496428636456805,328.49170877400695,37.76968395923291,23.673347034185543,699.159083837211,0,0
34.68522030984194,109.71460050078198,65.7508664865373,27.98033862262807,3064.5812410574144,1,0
3.5959692224530633,81.25519451735667,37.06943041046971,29.750038000530846,575.4447805306839,0,0
4.708768043237807,66.51896689195075,66.93542218016489,24.73570886792868,2434.3287467259975,1,0
45.928667460587654,85.36488639598963,50.37998164519742,33.537975986243566,1021.8133027663004,0,0
20.848444032609997,85.40899136669992,39.574903862877406,47.27272718899502,1496.8241432328687,1,0
124.60748078922748,216.9409118293976,62.3681443148827,12.862771528223657,1794.5926209433724,0,0
26.093531238687305,452.90314550656825,35.450921505537636,37.327802077110135,0.0,0,0
7.732291877534686,285.41535743980506,62.76368081456425,32.58238004409662,37.282664572700924,0,0
62.714001795878815,260.87506199344136,54.254522423835695,32.30645744317059,1586.3330187871627,1,1
17.361231347784894,237.30140805161923,38.07350621816158,43.07766854811136,775.6924362161197,1,0
37.271554309504275,100.35438828586967,60.572696306691185,30.73946137825738,2496.5812952746223,0,0
59.838736222849775,166.97084483309484,60.93179451377277,37.20343892858554,0.0,1,1
115.2614849452147,340.7045436800212,73.15039211619916,40.73796944356721,2065.2550562579872,0,1
78.5568413893404,128.4713793064842,69.32294024818592,22.4345219942909,123.77877959567377,3,1
56.40633958087998,382.800139899747,59.82548041452566,34.487751912206974,1147.8950058555713,0,1
56.91443173395632,110.66323485033678,27.448180975824737,26.238185891840523,435.6222357620361,2,0
145.86883621545695,237.76894271485125,98.97173976348114,28.009773304201566,3402.429880471198,1,1
17.536354626184046,141.2564726388127,21.927675778563795,25.16907905282502,160.5078370299641,1,0
0.05563565158914325,300.8199545748002,68.98526348564619,37.06620606145329,1377.9403046309767,1,1
15.869590716216559,43.922531972028764,58.62567633772597,31.224670635273807,0.0,1,0
12.288082367478783,149.38176309948045,26.51715255037771,35.91816051475011,3099.5701220705896,1,0
54.21100550295199,127.77798130817864,47.51398122243002,29.73723955656377,1901.282416177205,1,0
50.21671385451762,81.49033144321479,48.42494227510719,5.938184812945128,1636.973089598668,1,0
45.00381775050319,194.88601871354126,76.11165431621046,30.470526241495627,2974.3129392917253,3,1
0.8188407087170259,81.16467378853073,35.73378199439577,30.953069327352257,1647.4224414226123,1,0
65.24089030112637,173.4086852372469,44.761099871512926,33.638939057301904,1719.5713561410769,2,1
19.543389400724234,58.53717786675392,3.2786078995747374,21.09406209471387,1631.7252880651515,0,0
54.689594624407555,120.3275326945066,84.69525586247154,12.067954250017323,2063.6343254431195,2,0
40.661716639259396,136.72628215182,28.590635139598575,39.36909967341417,1007.5586160787375,1,0
20.983089700116714,72.88748896869,56.5382172847835,25.895901651987465,1285.7126926366677,2,0
7.22680136876162,29.337930624888013,47.97184340556272,32.56866071527494,2310.334628457446,0,0
4.958921965445033,331.0342082783583,48.0399806643332,25.778098801675565,1777.372951557882,2,0
89.04641684810152,160.6813529963985,66.1972396974175,29.909072613396077,1385.7560858978743,3,1
125.2947947958093,257.6907603137067,83.42524920607269,23.260719780962877,99.47760896928776,3,1
52.46083635576149,105.40175869812862,55.02987339883983,15.478746162692579,2998.0502845365954,1,0
5.459174856321205,49.33010169298512,63.10156035261052,37.105974911529856,838.5458900492293,1,0
25.710501962915,77.99430011849915,56.57783073454082,20.9531986766082,2487.2372384192568,1,0
65.27060647052451,117.89781122501688,70.35062847861252,32.45927221342216,1675.7536516880855,1,0
75.66569501452845,154.23144887433438,40.74167241027346,36.15690332853117,206.54947727012973,0,0
6.290556238939529,84.70061412831546,71.50781108832828,21.197809265953772,2752.275477530615,1,0
0.0015359658607904747,68.7486312290278,72.20999731294768,11.941715484405226,1754.5406463995396,0,0
62.26353829263091,76.74135381418546,71.65074017365819,66.39128420779579,2835.3453567370425,1,1
22.04913603739409,90.58201414293228,36.79704265327048,22.08342186081861,1317.591299264081,0,0
14.683755183333849,33.20880743674382,46.633247315256185,39.351257379017376,2204.0512299670545,2,0
0.6490682142417693,14.132095943339671,54.789339775608696,59.091953243551856,0.0,0,0
38.85899428401247,308.6378732883113,22.583159103419884,41.8486162028084,999.7841364062429,1,0
95.24105661256395,188.11535392201492,81.8984041617203,25.493357867586727,227.00666776872845,1,1
158.0676784886862,265.79877408336824,49.754469329956486,28.99325418697333,1125.2161499616082,2,1
41.706162304749725,93.08811747018095,55.678557752094434,17.510891703917274,1971.811739506145,1,0
36.12481699611379,275.79339855113847,38.45991120545594,43.22544640436613,895.4199123458543,4,1
4.444641954546507,106.03654873991462,23.462448812659545,38.494060620880326,2363.842093638782,1,0
39.80029713766818,186.4076176254133,37.91940229050458,22.28361272607385,643.3873564499887,0,0
23.90010289540501,69.8757292697799,54.38408375267177,14.367377893523333,2385.2366136499786,2,0
46.714497626958234,368.63178657352387,63.46857625507387,10.181493935044628,2809.757165874036,1,1
24.610527213058944,196.346971272019,53.2358308120544,44.797710057063014,2513.526135090986,1,1
13.741525333169738,206.12109798418163,56.93448032483901,31.805596934333412,1155.8109481702272,1,0
4.989098305246055,23.88677576723737,43.25947250637247,33.22476804499127,0.0,1,0
18.910869440627927,50.5139773340835,59.92497132490856,17.655770612064643,2082.1669967373477,1,0
5.081974269170653,38.71692264043739,79.65665732771814,8.047453450433906,1374.7652852846961,1,0
9.733693725394515,41.32939696845802,64.09578884877973,44.43920362067449,521.6070598726467,3,1
218.45022392779453,411.8342656216304,66.1908377650588,30.63058555495846,943.7209351295896,0,1
29.358662775402443,32.599081332683085,55.88032798613262,43.60851990086431,2934.425316444802,2,0
37.95065087010504,45.865793507962834,19.93689860800796,24.211003102266538,362.6597993898456,1,0
103.4225198062674,135.43132110086748,29.106669387375135,26.447732354447126,1968.3091756212118,0,0
270.955376474384,293.25385469743327,59.097516013276866,40.699472649309484,1717.9581756374037,3,1
43.699225889007124,70.07750270060265,49.781218960798284,40.98522119475787,1142.6123353367677,4,1
83.69184111100193,243.61247909115812,58.79685772945656,41.96348434028931,2144.532687313047,0,1
19.79611610881493,102.60729754826797,83.52846835688146,25.571981203459558,3132.2452588988654,2,0
18.245722456008238,18.824460045281004,64.52071998458668,39.21820856476302,1204.0284961138016,2,0
25.767100447724605,81.86024975555483,75.17772411485643,46.63649198215079,1256.8190519228988,0,0
55.81447001277346,108.21989827949331,51.8936277894146,28.428419824776984,2122.0649049902,0,0
57.3153437178218,69.41299948271694,33.855686450311204,22.297674543389196,2418.2428214350016,0,0
18.934302072868178,131.67924988419907,48.842676815713176,50.14121404975148,1372.2927928513648,1,1
7.147922927547222,128.24672104476014,33.90496372561724,20.183313996730394,1194.6262639063516,0,0
50.03748524175631,177.6535695387952,81.16589913544897,39.44214745671715,0.0,1,1
6.8669810042599675,137.2355940859235,65.80782153070939,29.12366534220208,721.9910876334466,2,0
43.19588638138963,43.20116921415846,60.41024993256559,2.376515752731592,360.6883279324495,4,0
59.11417437719913,366.8535451108976,74.71886404456207,46.9289110121787,2184.624996311891,2,1
60.300660292244814,228.61382420776363,9.598871709535494,0.0,1256.0970513991579,2,0
70.01400752795062,304.33565204389373,61.76275902685319,0.23807899863586712,1216.9783944610717,0,0
103.12309439492242,104.69978867992192,23.787084313912548,37.90995119221007,1490.943736377019,0,0
34.65325839263281,306.24959484709643,49.85488603068678,37.90606798017173,629.8235298746001,1,1
65.51283351620553,231.47471540119705,43.765848150655714,20.436302131836964,3053.247186688754,0,0
48.27046901619814,229.80551082308156,63.23473224193896,32.217331354548676,2798.1939116966105,1,1
10.329069449920912,20.12204255280546,54.563745779219104,0.0,3118.1067830476877,1,0
1.3012693165001155,135.53974623505468,76.90234347223577,40.60463196705899,2183.4172312388914,2,1
16.741576163774035,338.421099349374,37.96205678134773,33.74588230580395,1470.5218849780626,2,1
29.262527747851664,142.75302753150316,64.18228779266568,29.31535719999307,3114.729303006885,2,0
47.99984726871559,132.52749881599158,53.24446433797664,30.31262223206658,819.0331640870204,1,0
94.84244458281704,386.03612666698035,17.29419459856895,37.39881264289548,628.7910209669876,1,1
10.923083715377214,69.4307995209074,31.627670829539348,29.566477147532087,898.4884852301408,1,0
6.707996070995724,98.16061660533101,47.00243932955664,1.8891674590316967,2022.8712669142983,0,0
165.4946892492489,230.1856293913577,72.24584899783456,62.94498351783784,737.8948066123273,1,1
5.7169551053874335,275.7939637023731,59.27446115114229,48.01201229142677,1344.6270117820013,2,1
32.55144406058838,40.46493477843042,26.649983522385714,10.725830070677578,0.0,2,0
44.04180324119707,113.58071258322609,47.193675439056804,24.822941542851144,1981.0976654282442,2,0
38.976056681816296,155.1160722347068,90.3561289758606,26.459487147659388,0.0,0,0
4.497994544815265,161.47479111410155,52.22446669681716,46.18274349763445,567.838945134638,2,1
2.9358768793481183,90.40725450681545,43.45348849855208,0.0,2717.167134896644,1,0
5.573592452565576,245.1728194519,59.83479281512441,22.51487603355316,2680.3183169861104,1,0
44.044693404694165,328.76117458354713,65.2678615916394,3.5904533499374445,1874.3130895464978,0,0
39.30095440814525,45.94904551774139,40.87663305039882,25.723567262574925,1775.6635817352305,0,0
13.311738744306478,64.79017358654977,60.05149548742874,22.912486603726435,969.0403528457407,1,0
50.774367207919404,53.14822371818179,43.422210066583816,31.195411010740685,727.0963362577987,3,0
85.75867549232842,125.71940396903628,64.38655203658877,20.92688401486225,1137.7583022426204,0,0
2.1234049223217104,79.09776882041469,53.39386315942568,18.734649129142134,0.0,1,0
34.47070222438082,276.15244304067994,59.63935654105784,39.294850376447215,1752.4485549536635,3,1
58.448048745049604,245.88891543227874,34.816329076649914,36.820091114138705,1548.8311248084096,3,1
14.538470139077935,28.177701302645286,33.57427231854281,38.27097514167363,566.5787332897332,2,0
18.391915821910132,28.156547688711672,68.9099460931879,27.34649864263736,3068.6819188413574,1,0
47.54901370388995,136.53028724271718,48.412072372290126,21.42392126662216,2106.913710287048,2,0
114.10741444139767,190.0613237158824,55.70069484198723,28.217212769688437,2191.8418040088563,0,1
83.01667490193985,113.99276296475271,43.87209145826961,37.51743105102678,1012.6600739608347,1,0
43.74906909849152,273.4621531034799,67.97453548027288,0.0,1498.6699219736765,1,0
65.50774171064458,327.74052016681037,37.843800399406845,35.91167895556287,2127.372670187422,0,0
22.692537234359953,74.21128925970721,47.28797520198234,34.63707281002197,1652.7823671002354,1,0
51.21684365473224,272.2197658579396,65.71985625406263,30.932263591285906,3101.9007847698717,1,1
31.384977807308978,79.8275133104207,73.45935398328533,27.760298671924872,1296.212430583249,1,0
10.532109527205675,144.02261275687115,39.52481417946633,0.0,995.4394677638893,0,0
60.48919511776899,125.10452800627908,89.19367963911766,23.40220105349391,2134.252876471426,0,0
40.648887250415974,53.72619658871369,56.26483387387233,56.841580666160596,235.35272771348787,0,0
22.206782024312567,285.2243525827687,29.141434763825245,30.193519433524585,2424.2969323081124,1,0
121.14686572842845,181.67818871199734,57.38104097179936,25.390652419879228,199.28819940801714,1,1
1.0578171669846346,133.6669798816278,42.340015710330846,30.25359293385169,2138.5846660585503,0,0
18.97328830616646,64.72923659649828,58.68136974366354,35.32159302942013,851.7264458273373,1,0
2.9281616538810593,4.834301476090679,49.142875046793236,39.88230367034197,1976.584146983393,3,0
72.73450973382178,83.32950741295002,51.4854738038029,26.566797552630874,2407.3429460610173,2,0
60.5511220888673,129.1125801824715,31.76813246827708,36.373794035905256,1653.4211955039186,0,0
20.1248921450785,137.2316932551346,69.8012246143272,55.149762041420395,300.37904835932,3,1
56.29859393851313,97.05562517505108,26.877452656979358,45.09376199149073,603.2247554928481,1,0
25.20385781542645,144.10848698102546,27.824702091900097,65.10450323785469,771.3408589662178,0,0
70.58138618893652,190.52489420491423,57.347206982949736,20.148444624724256,0.0,1,0
30.27363692319362,151.9915688031229,82.0568849435594,55.14284261253023,2627.477858731929,1,1
26.575208594133088,94.4053717044101,42.948138058711855,18.13989540116108,1610.107585756329,0,0
136.46107357671355,382.8376244133559,64.01944645407931,35.30349220110695,364.48195481100515,5,1
14.442744656237739,81.61977846133887,71.4668035372709,40.98714793857149,2955.674857458357,2,1
6.417092083205719,66.24902078628965,66.29368874588138,22.338342121432913,798.6718998618368,2,0
43.91882162138101,66.15580906564534,43.77583421652637,31.319464162114137,1750.5724890748716,2,0
174.21016873840983,210.97727062470642,28.17906565611851,43.656916536777615,674.7294548037981,1,1
23.727836040856705,28.053507950660908,5.8490486865729,19.34593652532138,0.0,1,0
3.202226218904918,103.58753235706762,44.74319001075214,55.040751893214704,135.55944114873932,4,1
20.723168614733037,49.296332051018666,73.56174737124348,9.231050629089765,1051.5095691335687,0,0
35.25407098920353,71.51694202123107,27.51668030476132,59.09537164092576,2398.296871206048,1,0
8.832265259667212,156.15463067922073,64.0041969503753,45.01989202199388,1846.5331468192453,1,1
53.662173490006815,93.29603907985822,30.996949398962556,28.65411635508332,1640.2051261712452,2,0
304.827677430358,332.56071337778553,52.12145152773677,23.959976831449026,0.0,0,1
30.050234810604625,48.56973281898887,64.15583228310035,22.394576058134646,2770.0861476800947,1,0
21.90421042184496,171.00678553014924,36.81009126323144,27.963065396144778,1723.679696495556,0,0
25.599996218896067,39.49244520139457,53.40969361393828,29.272562076767606,1380.5823301078399,1,0
6.116641047236742,66.58518268219053,41.69817326549342,48.82839369951873,2632.4231099888952,0,0
107.39612782062923,178.10656408127426,64.10297317876353,59.52981150576876,2747.4967235682734,0,1
26.792272570050464,143.0721318136293,54.706343369692746,32.99069880981011,2654.5902476091915,4,1
24.49190482470711,124.80852090785596,51.13015348858535,17.315572680158937,1252.9135032967124,0,0
53.89495570383879,220.34809910861532,81.16699920283955,21.81410939045709,496.5234392158044,0,0
29.172810626817515,33.75118000249144,63.24612284736604,27.25363823083073,2488.922917142073,1,0
52.239379354967156,87.39969419282545,36.19296267747422,14.548168420548368,134.94555692958306,1,0
3.170759755536955,36.039795795586514,48.28272198404476,12.31587896838932,3447.2567386642822,0,0
84.02611555044057,99.81050366692142,48.482024298406785,61.45690818559541,1527.9995451945629,0,1
141.09227017926972,175.2256291063114,51.60639145250424,34.53920288919381,439.1157443004158,1,1
52.3150431653046,89.3874046442505,100.0,17.503002994794798,268.13144584338966,1,0
154.57464948642112,228.3649359113608,57.417037854219934,42.24905355536569,222.39517594394033,1,1
8.21027132820909,117.1867691853068,9.281948597904481,12.324808127897317,1640.362906720843,0,0
32.4484952548964,80.42973526646465,39.144020565660696,13.559819281934196,1493.6076799402128,0,0
46.040889922899225,173.1484331654451,11.352558250083831,17.954363984036323,264.07782649080696,0,0
43.58220073750817,84.5544171772309,43.404034859083204,54.8176992129755,1143.544213444098,0,0
25.663244742597886,59.952238172607764,10.253795405471429,26.206799013324392,132.06461390865775,1,0
20.630861888517344,98.54234795094253,32.568190578631445,0.0,2089.3018059441724,0,0
6.780908281102242,9.18112031594756,19.585569407317603,48.1509889976339,1445.4067338872862,2,0
24.85784428303406,33.1730864593475,57.68320355934955,25.404279537564637,1121.597494082552,2,0
8.876302587856959,62.99955278911254,50.01078725257757,2.2588799118239145,211.88926993247287,1,0
66.28173198274331,352.5991123248273,56.05924614997462,25.249747680548854,1199.8443997772347,0,0
11.71217994501808,139.55013174224635,47.90897222862947,37.81505844907355,1085.2721186536733,1,0
3.0175148155967104,12.24292290420366,22.114044995911645,36.06073749799454,1817.7267012095967,0,0
40.188982631469216,227.47596560304493,60.270427385094706,56.97622468747229,1667.0179781169606,3,1
45.22178070501361,177.01090141361126,88.44449120538906,17.208482061451043,2292.060102079342,2,1
102.75230184371686,197.1561497188435,58.18425157213093,30.700801803974585,1015.4234564949377,1,1
43.01698157094419,214.65971286541568,41.48150801364868,19.50646082132367,0.0,0,0
21.19272203863632,72.96261575835635,21.438656477891097,6.867106587191657,2491.0928765980398,1,0
81.23059321896787,106.26935697430575,31.838660584800692,43.282910584589324,563.9674869518194,0,0
38.856763145234595,110.60554342314992,59.06079313144118,36.9490435372128,393.08294698474447,0,0
4.129980773087193,83.72369342368191,71.4623605359875,34.25517674548279,1456.8834548862478,2,0
41.718323653730174,119.0080307000901,55.21732349443952,36.40185289887967,1802.2705129545168,3,1
119.30841514617269,202.56630493313725,65.99774579411967,19.717907209673697,969.1635942853172,3,1
25.234940346435593,322.2509806974581,64.15356488054486,14.9145736902271,961.3073185318731,0,0
17.571990836621985,250.10172129761776,60.130687827718354,30.564710582540403,1108.9736822344448,3,1
7.743265081481421,216.26270006814244,36.83052809477488,47.418171036174215,2916.5403509931434,0,0
8.21104956124834,169.86576736389583,53.47847023950305,54.12115703180321,1497.3219124418677,1,1
28.349651529765897,315.5739527207717,33.03244392235723,41.931490602111495,532.0371605382038,1,1
45.27741002215417,55.64633927947245,50.348579059162034,30.43761640152144,542.2166430970327,1,0
4.202537571378502,35.00778721940113,56.617270621338236,34.04675894099904,1249.1158204176306,1,0
140.31231299839462,208.64307693020913,83.5756761477371,30.17390788988057,1737.8579340280073,2,1
70.35212972685244,257.78007453763496,23.805360512647358,14.610849904508576,1983.9801619661905,1,0
44.16987454458693,114.52310886605487,59.630152619826106,30.369710673158146,1624.1586038472153,0,0
88.14072362234401,225.98712917270768,79.6247318324719,9.977597736172601,658.1266490829112,2,1
4.179231304027108,19.140652102376734,65.17695531677593,28.138841608454406,1076.0587004392173,1,0
32.39328945969932,61.48385745950593,66.65890885650083,54.54157665894479,2233.907881864624,1,0
49.72519996224426,181.3185180624067,61.753898037356244,42.342888341750275,353.90803954690455,0,0
88.2031995467712,106.20370480957122,75.96668979550833,16.153212236452056,1034.2466069225375,3,1
76.50120705942749,119.78832188418629,28.250436637752642,28.913563955365753,2097.4628578813526,2,0
16.22209212401905,46.99237554041902,22.28146668059507,17.484355323678933,2375.281426635176,0,0
141.40944351988983,184.4664595806142,49.873317190694884,29.06229347734185,1307.084628908617,2,1
6.639203107611319,129.85038811426912,6.7767579285658,45.61661724786845,1088.7931894291842,1,0
104.02555311912374,149.88796432666675,74.61291608356022,39.795119074648554,177.88205855625984,1,1
176.9200605080883,257.9473513239359,74.41430390990882,67.26216121118003,2025.6399227270945,1,1
9.749281834062135,20.277764470118772,41.33298889830948,47.88716103761357,2818.7796851467892,2,0
64.0185917276706,227.5032376348276,42.584588066789806,33.06000571616537,4065.1540585996913,1,0
2.0559727075366543,48.24184176109802,48.55305049698657,40.1572496119994,1886.4461835180462,3,0
25.995237827000565,130.55951314729742,51.04041300879239,26.963352387249966,1449.120348356019,1,0
36.312793627908405,165.55298554259147,52.543478383885706,13.087436293702556,580.1893868490927,1,0
43.451900055791285,66.98122136474916,61.16464213756606,49.58664867431281,0.0,2,1
137.3946089939274,353.39470090058245,46.547472939830435,45.13487215397472,1676.9592497398332,0,1
55.77531266739928,151.54500122159126,68.86386606955588,26.384186781090534,3850.3391201543027,1,0
32.819354537865884,88.80783675656431,58.91895554250607,34.10903605397007,2770.8122296569127,1,0
82.95111661685223,103.08139523980046,37.86073108254729,48.61408781077209,2616.564269113798,1,0
150.3222939453051,435.57372998401894,76.70225335608194,42.6952713930903,1745.6028170579157,1,1
1.115662396212134,141.79321153663236,22.834860277550263,8.05348123125452,1859.5231602803221,1,0
202.3385347464919,225.66102486656422,48.15668378357047,33.65430032234737,0.0,1,1
4.503464512965211,45.70875673991591,69.33834802150936,27.48552711767454,2262.510580763997,2,0
84.20451143894019,250.1063358055103,35.53853790175711,46.69501048708021,920.6594304241843,0,1
16.448455459329534,135.41523755390912,56.19111293534303,45.46564108173992,798.2726534041129,0,0
7.088528236200342,152.23980446059184,60.866791939980956,49.77911742267067,1176.7430469513924,0,0
28.978037112440358,87.17459951897672,32.78952264037522,13.231584919196887,1142.995510548985,1,0
51.63512938618986,177.68107235241013,48.5504456081193,18.23832698915642,782.3644080283376,1,0
23.97861072654757,72.83508904683276,46.869923395815796,46.71123654203158,1513.8720721759762,1,0
2.8055285894074267,26.537752762169426,38.96524296335414,21.125312769863314,941.7224037919468,0,0
45.74722438072682,145.8986047663946,96.0334970410155,7.1785052862853895,1600.322955756146,3,1
116.34556764170989,489.3737526734857,34.737872931090486,37.98894731421098,12.822185449967037,2,1
24.161768470458902,61.35527186495282,70.09860588135766,21.791723396010408,1285.9422293679827,0,0
12.188540500236044,73.9868699476684,42.14397966237716,56.84686155462601,403.7044103137489,2,1
29.221576118598264,141.30778645460035,28.267276222294363,34.44276830982695,858.5506815021339,0,0
2.478565789507593,80.45943467412724,52.056284863101375,32.403889299624986,1643.3988430335305,2,0
85.87554531024689,271.2993459231225,62.98186768775001,24.461341625763644,0.0,0,0
87.53302920593066,230.97344160460696,68.41019150131358,53.86253000890457,677.5926227278627,2,1
44.33665272312192,50.34320844571436,81.24530221310138,35.378316898347315,2068.964384836334,2,1
21.778401088064513,666.8895712349416,100.0,23.872507227656904,86.82215813419907,2,1
80.41776604383907,220.01283086731945,55.01028407511194,18.088744400918294,3277.8671402788077,0,0
40.44889644718621,239.88787006923707,36.73815652349224,28.89790418153673,2704.4079561306467,1,0
87.41555120494631,192.7405539658616,59.05748653589782,15.335297442677916,1005.4729155477208,1,0
49.91013744319404,243.9025372620547,44.67574099187017,45.43316162518416,712.7903122149366,4,1
76.71779131143475,88.63928202043215,68.51932259704459,2.874869189636488,1701.9399033354819,0,0
45.63523262969475,88.36610314696019,24.056714072685565,27.907289575003936,52.537742972840306,2,0
26.73381245644393,235.821231951898,97.36669084800874,39.15200317631901,0.0,1,1
158.4398720715974,180.96134294803855,67.12096189551025,35.13179130164485,1040.6648759474335,2,1
38.947654208016466,47.09492117906177,16.319919644076705,19.24075540476497,1365.9512334978087,2,0
46.454808449092475,201.6278283718912,35.819421953700555,39.903880600598235,1594.4272243535302,1,0
12.45433667705362,192.9303918865396,66.32162088227878,16.709409174211387,885.2593838821156,2,0
49.12830995511572,66.87988844157302,73.52688112342909,29.664230152547848,2773.9467294749475,1,0
42.385789825193626,235.03791129025362,24.555247455360735,39.777623579705335,4.860341516116478,1,0
10.218445033475797,126.29949467224216,64.26051700865898,36.9436916923967,361.73786504190116,1,0
3.071812101437328,76.48595676336798,11.053202546761533,19.87441482870798,1986.6359561448114,0,0
46.362442632842104,223.705407455066,48.21328269057908,47.962417748465455,338.35261436285873,1,1
72.13101899608107,126.47438046870928,72.24093684206413,31.30041857228301,299.67954780268315,1,1
37.05402953920459,58.62043334135307,38.96968539794039,41.14493116408727,1623.3547922071637,1,0
12.859106393845702,46.38577747528495,19.86155401723973,52.93651510009871,446.4773796839686,2,0
54.908915646415466,125.26180778736759,52.924295927551185,46.762808231619104,1366.9155720793128,2,1
4.174826788535746,79.96063421409445,37.90562266729044,46.801941094965656,800.1434403422434,0,0
29.154917046590196,192.9287932867739,62.59116732131672,32.890198947742086,638.3362966272604,1,1
8.91847432997235,165.62948690190962,32.29347135563879,41.90902681365765,0.0,2,0
10.195182244455602,97.27114025958969,34.547262206937994,33.20394861846474,1639.5631528213373,0,0
11.300755336683302,163.07120539454607,9.579953582475127,11.860132983323798,252.81000788707115,0,0
24.4456286545864,45.736917290525994,53.39889422102966,34.54115688757564,1331.7577964694804,3,0
2.6252385343511717,7.761360529405038,46.78190123446802,33.845414756076984,987.895101651435,1,0
25.357738557287963,232.2148802784568,26.232306585198582,38.75594042282729,1293.4919413001167,2,0
35.84202795680434,43.6981453497878,53.87597427534184,28.080045371799073,1350.3246259867392,0,0
33.01408915541284,61.341725639604434,70.54140601288279,18.57816664854224,1693.6282509182633,1,0
24.126819898719315,142.9757984999189,45.688641131621004,39.84759124762841,772.2406985085572,0,0
91.3630968994574,144.0328449633545,55.363338996439474,10.300915691216279,2742.6964792733684,1,0
7.851798973052822,216.8526929527693,55.466224991703285,51.882287037847036,0.0,0,1
35.23030355778842,70.60961284160396,25.91340345642079,26.528729081925114,1273.4088814727709,0,0
3.2024742744328525,4.396711653425386,91.13171641415192,33.68292258084252,2336.2309764108672,1,0
3.690706552196081,39.45190777445618,40.58300339755432,38.37837229922358,1976.7725530026037,1,0
42.650053771212455,128.9428360144172,63.122324037205416,38.860320672662866,525.164423471403,0,0
41.73765997207439,88.88827578431238,65.384305544581,8.865235500723976,691.7545070119762,0,0
105.2004483715477,181.7448751014261,47.208097457684964,42.36129870816396,493.20744067339615,1,1
40.80798180319574,250.0388741210207,62.135900501192694,34.5473074256441,2099.2276306643894,1,1
160.68324676437612,404.27781590527024,54.91638443632778,20.471079231620866,760.0762714844915,1,1
2.496019672895963,33.41711134621185,21.647204855451882,18.754995735811292,1755.12308812345,2,0
5.15746393341898,67.1732494979953,43.35454597499823,24.989203769147316,1764.301414075955,0,0
2.2533130580002525,81.91404453147331,37.74898195291876,10.51887470084262,3868.393468235372,1,0
10.245345855551026,308.0590576511603,40.76509917307746,55.834010864805386,1813.2512598017036,0,1
38.96468595696304,697.3377889353036,23.919936443267243,52.29226987715016,688.8559852495365,1,1
51.86252842440848,78.70372225758483,72.5286743349206,36.775503014639085,39.84973793360086,1,1
2.332842856698219,132.15381837481712,82.03985309226826,26.649023754868637,1224.1472853622545,1,0
145.9116150367144,193.39812771387733,69.56005951996818,27.04338018093907,1380.9141575726815,1,1
92.31037408879371,93.12449879754526,75.41058448294285,41.37098559260952,0.0,0,1
17.592365228022988,18.521924518133897,43.107303259836875,56.36740349252926,786.1458397069867,0,0
4.016461989930947,65.7399471181555,37.27486330027927,21.444048906048852,1797.352542827553,0,0
9.309676554186964,76.31817604804732,34.428259063765765,13.236209360650136,967.6443297338252,0,0
6.787802624741864,9.070631675445732,62.88129845914445,53.214611603929065,2468.6237857058372,0,0
6.578595928071696,122.71061793164888,54.541261062882995,3.192921186233228,0.0,1,0
36.548858681878635,71.36334280287653,48.455565768031484,14.872037876210305,2176.882820153217,2,0
14.108030026485471,96.18179307878526,75.90297088390686,26.297131612337207,2413.889741525953,3,0
22.169231298440145,57.968108127738596,58.09882707630686,6.593497982924532,2456.4964758415363,0,0
227.84440461143086,246.13269382706514,33.2268472495883,46.68223594209897,0.0,1,1
57.65040094108894,109.93579147832077,36.38182341728611,42.853579057576496,1814.5527958573844,0,0
148.77753202898802,175.20968732249847,63.639865985082906,21.378101591770243,831.2458814784851,0,0
7.6900027754225535,84.21899860922699,70.83465705309195,49.19421178766622,93.85755801709888,1,0
24.074626721351443,46.24265524819536,61.03360464511939,51.73938642605739,1086.1322750262916,1,0
40.45392445534944,111.46413034535115,87.93777495744163,28.302440275649047,595.0220080991907,1,0
3.993197868156231,21.116940983108254,82.70014331462838,23.23997733647989,2420.7504681638698,0,0
0.20981177611591675,111.37187780684623,58.82071669701526,63.89403041613717,2013.0633430135692,4,1
55.49898272229316,195.71602870728398,33.228386810369955,40.81742733126232,347.5555318911322,1,0
51.335913830304,63.03360125260651,23.800249765364647,33.8448697945328,775.778686169071,1,0
26.44853013599927,89.52257540097494,42.252365099705706,50.45318919959419,1119.3025743833764,0,0
33.6323453271286,40.983189819032155,65.06426892832314,34.52895952504532,1427.5948526821028,1,0
26.84504922951864,118.02076303087948,86.53294158623876,22.415691211212174,2506.3782748037806,1,0
1.2148930740427533,31.922355976319963,58.348940688216,31.2023964073133,2190.782326480633,1,0
20.426360042939258,95.42445678906358,73.37445588462472,45.57981430979603,1551.39196897484,0,0
9.744951455235421,82.6143066454132,45.093850276243955,0.1172165047617959,1239.351150105078,2,0
5.180557284981379,263.3500864587044,62.455382504551004,25.679538908411686,0.0,2,0
157.00373348319917,236.65098203162296,66.46713658954346,50.745860978724075,2791.9976261260563,1,1
45.7345662107091,133.20110735376375,10.408114482949436,22.321973983597236,1052.9034021343427,1,0
65.2184468947754,116.57691048972376,41.7312239524698,53.191628406471146,3054.840240426257,0,0
18.943379691203738,316.69255092820106,68.99400768555739,51.22115729039719,1696.1092921318354,1,1
24.973445263356513,175.115198247261,55.4893667127313,29.01706326766573,3525.2842086214446,1,0
13.51988189223256,47.12385555091417,26.06969903698134,21.47191042666499,2106.321533366316,3,0
5.099735481909057,191.02410284206272,1.3975524854528771,25.689616887755484,67.98036877912114,0,0
9.863535276191765,66.49672738379422,42.684385093959875,69.96921738002152,885.5845197387878,1,1
79.85423771649214,256.268946263388,48.56828614212242,58.11636670399866,1330.865039328035,2,1
56.58970922056745,229.68704559609643,32.32154100343309,31.880864577101075,626.217112891676,0,0
39.585307958439074,60.518025161642385,52.86169874055989,20.87769672569386,1122.9391828179557,2,0
32.226410872873565,153.00479370689047,60.127734944657895,31.75561553371895,133.06084141789074,1,0
127.83148745537638,162.17111843679862,63.41374341452466,33.65740389925147,1505.7212810991225,2,1
3.775791477930543,39.085735843383944,2.881621501353557,11.349618935859692,1737.41194901094,0,0
16.46694390801953,51.6140911561003,23.714298043837594,31.200619038228904,495.8905927938813,0,0
21.534365538578975,150.83963293213623,43.907547032905285,49.83606487217595,3440.254293481912,1,0
76.26076966689729,102.37465665694509,61.44346262074927,3.0096497817528984,1563.513261280459,0,0
244.74017579172465,244.8308003680009,59.78468027100071,42.398759477058725,683.2591338770881,3,1
13.765974568914324,139.37572547798172,59.43739895753352,50.621969550821696,0.0,2,1
103.69577557225978,122.47157558340936,42.331641160621366,21.59163982358448,1559.9428893971685,2,0
88.78134324463295,99.81668310565423,43.44733125380078,55.41263637286585,1239.511467186647,0,1
12.722513987642767,39.839905236319005,35.433414631565185,19.64494406327482,2283.040907286443,0,0
25.485693782618824,73.27323037729639,65.36388256211696,36.61623992790606,1356.629735028032,1,0
26.353921845581684,90.96240647292359,31.590224245208436,25.398409730045543,306.28121773127305,1,0
191.33969282322005,195.89907489027615,67.0007279037914,25.395054642560947,3170.718296177581,0,1
9.9769607645218,362.56235699160067,54.157064762752924,20.740513953629318,1935.6248795071856,1,0
80.26183029095837,206.16213874633507,49.09911043089693,40.47863221293029,1245.8912884016413,0,1
20.337750546744758,59.37482074671985,36.86579200447067,42.732081865971736,1664.6385314497384,0,0
65.62810147679964,104.00295302709924,22.889162776717473,29.03366700634217,1974.041956561658,0,0
27.23730742726084,86.75636696109251,37.046944872439084,9.600476794915888,71.143386106565,0,0
43.18014238904101,141.59557261245487,43.39986262750227,36.047552499515845,1657.6942199628102,0,0
89.37197269513216,105.19807537128669,2.619513768374972,36.33021539116041,1049.8765267061085,1,0
81.5242848016774,102.46435337982143,46.052896893306716,26.74927482920359,2007.2999856297515,0,0
100.65392812131746,296.8621577172593,68.48714736052011,58.00846930771213,759.8180753937218,2,1
3.0734192931961086,32.67911354312288,61.344358108677454,6.5410610264901905,895.2981449029174,0,0
58.890982136291136,106.7260184638644,40.07588248516985,0.0,3162.8710985640573,1,0
7.540410580589977,212.54565757650153,50.93872596830455,19.037476504534936,2730.912090882136,0,0
26.877183660043197,135.68829443784117,38.876708611560005,40.65636801137174,0.0,0,0
39.76878752250783,81.58004453795546,52.975214666713924,14.162330438492388,2656.7619824643116,2,0
25.770094340727695,140.8763655862025,80.80215647488063,15.28543622210887,1426.347973742243,0,0
36.65802467038247,38.645975664444116,69.36997605249752,44.26532004267232,791.8179371009882,0,0
283.1268751802723,416.17222823128395,60.41588611385505,36.93821884196625,492.82526429234986,2,1
7.263851666978774,74.01492190328564,40.142301752325636,35.655913644426,550.8823717200116,1,0
56.26671492511433,224.02883357228546,64.99876785889677,41.721433791982925,820.0640552415848,1,1
25.209134051239314,334.5164197888888,16.26246097253894,23.622105700906737,372.86741631815653,1,0
7.136380217502092,267.22006234096386,44.95293036018219,24.31523888912713,145.40033892735778,1,0
8.642533183682657,248.62379195179824,61.674228396478995,42.146689088421375,459.61984915608923,1,1
149.06495301094168,220.8437734254938,64.80842428095502,9.826698288282007,1823.3938550656871,0,0
105.84740886727491,150.49832693007528,63.39768980431482,0.0,1550.090148570797,1,0
118.78035374513888,181.33580992514007,55.89661378419389,23.500737395582185,2055.8564515518565,1,0
238.57762743172563,355.6623838896041,46.08550041832234,43.963099335985376,1433.6301607899456,0,1
11.679609309297986,227.0942016248834,60.759519396529775,33.83339548480205,193.32066935520834,2,1
21.959316873494192,45.15079538481933,30.942779188273988,42.859372561845234,1994.440923493606,0,0
55.31494222334932,305.6543823716847,33.106454734135,0.0,495.31072112508514,2,0
33.06329560065953,201.90071116421086,51.234693529205934,34.73245212485237,2146.614301988934,3,1
27.097717833508668,412.7376997866166,53.46395285417495,39.807967569635665,334.07999704303916,1,1
22.14365071763801,234.380035817494,13.487696428707075,9.738038660839731,812.5233735964746,0,0
45.04309749440004,77.88480036094057,59.10292761899037,42.93086385819817,1138.608359432085,0,0
42.853169423962356,54.05318830942798,65.45456755838786,28.327216552413105,2174.4048010569486,1,0
8.804520582092211,20.710025613557278,48.45429525067409,76.07005052409002,1675.9972521273949,2,1
31.908319232787974,66.32979712317015,97.48932566567984,0.0,1520.0013221509244,0,0
40.312633474358876,135.55203264418975,36.34129787369628,50.53671551512126,3385.6687850553053,1,0
42.231879620659015,205.35950697331248,42.77825673226261,24.087628552108892,0.0,1,0
11.792901497912002,241.30451401025283,42.09866187745581,5.7427242833993475,461.6223572994488,1,0
67.79240778292903,165.54345357900803,48.47624777417965,22.09567284652512,418.8115219610088,0,0
1.276101432619636,1.8408242694564358,43.42550374067418,34.16218862006199,0.0,0,0
21.912215353974535,42.530630260405815,21.863789107902566,45.56200004347565,780.4804871139726,0,0
75.75473921632272,86.26037361452461,39.069034075270494,55.829464321982634,2187.769163796706,1,1
41.49337359383612,86.6428869925881,48.04758608451848,51.32839633056514,908.3526014842485,0,0
15.133859130711894,84.71914160910049,74.57144164123994,15.519269689432583,1166.9970280136904,0,0
59.36449035572362,63.801190187097475,94.04486546745827,46.95247038399175,0.0,2,1
41.89604160774717,84.74044936872112,76.70947795701309,35.86927435681311,703.4744248396527,0,0
79.5415081360898,99.28661233497462,34.49241940654787,20.18095468606518,1038.301284412416,2,0
66.4060249869231,170.55462629472962,36.08380778747669,26.821341097837784,2142.400422547114,1,0
47.09426506615993,109.50720494502914,46.81342844981298,19.352360108329144,0.0,3,0
33.48888681300812,101.8714919572283,85.69117777707172,30.556385129046838,1044.9912542788618,0,0
7.146319423761691,62.95407948485162,46.69151895636213,19.055131765588197,2586.8180300688905,4,0
15.145404636634513,327.5467757400582,23.449850189251386,14.580088901738414,1054.916714376736,1,0
27.158787331419077,51.332207120001414,39.9764572609393,37.18678691674158,0.0,1,0
45.72702409857454,118.4313993600407,65.14112003638834,39.43095822389456,2779.1757773481913,1,1
36.04728573631553,169.2344824625821,63.79880553792174,27.18604499862582,2234.896942538333,0,0
16.996828341644225,98.38026421280381,45.99566667016688,50.514769559039586,2369.3971750787905,0,0
0.3242671116690151,264.8612281357897,63.66829347120061,26.093541202573302,0.0,1,0
34.28268851098677,81.75911974721389,4.536555949063363,25.458381823116923,3012.455725847214,0,0
16.81743141240915,79.11907749019873,52.07658470065395,39.90733473518546,726.7239148888021,1,0
66.3274216899862,75.59623839222411,67.21370842737261,28.013616225849947,990.561055779769,1,0
1.211881900462518,95.11642644795013,33.3427344969093,31.271965935392153,797.2228340079964,0,0
43.95309661438341,77.95060865324976,33.27322927007424,0.0,2446.937181955207,2,0
141.91441185867114,159.38654776100387,12.671036944730496,30.250610771069624,1320.2016474947045,2,0
9.582805450842118,88.2256319270173,81.79791189621389,2.592060937931098,1981.7410325876258,1,0
31.89976861234839,107.8947844980417,35.596920459568665,11.68574143501694,1575.901022884368,1,0
4.7937265009403305,12.684156557365819,54.820865557242236,9.970161918667426,1404.9579963070794,0,0
49.13246705322381,168.93666089133302,62.07834082966749,14.361252696992608,553.2159362538038,1,0
39.98449535949602,137.7405396727338,80.24135898282907,21.767192105516205,3312.1405873077656,1,0
26.158873418563346,47.10972696943441,46.922044520287294,22.70261076681772,36.60637149477088,2,0
36.842104634789955,100.22335890530329,39.211404124431624,39.96412806385688,1912.2539740346845,1,0
113.44526322154411,240.85722466972499,53.46135297141107,33.33581721202046,1876.6565921072788,0,1
10.926106223277317,86.30838145572925,75.68160553084574,1.4838835677302136,2654.3562861524256,2,0
1.1411492965000414,51.47470312260704,46.596549371984324,31.249419563202117,2888.0900323792785,0,0
98.90380829046353,137.814539929789,30.90261836831847,34.77382869875141,1362.6114005832242,0,0
43.03299643822845,137.29489290198887,19.184843833692753,25.07150225620563,2030.3943059247526,1,0
110.66394298015024,390.53043736652745,25.574052307895492,29.08671034639946,3264.8737104525094,1,1
45.43414021101691,156.8305449761746,67.2878299481333,32.85465188095585,1434.8232330777478,0,0
83.0789704168021,90.84765845889814,43.58751047386377,41.4689939645337,433.5665249348235,1,0
28.07730177683868,89.8228431791863,37.84958180158579,6.376800188058979,1115.5318873005785,1,0
69.28671215841588,290.7662346205726,35.680655536321154,26.335244420405264,195.3540013855329,0,0
122.11619524350301,132.0388459428482,51.70091720400364,52.62504147086594,1871.8168109947226,3,1
42.44597115474032,492.30841768895607,45.21089812468833,51.24991962446934,2564.456208140635,0,1
9.970444905313677,307.69956815630843,44.53735712561495,42.7640539166367,1378.9585079324615,3,1
15.653249856366386,23.804029975345976,76.98647855621479,38.05237025933514,0.0,0,0
11.072535305364733,281.99760812435323,80.76032563723267,54.81952122603133,2521.6508350576773,2,1
14.175009940727593,59.294389245708366,17.79956654182007,58.76772002409999,0.0,1,0
18.29410639573687,204.5396642703931,56.55185462285915,28.063800179297214,0.0,0,0
40.499084320383446,94.69345473283303,34.46275802757216,15.458513350675197,1321.6616125052813,4,0
44.335580650181875,102.4702455756321,45.03497772277813,25.945615235632573,1751.785245675499,1,0
27.79984508418544,128.37848000886177,56.18556770253389,76.4504327065808,1922.2474987583541,1,1
47.78027384912371,196.71377272955297,45.74560166138161,6.459654859122086,1433.8604479535265,1,0
4.25474757685511,7.692067411574503,54.60919761255266,22.94191290705874,3260.0437651348575,0,0
4.5941559826507525,94.52670082305872,63.459404120638354,8.80963271261053,1565.1683410832018,0,0
9.426809002664525,30.096389283475467,55.8915360108064,31.87145794316078,2534.668101752936,1,0
36.49859810873943,78.95567217796966,37.06327391664753,11.959634566576987,2286.954564094698,2,0
12.03958582359604,54.80585184020488,37.416007860593524,28.368734657495732,207.1262677954703,0,0
16.65380873313557,79.96449865965934,21.205894067639292,0.7485725997186137,1330.2695127144787,1,0
25.56735766802837,66.23440287379496,32.921594049585636,39.26430997626976,3623.320513281019,0,0
83.53007316259138,94.88738994810876,89.24136723797056,48.33517884701962,995.6491460597426,1,1
0.6979556282118813,16.436900353864566,34.159928518095114,24.240845669048113,825.3794756433093,1,0
52.402444913502556,55.80342675966173,26.132423751123603,27.97304989386447,1670.5755814770223,0,0
55.2631977577511,118.79803328034887,56.39855723689547,27.548891539030315,1031.4800707399481,1,0
80.13696500504555,389.0263699647477,47.7927048141628,32.71366012837538,706.2954204977615,0,1
134.96909824771478,147.26218722310983,46.08813526301549,29.427456195503577,1016.7166057024133,1,1
1.0171689702263214,293.3852975301934,78.1809193282418,41.52175428646041,2932.0096713686253,1,1
8.349014240557615,140.53516682177968,60.982533511167304,48.495587001764186,1363.3813085224276,1,0
108.65302700153757,210.12577724576514,39.400141365930494,17.78893166261726,171.92496724528814,2,0
30.672324616451736,134.31434512753407,41.5104816481644,25.360072608385547,0.0,1,0
41.57343152448335,216.86249508928213,39.9482697218863,43.52429173387117,3706.8049320544696,4,1
54.38765375510782,65.69555021462939,67.49479243160513,8.674964279114516,1276.6656305658976,2,0
56.82608340109486,127.09621575192499,43.83704741093725,0.43918077231645114,1934.5785009654182,1,0
134.221862202735,253.65419270845388,14.136929950916993,33.39473929347718,728.6227736603907,3,1
289.6211347018033,378.00843698277504,49.03360642531312,37.445196166057386,1820.9859692714158,1,1
63.6764097232243,242.52035100916493,19.25947997744142,19.165497180696114,2959.3296516015316,0,0
16.929207902268363,24.430845797286814,93.68461203509804,21.320234188193172,847.7368162562452,0,0
105.91011738477792,223.25481339565863,30.68664172305538,18.597115173886518,1958.5867799485827,0,0
2.5236770260244765,78.88659241507061,46.76270469284539,16.996121409833485,94.253724109612,2,0
13.13847276415242,60.80679984722485,55.16405469402274,40.402437309069,3522.866118366792,0,0
113.83890749635238,155.43212454921766,44.2268367864154,12.29252269503542,1768.5359302445747,0,0
14.798584458301168,111.77634137813574,44.199391970676146,26.017157078499768,1087.206155647708,0,0
12.464819983522059,234.10131630322442,58.43654572321754,16.419957487277212,1202.125876713836,1,0
7.432268527692113,75.98508168476508,80.52431917592557,8.170665361481767,989.9618254856646,0,0
97.98941551541256,272.1282790569035,65.35018163634595,43.052672621201566,1041.0948358765067,1,1
34.66318528654564,86.10579201964475,79.57027757147085,22.20262166739692,0.0,2,0
56.1800772322153,66.98253476524532,29.067617838129962,32.82660120631135,1402.0342679032444,2,0
13.660457880636798,20.008311414997593,56.34725266510723,7.378861802984847,1360.1213193942876,0,0
70.94922978741559,76.21911810322776,53.10492104116558,18.870908193652863,1988.6615372604772,1,0
71.35697299578956,119.18477246752948,57.0218258335347,41.34131821042509,976.8562535584736,1,0
18.74180206459728,59.87569722998459,77.52463941271145,68.80907183767965,728.9636858589776,0,1
26.439520851583854,153.0020121004828,45.584217004158916,0.3567590341453233,1492.2250555470248,3,0
11.766517823414587,147.56500670443742,41.88993266891825,26.983383070658604,0.0,3,0
187.66774861734075,192.88700993887693,60.67961594837328,36.1842089721525,1643.4231875345843,2,1
51.866816594358156,76.85706437817011,14.43594544868305,20.758497701410747,0.0,2,0
136.31876477177028,168.37536520839691,45.26295901755643,42.742829804911864,2620.8186488307956,1,1
18.076158425404138,97.39766094927609,47.31604621429094,16.999009940095306,2184.269955660775,4,0
76.13799711270445,91.74669522677681,31.592827673861493,32.30771490324962,573.8141235759867,2,0
72.59151300241359,86.97176267657842,71.14118022713154,22.168921432524602,2161.1380133380367,0,0
58.826905354990764,346.69098942466377,28.755193653134317,48.29146624432158,1611.5142242538811,1,1
168.54161794382892,331.6092576737527,47.282539032724074,19.854532454465918,490.9897689151401,2,1
25.00708965940357,44.932081550434575,55.86314450645936,24.72189305570226,0.0,1,0
7.004345865100578,59.187578100438536,77.06903122952237,44.185335562457325,1816.4356834264522,1,0
55.69272200237665,99.63969874192418,49.78887130238294,14.579420113607046,705.7181528649652,2,0
65.33901436091264,221.88306639523663,68.72307188256421,31.031250851453585,2594.96956969608,1,1
42.79043230004657,114.16888287353291,64.01190794554255,2.6619848447009744,1514.0337338818513,1,0
11.585122037602504,25.264477033294124,52.46915112338285,13.680998120563878,800.417303502683,0,0
35.1049506125729,169.42539688844778,28.209731834530892,35.731969138362054,3297.8387330904716,0,0
18.712112949002623,69.27734549108186,21.30838278191302,15.139537356956515,2076.446492603005,0,0
27.884203958921567,58.39066469043699,52.13010802838373,21.831406022643126,0.0,1,0
51.81266928682797,98.89284357551453,39.14606252194773,37.396296030719064,1013.6082312091336,1,0
68.36671084061066,137.2337452184558,68.38522183362583,21.312207882796045,115.9110079875768,3,1
13.212907745905905,55.2376177490046,64.91713036197154,42.34263109824537,700.2020622796914,1,0
25.987042380817098,53.68180143088911,46.30778011125901,33.23494181229096,1355.267601081464,1,0
15.678143550541638,66.5113551986206,26.845741521174613,36.535246678867544,1854.0485085875462,1,0
11.07172649255106,13.00763595617404,60.21471099214547,48.61448398107798,1761.3657421135738,0,0
76.48219716832733,224.54175446107135,29.641011077296994,34.797345939210985,2577.8730765648024,2,1
119.98382485218566,138.73069011974803,34.8307215413827,53.08270935704016,2136.598377508667,1,1
23.120203811650065,27.609963248759367,30.41168523569691,43.66893424556736,2074.746929125505,2,0
69.57115942969321,175.61576474194828,47.229979561200935,22.14821355248315,1701.4923231332743,1,0
113.64902787360889,262.34279825498106,73.40384668141124,49.39722112531907,2786.7988527259013,1,1
93.5804781949586,261.6895161566452,49.899182595529425,33.95799031354418,1183.7234568090826,2,1
10.094389980158063,78.11929848952562,41.13562615144609,24.07980437009245,1209.6967312648094,1,0
156.51107082044257,179.49871052041277,19.487701399095116,34.17578542981324,0.0,1,1
23.634476887895328,157.28120835769988,61.04249169459686,46.684902365853944,2556.1640438100358,2,1
20.718279596100068,141.01996478695395,34.39190788142745,36.825676413633325,1423.0742442208455,0,0
3.2232636458293316,31.495467570862672,52.35035238316193,57.335892488270964,4433.605706171273,2,0
33.29349595318489,267.0191788953513,42.91562768166719,46.29795836848233,1094.467308237542,1,1
5.771306646551917,16.794259218534002,66.76354439198875,37.84740050103244,1588.5781294167352,0,0
14.286852989288443,419.9237745916566,46.85527215942896,14.608978758882635,2046.5049536084136,1,0
19.058820690720644,215.84727101304046,48.82147290953897,27.30401228984819,398.100027011287,2,0
82.72864815043216,199.17137711969548,59.714942949109194,31.07496209626277,1858.5477138792276,2,1
104.16792028767937,383.4468808433029,92.13880364526372,40.449472518266205,1534.6614320571853,1,1
18.010223803736896,146.13563407416578,67.7689386071711,39.55999561908289,1196.3118103231623,2,1
97.8428346581652,118.97137309788062,48.227877873027815,32.543106153274294,2672.603958743007,0,0
97.32634503980556,155.69396235615494,50.06395981230577,31.805248730657567,596.2512820893443,0,0
72.33427746598923,79.75309300776597,39.50281079351131,40.806853426141046,1774.9021130822216,1,0
7.9319183734430405,57.30540603826805,31.000085929606097,17.121206615550214,2954.6642913850455,1,0
58.61124828976646,193.93706763291473,38.94498425867356,55.432737288747845,793.3782440437016,0,1
145.0429863662897,193.89125452358343,34.55702072576115,0.0,1203.114017307701,0,0
57.370248047861594,97.46192113571459,63.06736767591771,51.83114223258043,3845.3045634718283,0,0
20.144684534963282,110.6193770366522,28.57610284262028,29.322217073622568,1974.391065156057,1,0
34.7153243578947,240.4477419421614,76.66421122760089,45.038697214073906,993.8025233573824,0,1
51.884097681837794,56.759349386988966,65.0409276723766,35.45760651438919,2302.624760078478,0,0
35.725733270672215,84.4155571065108,50.41003458735337,35.190516163662025,931.9064484089741,0,0
6.388994881696099,23.615117108393317,50.00637222930137,38.313817140397816,0.0,0,0
18.702976676938576,137.5635421991616,38.85437380770893,42.13581433631668,2872.36394526517,5,1
81.07452027894016,92.24866560987013,55.40168822695528,25.0675376011914,396.9407358689855,2,0
98.81467017064018,208.11977584709345,71.76184926417179,45.521986957893546,3951.7126249972907,0,1
7.384415541095351,41.09698245897982,35.93687075488373,13.732940646318248,1010.6676245377944,3,0
152.23221227574538,174.41126070513786,19.33215822162539,29.92004140010813,3633.2646815618555,2,1
19.93609110129775,295.3757051580558,64.06436509713488,42.53954886408415,131.32893147994218,2,1
54.281901782994716,56.15173233947653,56.48731948487601,44.92526369423834,2525.493586266253,1,0
69.68108623132625,127.26680565493506,27.59602397117641,36.911832723921016,1999.7262729846502,2,0
83.55136855348373,85.73779688951765,35.33217258171764,24.099113430663966,2337.746225555152,3,0
145.70733988268427,211.79335566969155,32.817914518997185,43.450616675530554,2468.022706676261,1,1
18.765194369952113,88.2896076917543,35.50935461931502,19.959506413218698,1002.2548577188281,0,0
97.7750589072291,136.58608741889188,43.526344919176246,56.27113610623367,191.15615799700163,3,1
7.060145951758321,21.23514208473371,44.66905391438505,28.729936537505036,1449.0822696607822,0,0
61.04592989313401,108.26854565396681,36.9841268986308,6.905614586910591,1723.0302575851342,1,0
67.73546890363093,179.2898327260264,34.836723610001435,12.079747979751723,1028.1553788444953,0,0
56.61723016105115,209.12498040521524,45.42431312161237,30.65465455319381,1777.5539701598618,2,0
14.538657989522823,90.20074671369676,53.35383069719123,32.0973790698908,1829.6255311747404,0,0
103.19539952627701,192.3148280098066,43.67406927270311,59.54485027426643,589.9735534561341,2,1
9.24775888878609,31.639190106774265,73.17334046682603,14.422509935786604,1894.9712816904657,1,0
2.7563364477845607,36.63006308620413,60.16175428841573,30.59193298955896,1232.7879763053543,1,0
63.197640451824164,80.85890204332888,18.183082862826083,14.10867889376915,800.0190997966289,2,0
32.263177571104166,60.93747559208196,60.47455530827707,22.610177201798948,2287.375138223993,2,0
94.55623958741025,120.030856614143,62.110879651711656,55.259580451040065,723.0087883064557,0,1
24.17650634589187,97.45865357171166,41.305300637516176,12.954956652660137,1043.3324100952736,0,0
9.212886809469957,91.92389761843441,20.09604825393689,38.805636361017505,1572.050850186656,1,0
90.52943941290195,380.4760959477834,50.16133518822272,35.89361038521587,2874.311620654239,2,1
39.80437931239487,61.566592444759365,49.84582697035512,29.63742860462687,1692.7840777242982,2,0
10.486433748166778,113.11812025486151,27.567075269336105,37.791549347876064,2028.2883324746676,0,0
63.716902029891266,233.6855921431408,20.97561567480129,12.59969427085067,1202.3574640035038,1,0
35.78126030314907,117.93420870620248,48.24892907093121,54.84483761705336,1421.510375623659,0,0
46.356586970943916,75.79418330100425,45.33845615898356,58.87268242685282,1451.122766480406,0,1
30.89255569982458,61.34828585875925,41.65469269355213,30.7065704663897,1793.3062360170247,1,0
88.2195659983044,92.22398873249126,48.33178530506877,66.34659195920331,1204.0324269517398,0,1
88.46939419221181,124.91767545887203,27.944472523593618,24.014581026751195,2839.9998854762093,1,0
61.788453136855495,198.2823271724368,41.30358774267772,36.0064799078442,1126.8337614978582,3,1
5.569006383157989,10.437387872376265,60.66650061228695,51.4783359566177,0.0,0,0
91.27218178311617,116.02801010574694,43.000598392974226,23.114933096656358,4242.79660437002,1,0
55.58684917512197,178.08351275834997,16.56055056414896,9.276764116808426,1172.631309056248,0,0
59.70511162215987,212.33046281461847,40.546154445528565,5.824244015717191,2813.1697870913476,6,1
22.547934281565507,83.30332365141886,28.59683072986279,60.91239845853988,2904.790841959759,2,1
105.71388939487412,225.4713339759664,55.34272592923462,22.064630240418335,2445.214312250382,1,1
64.61681843451471,113.71130280763029,56.3767480676085,27.21394854872252,1301.9727804025977,2,0
5.972434847280182,23.39744612173825,16.82450749827938,13.308538825184183,1786.6848198743428,0,0
26.19368862448958,76.96830788678831,65.18025941164377,44.225089189937826,225.48979069507277,2,1
108.74494587831099,195.48734108589395,27.75627397442883,18.276602111631227,3490.1477738182757,1,0
2.4173399626215963,298.1710136357773,81.18364580964703,22.63105458508017,648.1940018173302,0,0
162.74668279520355,169.8695359618029,49.024474709987665,34.49280629124241,1246.0990372591245,1,1
56.84103637505,127.64561673595713,25.072130029216755,14.039311091316414,1598.986487040251,0,0
49.89890319927591,89.78556255767214,27.160278586146372,27.32126595728662,1392.56024516304,1,0
15.773857161300109,86.76488598171902,56.9619058357469,51.03314384254905,843.1267177066059,1,0
14.30362101447174,16.73037466536739,42.17400220203245,36.42381596275295,2894.339052054688,0,0
142.41582784253396,179.96161722731452,48.066921807637186,31.958134386425378,2450.27928348828,0,0
17.71050308678424,189.11712133781518,82.2556046539408,33.22297064195798,1822.0472043256932,0,0
74.6951582740636,155.4257276654047,36.015118715418495,24.162973560351546,1100.4469440032499,0,0
24.97135820407972,84.86102218631322,51.19925715391413,59.94228479632388,2564.2758718444707,1,1
7.4977953060421765,41.118532516281384,78.39688974746106,17.81764304198899,1035.5313672224345,0,0
0.5386559961795686,35.92690105296472,55.410269509328,33.163892429458954,3070.3918403378157,2,0
39.291348216237886,87.59641487938123,17.867945292839885,31.725383495142108,1611.2209154834277,1,0
186.02638810344442,366.55385300310843,60.10778023464273,45.131437606997025,2729.7815269727153,0,1
23.033263889338016,364.8062130162873,26.739942844331118,46.5476090819046,1386.1796738164167,1,1
22.095485961504995,79.83751281824114,78.1361505746593,29.519717932693936,1571.5331820409447,1,0
21.08670805737301,71.06750204520404,33.54264790004044,34.359997396695746,2725.4210614586664,1,0
36.75514058943361,224.19369596714256,100.0,34.928021308709226,3693.925151804445,0,1
29.050324623568603,84.72075876611818,79.34751976655356,0.0,3060.3668175048815,1,0
105.97761726074084,186.27787831572033,34.06774860744043,6.165155962833367,2377.13461937785,2,0
35.212508737789186,61.47135409522507,50.40027610003221,20.92404463917044,2089.2834329575967,1,0
35.439224238810304,171.50287428865497,65.07288563266927,21.576019854346967,993.0513097403741,0,0
7.446559281230722,83.37276152284493,65.67320948453415,12.010763670538015,1795.2297411054328,0,0
202.96684976046615,368.5331256213665,58.846725199523945,41.24373857060445,586.9508160032683,2,1
14.38229637983935,166.12868462319918,75.0431807393222,30.031776315262086,1875.782133684774,0,0
3.8097263919445443,28.0174899366958,47.54062106731261,26.779581789197444,1940.0506606935737,0,0
54.4053208021805,180.15517988494423,42.66564662847934,11.157670882389198,0.0,0,0
45.23866194801906,206.2096608680675,43.06272024150779,29.33182703632817,1538.738609191707,1,0
26.81962219677111,69.30081396697945,67.16746463944254,0.0,1914.8748990891054,0,0
27.425702509846005,46.37350640156491,57.30362080605292,27.555655337912384,1416.2901428609778,2,0
76.87073011258613,77.13429269177104,55.825673313805126,30.94775503211634,1858.0488388565707,1,0
10.889933042426637,70.83806880177703,65.90468498514363,33.62872476482248,158.27775664368596,1,0
85.81033733894641,129.26359746787477,8.978951842922896,6.538473547810799,724.1356944397412,4,0
52.31244208494754,133.26028175730983,56.201376477503004,33.37225105037212,2534.9381631639326,0,0
27.147624950379512,47.97817962412489,54.371377777474315,14.378530952031863,1500.5716656457769,1,0
30.627103853078992,226.9997798657348,83.3761616260141,17.81295251561499,1839.8789813149085,0,0
14.829226243266202,44.63684545764998,19.42824035472666,40.768970787339974,953.4788392914212,1,0
69.73938290292368,95.41324338492109,81.14373264753516,60.21170585039616,1519.4940232768563,0,1
35.961699315594636,101.49175897927222,51.50818257849332,30.7703813820402,0.0,2,0
19.345997580578913,88.43118401092687,59.7797906132009,17.743568120396517,2346.0119384207665,2,0
45.32322288144665,69.5412367609284,83.51837575218752,32.83005671264998,3307.9328389524703,1,1
272.8592315316911,304.5855254957256,61.21522536011146,44.085437362487184,434.98245078535933,0,1
28.569693369842636,47.167144138701474,58.00736578925122,39.31496348809103,559.667812490432,0,0
126.72043585554833,253.46857375228376,54.84582371604637,71.14669308695619,1940.8798982374824,0,1
21.157287674294288,168.16360141505425,40.330437300112465,19.26993646358,2973.8792905067457,3,0
2.814377083401599,64.86512662134182,49.43021750979214,33.78347219878947,1497.9026826170552,0,0
11.423014656553136,136.6297936151322,35.68974467754503,53.23376930127304,270.6819791874959,2,1
27.123997473157786,160.2801452998615,49.10866201149036,52.29238855527798,1291.3827633621268,3,1
12.399671426590302,27.281641135662973,3.2813860588980646,0.7488311021342895,470.06791968820744,1,0
0.011353199766673677,338.675806692426,58.580791351350975,29.949635699400282,831.1537071312235,1,1
123.25610569014233,295.3109021370491,47.56525492432749,52.2678114877305,1195.9589008466833,0,1
92.85632827085458,115.73269236774493,43.275925266664714,73.35964485598706,570.6754117583728,0,1
67.79645081047452,88.39621882570097,54.395161678802864,40.55693825626228,722.0942758254349,0,0
9.18500106074339,22.61372837857911,21.328721540691188,24.482050594552746,1574.5340002222435,3,0
6.412330583295656,21.306257829581,88.58539993242564,14.861952713439152,1715.03581213723,0,0
3.4999232823866624,141.3967690140823,47.944650770248,63.28115036296274,76.01966617903281,1,1
64.37300876406098,127.7956227387037,47.08311134055621,40.931123796986384,1896.3817225093371,1,1
132.11871371146208,284.8741757128857,30.692075797341552,17.278996096718735,1118.0661368686021,1,0
28.15296984773289,165.29547353691135,50.47892764898523,26.952654504993284,2220.261523552609,1,0
6.342866944466449,99.13181917358541,77.73919780546561,34.65279775243056,2280.49752068786,2,1
35.912257890014224,151.86530909509497,70.71832418864068,38.15709980832177,955.4588190449514,0,0
21.449373171720083,23.302001275664004,67.08875502281111,16.505720136813153,2114.1476940377333,2,0
23.486177371615256,60.85050791954697,60.92797903334543,20.78714372811761,663.04396030117,2,0
48.55459069381824,150.11658771869358,42.829149448747806,5.205981564405601,2823.7620628352897,3,0
63.41989784111247,64.35878699219667,20.996736659265963,45.596434344071724,700.8637991435353,0,0
5.860612365967521,9.213906433169948,45.9792245626673,24.87572299844526,1852.749608625513,3,0
1.8119501455745992,192.7905917759243,45.28257070932646,36.99482473774938,1312.39085535572,0,0
258.6309773195701,373.8401517926797,70.97588879342482,51.3338776286449,483.10548576239887,1,1
13.245718340327208,44.08451279977357,56.1878088491964,33.29805213560918,2400.915761785309,0,0
2.766678841507926,119.2299784496211,82.24623055807096,28.30544286076398,885.868191133209,0,0
10.528356423145457,167.76987019181777,73.94977080076349,32.90882215325901,0.0,4,1
1.9868503306108904,38.629697738054425,40.87008780991809,30.9479040577534,0.0,3,0
24.863470839257833,28.53374668552812,14.09741606760263,48.69247496816917,624.9553055720293,0,0
81.07597621666282,351.0531197331922,77.71150467882961,34.66257596308185,2875.9084192989735,4,1
20.870137687341686,63.20960202028317,77.18770446461488,21.83398470631631,2757.73846750366,3,0
29.36584538182011,40.62469879835229,22.675768181955476,45.717735853346255,781.401597652468,0,0
56.28685927925503,123.98607146539771,80.18480039655002,48.457265345375276,1125.5450852986207,1,1
35.55477156091545,181.85840191381106,57.642343411850355,9.925040597693048,1035.086924443977,2,0
98.8246435769033,123.88219701789816,53.21370996251306,52.99175827152158,166.56785455043155,1,1
100.50908730809611,131.91033003400025,82.29566508494655,35.470676598127284,551.1681283766569,0,1
0.4980066673638775,28.299565950942792,76.8937034646123,34.24904925219898,2481.149519400785,1,0
75.26432533147344,554.090162968661,63.02661903990408,45.099369473947725,2003.8878713794006,0,1
30.877279100668588,52.86762642108624,59.46434131623966,21.495354134935816,1773.088858529889,2,0
224.77339135588926,310.46248132856454,62.327885810607185,44.312467712863864,164.85338833914147,0,1
33.00806973811877,292.38826582881,41.99885132234948,24.34836795393217,1600.7032140339777,0,0
216.7416792160197,232.62912752896696,48.89797100535358,7.875739804344928,0.0,1,1
70.23704510181923,423.78148367576864,31.953656908109146,15.033655813395987,2342.802691260533,2,1
14.291182327326565,308.94203960888535,43.33920448522162,38.5053274935484,1758.5749007371417,0,0
38.6522843543021,254.56310514471176,42.66732242662134,15.817974900080127,154.7675479001698,1,0
242.27070263269303,266.42138060648495,37.293892607566704,54.15114184784474,3116.42555749004,2,1
97.4314046792972,197.95864299484248,52.73493005296926,47.83925180159464,0.0,0,1
5.121955677309854,148.20572988622098,43.520382985988455,50.00158749049447,2030.3061822496024,1,0
61.27208040387446,488.3415616984842,60.04469440703948,31.87167869516118,2055.171768978662,0,1
21.200264949748576,41.09705780343235,17.55358773412469,33.86792425942439,260.32956064751943,0,0
0.35033759673622306,145.6048227423865,47.732904117854005,12.094322186335837,1462.149309189883,2,0
25.832206677789117,67.20227492144718,52.631032803549914,44.93675265236236,0.0,1,0
13.377923965883424,32.69107729638487,43.78741520326239,35.69750182555628,0.0,1,0
85.42681230521889,140.1372157562323,46.55214600381537,38.5095843793839,432.1237730683413,0,0
20.573953452121447,178.48224188178756,18.29507978540285,55.324677171793226,883.3750577380032,1,1
87.87477040994844,150.3955534845833,57.129542093389844,20.91055524078735,2144.2561808107916,0,0
0.029905883575644283,77.14577284977456,62.952119651341405,28.107876751840227,1567.4080850608198,4,0
18.39540068079712,551.4672713006745,59.87074588407533,34.90006382313251,1593.5454593861461,0,1
13.798559947031105,64.73278232806254,70.77454118884366,15.968468918119399,485.57837671641505,0,0
13.30042329500564,108.8557641101956,54.03059211565004,27.186017680847403,969.9886959586134,0,0
3.5311360073131417,48.98262836014071,59.57362361301874,37.39424715700454,570.0733901308389,0,0
10.358851762558428,60.24619316896021,53.121814769137046,25.118680929407535,275.02599297019174,1,0
40.54583742748314,159.50049174590313,63.75101439184988,49.63484114593668,906.3005730127428,1,1
17.22045763737056,295.10041636854913,18.45540727735756,7.336131572745089,1574.512385096334,1,0
27.012273932976782,105.17928761777127,32.12838064043979,46.84156860350013,927.3614805757967,0,0
23.649755390741216,169.92407804065584,81.73799314066181,39.91778212224007,1176.497330575027,0,0
104.33536366477671,113.67927826267265,0.7912835580758966,21.46757118665114,2194.9148109113903,2,0
117.85153543676272,141.5704633494464,47.19644140349312,16.133871476550027,999.2455813092964,1,0
33.957970523160405,103.69992813286999,73.44549919216136,0.0,166.03336901210855,0,0
20.035517767770354,22.05698479532838,48.134786689164706,18.07237481379249,2063.453521601239,0,0
5.64727735982155,34.7968748087185,41.89977857098605,45.70764982504495,1765.8496485082844,1,0
153.31082645374593,226.16780629906827,52.588433536306006,29.158714105819886,1828.6594981723144,0,1
3.1058431806089413,4.613267775880973,42.93759639995107,47.44471320587762,2125.83865753571,0,0
17.666190945233524,48.392958201981486,50.61698985513878,20.70193394063172,1956.6415273079451,0,0
17.695809153208515,89.85681631839188,36.33237926959741,40.60659240159844,1528.7286924713042,1,0
19.31263908410264,104.44472445814624,72.17348839911449,19.237520968733676,3891.452662852093,0,0
8.973491936835556,269.00752230193115,78.46529842131322,15.516374906852416,215.0312536980457,1,0
76.43010617979017,180.09126121693447,47.332193557767546,28.393091742439857,913.5827215114417,1,0
6.533794356954463,60.10298576624179,22.270211586175137,20.02550233020005,2467.334364678167,1,0
50.38011148725333,316.80905944618075,39.5231365937321,6.857667764441814,1642.5862920955744,0,0
6.610671744528562,160.26798530447329,46.32022679794071,27.2652794892451,2257.9230340112385,2,0
3.6573406580656704,25.972810934797817,60.11077753806416,31.596531246469333,1669.7564295368713,0,0
120.0813383357463,134.1044151165235,29.83973553658644,49.025379172441006,2874.0565511599816,0,0
10.5440007358339,123.18705683144864,34.61675362715699,44.0520851569959,492.4891443667543,0,0
86.0883981039034,168.1599035576871,60.21352275717615,48.29914798849247,2842.4598894067094,0,1
39.33234583213343,195.24181931014627,68.77817664079116,40.805362475902626,2670.9964932042667,0,1
4.052722444364123,138.30154403554567,37.568119096586315,34.98919138424962,289.71088576962006,0,0
155.55512648309409,253.69447672881557,23.33565892098008,11.565826402921612,2130.665409887673,0,0
14.18192407260406,443.8194675817746,100.0,32.24808296902912,1456.9600677634105,0,1
98.17914060771102,174.4481030776558,65.66608474177427,38.95190665996221,893.4179808809362,2,1
9.244843851385582,21.247797172177364,44.659924764659365,51.86156924055654,0.0,3,1
96.18787577866014,272.3731319248415,67.3806255106168,40.2943281259772,489.18632888268326,2,1
0.6658546538187223,29.68148271143331,47.51086740571156,48.60575151908132,2208.112140184589,2,0
35.849504510877885,186.04343957830443,67.34313778200372,14.520031629521416,2313.841269260557,1,0
73.36276672151887,388.26765418713603,53.18786395552444,25.103735607778574,1289.2895194238283,0,1
136.51135311510126,255.84613608422677,51.82543796335146,36.44026070491906,2316.9851431432844,0,1
119.95597600774018,210.59748197016123,47.72836263538423,47.41429036113842,2445.2600778941373,1,1
85.63582693298919,147.32598047273612,21.052373330738202,27.821570312416206,1654.6399586263474,2,0
109.54831739603526,154.86845407342642,88.7618979878628,28.763310612762698,777.6663761497957,0,1
11.108431699845903,54.65006445852283,31.169321594645133,40.30710459004468,1941.0541128156447,2,0
16.716627069951087,117.87921233903894,22.799528473788108,13.111937592823136,1986.9847076588633,0,0
17.051929070598753,156.19191303809558,45.74280234487266,54.11106824735144,2173.9443903503097,1,1
23.66476652788393,137.1458495256919,30.770563729789867,16.81295860338473,2365.4032700022394,0,0
24.987745740289817,47.103560742320646,48.96574418879458,1.221158646610455,137.83542807877825,2,0
39.324051441745176,107.44337887482664,63.755276971235375,30.151005127838708,990.0707546342578,1,0
8.710512926934543,165.55934018089104,69.90605801058446,55.47688053563348,0.0,0,1
58.7606292773439,123.33053105576289,66.29461443243363,38.796796955004154,2246.996038355347,1,0
9.170099370718935,86.09158987580837,43.887358904286394,41.2663581450545,1287.6885520195838,2,0
18.575542843636157,166.03829772255162,50.99183655323172,30.620786434606714,1930.814070697415,1,0
34.992996094557164,143.2468053301046,58.157581017949816,27.714337540932345,24.32125180984167,0,0
79.58986178905575,132.24216723149226,14.844251521158547,6.826359456103265,2900.9808496930505,1,0
67.2517159096781,293.0250415765744,61.41169400239719,0.0,305.6608353807251,0,0
51.857192641394455,69.59860268898366,20.85401424832337,32.94408507661295,2274.5633043824587,1,0
8.466708593202988,549.2006907154133,90.80693197812978,49.68823791510339,1617.9501708925416,2,1
39.59816296030759,52.25119623416562,41.909698307166096,35.16200557242098,1310.557222473821,1,0
4.5754283539772524,6.081713188250966,46.30249645610817,39.3539929057802,1229.839893387826,1,0
23.68959392421717,244.43426958212555,34.60585801524289,53.75576318459309,861.93699068387,3,1
26.68053979617064,54.778135126744885,37.400599362886204,34.93150277161587,2795.1961769007685,1,0
2.031279828179502,132.85342456869597,95.4818713828648,28.160173495385706,1512.6128343522425,1,0
16.00944361885238,182.61840522669428,68.80739377246596,17.722127915249025,230.77846964677974,0,0
155.781527913457,351.6714154893336,19.015951097043235,60.33318844458129,1116.0397979651598,3,1
153.5579410874071,631.4416988899053,80.08425801370458,37.89821668730521,1628.3390272029383,0,1
21.718471169660152,56.538100128297046,73.86484550282863,15.845974261210037,2397.8052814453254,1,0
2.202825002621114,126.0742068371765,44.37575075423423,12.432484982981446,895.3802794827927,2,0
9.867390743107393,22.129346077193006,56.133938840596755,48.79595590393369,962.2234441954522,2,1
24.896933703682148,77.1208668987845,49.70111841157851,14.438374553875118,1523.4321271474053,1,0
147.61419659569103,335.98305132244485,89.45159808893865,57.807512362533316,2373.424819947326,0,1
7.61090612731614,53.44340260698967,34.07419622015819,0.0,131.24546440397035,1,0
72.09370327744139,161.52103871536423,52.92021219551454,51.33892796684965,2005.3546309917456,4,1
5.752730898596464,75.82499988451156,41.43709338014391,37.30342216742947,1035.937469871344,1,0
198.84828678910108,302.68043253491703,21.339191907642917,31.778916345853112,1175.5674182515133,0,1
24.032323119181658,384.83377700524153,93.83276510109974,27.368123474373558,3501.5757451297486,0,1
74.63489077781293,80.36978972485326,26.368668417951753,58.360947728910446,1303.5307754484745,2,1
20.97245267582794,106.2950129047745,54.40258374975552,40.60588287601805,2254.69375030858,1,0
49.39858527310383,248.19702954726492,15.18598787239329,16.45194586656823,2218.9138372033485,1,0
10.660656375783343,76.31956338015945,42.018589215138135,4.216350659566778,319.9760859014932,0,0
7.892434912818771,16.070635327130766,58.43937642866915,32.659458197209624,0.0,1,0
139.08279692871957,221.30350742127365,33.505320409952745,29.983932996938787,2320.9820924169107,2,1
124.8371883853331,165.19496104228324,61.736037014713105,7.2019794393673635,416.4538075514813,2,0
109.22630042230313,126.06127651298144,44.61917816223835,29.169097117764963,0.0,0,0
49.099289432611755,238.16969274094552,73.20165024797227,21.390980503886997,2526.1622148441975,1,1
82.58289084967905,156.31359668478765,77.23521826680447,30.13935102460042,480.5732662244071,3,1
3.5767838470214954,274.2964589550523,38.265104785399764,40.88885417472603,727.482524315606,0,0
20.382552919678808,184.38077280082553,51.53465718785914,52.38914921196053,3474.3731550892953,0,0
18.822249106318527,136.90381497198163,53.66908452944465,43.63333554553931,0.0,2,0
50.48137477576721,50.9851921432636,62.38698590869397,19.178388752546915,243.7139585930745,2,0
21.999549294118882,77.83031859229244,50.28763992488531,35.533726932437915,1040.3018575260794,1,0
8.038187163035273,30.038820123982696,53.80421918685684,30.94660682238036,1259.7431601655778,2,0
45.3748598556454,287.05994194921755,45.13187050409761,10.018065680536484,606.2547178823468,0,0
84.20374140282519,103.39051727742091,52.30479733944037,35.973491770384086,341.3449026770836,2,1
24.073333535811166,57.768976150315524,75.95880387070265,57.85008506876571,3009.994324431931,0,1
7.093659592899565,79.83373233514513,62.921664824237084,30.48639906280506,1762.9861241047156,1,0
10.950617157946793,41.516705732512634,64.02511278886738,6.08725980411899,2085.168744209188,0,0
13.556543794021753,37.111649154713845,64.46140648271157,30.454030066629286,1362.774823441464,2,0
17.826432945840843,109.2305905338157,46.92382444237929,11.794317015401248,1789.4549488591365,2,0
51.47228148503714,60.785783705666816,56.376540871590606,42.95408260329432,2432.9016611095903,1,0
45.93286205970264,51.92567286764633,28.29652643328511,37.872974875876935,503.7009854546652,2,0
59.54951573057114,106.11009435527458,75.37615312633915,27.43634919787885,1764.8359965179818,0,0
22.510205747250506,150.04436052491,0.0,25.03253601216268,2196.042313407891,1,0
86.86289712209756,167.78758112268014,48.2570321532915,26.8164854757668,3044.7973463842604,1,0
11.41331131411435,66.38320557512232,72.81791954300549,30.124117415134805,3447.890979801761,2,0
31.653499900349047,115.06734750000486,22.722641327413168,18.416474679876867,1569.8597969817615,3,0
80.70712848531731,126.19128172765767,57.99559835233702,9.183703784978448,2638.6389496871343,3,0
9.932221514339053,285.04835199049256,36.384671068419465,47.08048420041972,0.0,1,1
5.819001164852889,11.465972366238184,42.623934696222626,24.218985352545626,3052.282909376714,1,0
107.57221879443219,219.47151968034103,68.91881921278875,32.505646562537166,774.1163382791964,0,1
20.998210401133296,242.89861243758372,53.961138517703006,34.27922926751241,1258.9025510121091,0,0
57.58010763540457,220.48536483011688,9.312882642312744,34.83030719482821,1941.104484367021,2,0
1.283770737638887,21.622892043027207,30.47148920536803,12.392730043523638,1346.5576326844862,3,0
58.566712293826605,93.65394333087075,69.5067146977752,4.862397531722284,1696.4533795681346,1,0
18.997274431331455,145.24505347258724,58.97885436385995,21.16961212962012,3087.6929682261434,0,0
2.8677315502696183,11.671164372577568,84.96271145048568,35.935672986254296,1115.7799546540286,0,0
47.056427823716504,214.11422256508502,83.65295188026595,19.080751987885307,413.0761834994464,1,0
13.774752906947654,140.68170355485023,43.15509739706417,24.676179694511497,3313.4638572985514,1,0
24.453797115747513,155.24154966405422,100.0,61.90946120624353,2026.7642170046774,1,1
4.200656300335847,14.76353038165484,50.48959339703821,2.318641727931965,3422.238975313464,1,0
7.95935672216736,134.45930037168634,30.74662931181949,18.67449006134252,2363.629910578904,1,0
17.68947237067529,131.57608096621496,37.32720268178845,58.449061028608924,176.40560798656315,3,1
4.702321464483385,182.4421249654178,4.865497894211622,29.33101992007165,2145.3846717568813,0,0
120.85843649551245,125.10701973200253,82.14038016498563,19.410222517516342,516.0519341174454,0,0
0.3032700296193671,2.641460741587811,81.89523978087728,47.531533755166805,1507.4318024396669,0,0
33.068882825591274,79.75088902395134,29.68985122373358,30.828456547216668,1424.2855963922423,1,0
6.576524538653421,22.68596416010567,45.44231423236188,24.775374074339908,0.0,2,0
18.385284366564466,100.1168477872907,51.91215088225155,32.88553390556267,687.1895104382135,4,1
130.22476861313058,379.5374850030303,30.792938957157723,20.128367859258507,3705.1873001591,2,1
8.818637500620277,58.4911431242941,14.897959374576772,14.737634056678823,1738.3774048411644,1,0
168.82375513656626,355.22476180361895,45.79284792446177,28.296046085478775,1324.4038653370476,1,1
11.520644010807302,11.544734364086558,43.578411410815065,14.835045598859892,3312.890219940926,1,0
67.65576782451039,86.10992696443222,42.231775180224496,30.160399676947204,1103.7646899308313,1,0
39.55754838216908,42.64714254795313,54.45432125201929,35.31609851211508,1408.5796380308798,1,0
107.91502946636452,147.68662757343282,78.59039317051985,42.795906840774165,2490.80285612285,3,1
40.371060244306136,279.1740253581462,43.93814560616548,46.91887478275241,1099.2642013836503,2,1
38.23852032951791,48.43649109955786,53.40885997442726,23.913952475516226,753.4792606474988,1,0
10.874105401548078,104.11860074161304,64.53741047489872,37.49121911908604,0.0,1,0
9.089846444861461,69.1459060132015,61.082858530254974,37.38785169309534,563.5016866172386,1,0
124.13893644023844,402.9590730003812,37.71152951104316,34.91728073723976,553.9722540103869,0,1
19.86280959599893,32.932823469713995,51.92754246228072,22.808108835743123,1658.5666954686099,1,0
23.267305016637415,47.09655831921607,60.95079640338106,14.578982813038339,889.5417342722241,1,0
71.3190934446603,74.31780560736384,27.432973249784446,37.530028335998395,3658.019010857196,1,0
20.68672142609829,77.59140216385423,75.27078021593016,4.397061567104249,442.37106976519385,2,0
151.8928043359221,184.4426769180694,78.63177810428222,25.982408511475334,2900.6466868574053,1,1
66.95675611862521,270.9065065915479,35.54439489111012,0.0,1719.752955127549,0,0
45.494220136248835,138.36618866627126,53.873400366963374,9.953963649626047,2306.774035712389,1,0
106.38755849505417,201.6028594577624,62.845565133420635,16.84299092328863,2246.0195947358698,0,0
2.54392735453842,78.4535456183738,39.087716873424945,46.450863114439265,0.0,0,0
14.857180746479342,24.491789458800127,59.632276913761885,40.32162036606403,1488.4473210234428,0,0
31.277822441201366,90.15990545843833,53.26511252584331,21.690979742366366,1237.771862766168,0,0
12.872423406502643,774.0060352447842,20.641636447223984,40.94054692694626,367.0219053087326,0,1
68.11037704843596,248.4304183504099,59.18322631957116,43.31434445070595,1959.6260372158683,1,1
125.79388563121465,349.716475611925,27.997151674579285,27.590027274379178,3216.5403158774716,1,1
27.562430028113017,200.85095309356,68.78405703324094,9.234327836794648,0.0,2,0
20.937594394579033,31.812184292040026,36.575778497322226,26.881315349008286,965.5303241582791,1,0
162.92078122504407,188.72640996746884,46.774291326777096,28.531613922417954,254.23383588637716,0,1
29.426065689005444,29.73871907637183,77.4455782689315,11.513184137546613,1571.7778262376933,0,0
33.57402051931337,69.74422278566362,59.927632930576905,35.50570189394952,1174.378716850004,0,0
21.666220404518967,33.16325267298454,28.410521608509093,34.19717781453533,894.3227872428218,0,0
120.14705925810722,184.16332657337563,29.701668584018325,36.675640498412804,2189.506828329059,0,0
42.07719535815295,155.12696887233255,38.01394422752549,34.18384645751165,3136.1813010570986,1,0
71.81092170419447,279.3600929880794,57.892881667133324,40.94764552672474,4161.318651757835,3,1
83.51428752002451,221.83107891171014,57.165996298655365,27.310079581904528,760.3709515314122,3,1
20.916047719541602,299.9271352096615,33.13795390674262,33.0267766105643,0.0,1,0
28.43106479415647,33.971584821122455,26.655810287712818,24.03389573631702,2059.19643407834,0,0
94.34916819182006,95.5746299372427,55.631668101716684,21.232511765670743,3110.4847353232035,0,0
22.569328491566296,130.84463401852176,46.36279868419676,50.07374446143113,2313.6899670407283,1,0
78.97821368013676,113.1360763178493,93.14431774895475,0.0,3106.347039530311,0,0
141.5043858842527,170.7404882006122,50.73207313126158,43.15139983731396,1274.5133293978809,1,1
48.80341330162804,88.98365883743206,86.2850565540055,20.69188686831509,890.4255602268717,2,0
67.66760571219642,99.11074682287784,26.592328037913198,18.749427335353186,1615.4359074013123,0,0
81.76274405433674,153.39130749425482,18.535741208765856,33.923662260981104,1169.4468126331117,3,1
93.22929970591488,151.237661178196,27.598297349489307,7.655855814734959,2163.094021340344,1,0
25.130749329227054,96.9625931296907,73.78259562906933,17.759653920806954,2469.767778003491,1,0
2.631206829634183,114.32317538662915,85.12203179387068,17.26290530230512,2548.083664571886,0,0
25.697882107342817,74.6582088859869,34.35641092094732,26.679026127223576,2010.5926708043899,1,0
56.00552078255975,84.94823849433672,40.788679404808846,17.937934677589674,1745.8223266752996,0,0
29.9237134411888,48.09994917574967,26.620381795750006,54.01678028458903,2294.426689250848,2,0
69.10777706523328,112.10519669739091,13.767203057632258,56.955247747469315,0.0,1,0
22.07916146263214,157.48374939231348,64.36823395553259,0.0,1710.570752333942,2,0
50.357859384851785,191.70588045496714,54.46040605924326,38.164840571486046,1552.478057170451,2,1
10.315538839664775,120.24840936825007,50.20975965347751,42.87995158616362,1713.0803959715547,0,0
69.18876416211573,95.84975339241453,21.9988692567324,38.14477803586658,1412.376453745769,0,0
39.449431642658354,128.14356025715205,82.7991336365732,20.12829760362458,1931.855493461616,1,0
11.411849327172884,95.96937152654455,39.93286523901054,26.33856656762188,925.3970784659847,1,0
17.25928659983607,83.47574004243805,60.67252849632952,18.775880178334567,2629.5234294536303,0,0
69.0372311883699,148.8833312266992,20.90877189510551,23.696039532617572,1973.649777413474,1,0
32.94706987231407,100.6332474528775,46.189496207599255,11.85052456999236,1650.6858578838608,1,0
12.16931809890208,95.51520970030944,55.827489124771674,28.278167675481747,802.4834293638801,0,0
170.9749780262704,296.6792736024484,56.54150436106615,7.457974330423951,2315.316885207905,0,0
62.78524304898707,74.39685748856,53.0929708647325,26.997981686577937,1706.659698494491,1,0
157.48478650852593,295.9646354175886,59.89044984097545,11.271274663503533,744.5166064630835,1,1
27.852645215486184,42.45772003282826,27.389590879340776,33.10224542687106,1443.3384575867615,2,0
32.22740798921673,39.122552196273034,53.9474521087932,19.80870658585664,2129.0826192412396,0,0
114.11717525227878,487.41989846769087,52.275153669605544,34.35870521811806,2051.5735388198254,0,1
37.227217727180204,351.86359372615163,54.633453683901216,46.223710925471735,1987.0089678081551,2,1
61.42675205466504,67.66074416474723,51.44690434638363,53.84170404157062,1592.5313917410772,3,1
14.52917236831758,73.09368779119376,24.53574452173205,0.0,2525.8195333018966,0,0
29.59513840544568,50.20472493178298,23.644004957820528,17.48708859189326,2737.79650381161,0,0
6.5880689046928325,73.01389948902984,5.714636282308973,25.45370884331979,2237.3226156755404,2,0
11.532333715965667,188.8323328863044,66.35069019690596,36.90491727572225,912.5487251442929,0,0
0.04719302819514585,300.8515168600544,66.55315019470397,5.244682437682059,441.93828270948234,2,0
2.00283581105462,102.58408520418347,66.8710058244424,15.268613897996767,956.0602330284064,0,0
189.2338986460617,232.91487463330097,56.13579924922904,31.955358039856648,3453.656747976723,1,1
13.876930925721453,106.34087085850436,7.337615645637783,31.27332362290001,1781.6959138273535,0,0
54.429738028983145,91.82657197538721,29.465790164294678,35.66427609630139,3626.441827526385,0,0
91.34851765064849,331.94731562543654,53.40830835186224,36.65513590332174,1379.8016564125635,2,1
39.99882307589983,244.3294299176853,52.710360055835906,35.07891649673794,1241.1863295070784,2,1
8.311260055428344,90.00824568632018,45.545035736959576,32.90482974947239,1425.9434633559263,3,0
65.11906913898305,104.3935420723561,57.378344058164934,30.83609659989552,1407.8259199466966,1,0
45.84597273639555,80.57356601252718,50.233034153704914,39.97144634586544,726.3490881322757,1,0
65.69879462315672,69.09770824720364,52.41540931102723,0.0,351.1517318333231,2,0
73.42874683334661,242.61338276503625,37.218693343359675,53.16500230456852,2001.336627180863,0,1
185.27151877392393,245.1249182318646,69.64021972243181,0.0,2554.9007175973634,1,1
42.61456467891168,81.9385185255527,41.38456782639232,13.812572746432618,3944.9813006664012,0,0
20.900253745108895,84.59780169189061,23.387018339587474,26.59858805024783,1066.2870933089775,3,0
52.272236948028784,223.0534097362168,34.58001974362543,40.08919336634764,1147.344513135925,1,0
3.5447720063107564,16.853830438077054,43.030676172760394,0.0,728.7707055489826,4,0
113.84456046852655,308.7954137858949,69.88005576737693,29.578135140872483,2625.7274293735672,0,1
6.356511128522883,234.15437915830705,49.15464003130414,41.88592559123602,2314.9874547962645,1,0
19.863154680455146,313.0599005339776,46.277035620687016,44.917771740427156,623.0654181254737,0,1
84.57183384991586,135.23660227260777,25.026731504747453,19.54005512253812,597.8019130270569,0,0
45.47970749700628,69.95989895418401,65.70965179659153,25.487470695674517,2452.5147585958975,1,0
